{
   "temperature":     298.150000000000,
   "unit": "hartree",
   "energy":     -27.123139513301,
   "free energy":     -26.989177757612,
   "G(T)":       0.133961755689,
   "ZPVE":       0.171393093066,
   "number of imags":0,
   "point group": "c1",
   "gradient norm":       0.000028094207
}
