{
   "temperature":     298.150000000000,
   "unit": "hartree",
   "energy":     -23.417278739954,
   "free energy":     -23.249315687177,
   "G(T)":       0.167963052776,
   "ZPVE":       0.202250971733,
   "number of imags":0,
   "point group": "c1",
   "gradient norm":       0.000043869773
}
