{
   "temperature":     298.150000000000,
   "unit": "hartree",
   "energy":     -27.124374343980,
   "free energy":     -26.988999222017,
   "G(T)":       0.135375121964,
   "ZPVE":       0.171469880887,
   "number of imags":0,
   "point group": "c1",
   "gradient norm":       0.000104488654
}
