{
   "temperature":     298.150000000000,
   "unit": "hartree",
   "energy":     -27.122494023743,
   "free energy":     -26.989604827444,
   "G(T)":       0.132889196299,
   "ZPVE":       0.171265362294,
   "number of imags":0,
   "point group": "c1",
   "gradient norm":       0.000022144959
}
