{
   "temperature":     298.150000000000,
   "unit": "hartree",
   "energy":     -51.634835031342,
   "free energy":     -51.444025376181,
   "G(T)":       0.190809655161,
   "ZPVE":       0.236264906375,
   "number of imags":0,
   "point group": "c1",
   "gradient norm":       0.000042227267
}
