{
   "temperature":     298.150000000000,
   "unit": "hartree",
   "energy":     -20.962466370763,
   "free energy":     -20.889328214801,
   "G(T)":       0.073138155962,
   "ZPVE":       0.104960509449,
   "number of imags":0,
   "point group": "c1",
   "gradient norm":       0.000032832609
}
