{
   "temperature":     298.150000000000,
   "unit": "hartree",
   "energy":     -23.426462111478,
   "free energy":     -23.258470705584,
   "G(T)":       0.167991405895,
   "ZPVE":       0.201874231811,
   "number of imags":0,
   "point group": "c1",
   "gradient norm":       0.000031515598
}
