{
   "temperature":     298.150000000000,
   "unit": "hartree",
   "energy":     -20.873885604523,
   "free energy":     -20.757680221767,
   "G(T)":       0.116205382756,
   "ZPVE":       0.149640783831,
   "number of imags":0,
   "point group": "c1",
   "gradient norm":       0.000061689964
}
