{
   "temperature":     298.150000000000,
   "unit": "hartree",
   "energy":     -20.962466189513,
   "free energy":     -20.889268236118,
   "G(T)":       0.073197953395,
   "ZPVE":       0.104962588046,
   "number of imags":0,
   "point group": "c1",
   "gradient norm":       0.000057848711
}
