{
   "temperature":     298.150000000000,
   "unit": "hartree",
   "energy":     -27.123633534635,
   "free energy":     -26.988748120597,
   "G(T)":       0.134885414038,
   "ZPVE":       0.171614856113,
   "number of imags":0,
   "point group": "c1",
   "gradient norm":       0.000169417270
}
