{
   "temperature":     298.150000000000,
   "unit": "hartree",
   "energy":     -27.123123513962,
   "free energy":     -26.989336665160,
   "G(T)":       0.133786848802,
   "ZPVE":       0.171374863666,
   "number of imags":0,
   "point group": "c1",
   "gradient norm":       0.000047844046
}
