{
   "temperature":     298.150000000000,
   "unit": "hartree",
   "energy":     -27.122498658607,
   "free energy":     -26.990086822359,
   "G(T)":       0.132411836248,
   "ZPVE":       0.171261155002,
   "number of imags":0,
   "point group": "c1",
   "gradient norm":       0.000030344555
}
