{
   "temperature":     298.150000000000,
   "unit": "hartree",
   "energy":     -17.086829846183,
   "free energy":     -16.969677835038,
   "G(T)":       0.117152011145,
   "ZPVE":       0.147450182525,
   "number of imags":0,
   "point group": "c1",
   "gradient norm":       0.000034409213
}
