$hessian                                                                        
        0.5138100220   0.0085499402   0.0267724679  -0.1110984865  -0.0063219174
        0.0720131377   0.0046977785  -0.0004874000  -0.0056669566  -0.0001380806
       -0.0021172122  -0.0019012427  -0.0001204422  -0.0000136515   0.0002264378
       -0.0032976107  -0.0026895798  -0.0015312660  -0.0233711286  -0.0033623577
        0.0234791048  -0.0001120758   0.0007837496   0.0013641113  -0.0015262276
        0.0000456610   0.0010613661   0.0004166444  -0.0003834884   0.0003707621
        0.0000829333   0.0002145102  -0.0001253999   0.0001600318  -0.0000761134
        0.0000764288  -0.0000943917  -0.0000527390   0.0000125365  -0.0000248492
        0.0000626380  -0.0000624568  -0.0001251940  -0.0001700191   0.0000427013
        0.0002375566   0.0003233041  -0.0001551691  -0.0000631404  -0.0001698121
        0.0001144200  -0.0002639564  -0.0000882077   0.0000110455  -0.0432422383
        0.0154626207   0.0065529735  -0.2463834685  -0.0754114976  -0.0500934345
       -0.0895485902   0.0647661101  -0.0711114395   0.0011596700   0.0008346122
       -0.0020267282   0.0002070052   0.0001354648  -0.0005806167   0.0000410815
        0.0004211489  -0.0000043386  -0.0001912047  -0.0004302377   0.0001627144
       -0.0002327137   0.0002198624   0.0006209548  -0.0005824370  -0.0000494676
        0.0003195860  -0.0002346689   0.0000862957   0.0000490310  -0.0000734305
       -0.0001182909   0.0000533094  -0.0000238465   0.0000180029  -0.0000192042
       -0.0000496133   0.0000133634  -0.0000158784  -0.0000410986  -0.0000035404
       -0.0000072002   0.0000261705   0.0000082484  -0.0000017574
        0.0085499402   0.4915361141   0.0018309579  -0.0091558378  -0.0616902304
        0.0093504823   0.0014881864   0.0029673398  -0.0034576300  -0.0019127543
        0.0068517552  -0.0011649310  -0.0001223479  -0.0002069573  -0.0001574661
       -0.0030428565   0.0063625835  -0.0006136406  -0.0037513624   0.0002505986
        0.0055709064   0.0010292478  -0.0035401848   0.0002576646   0.0000445962
       -0.0000820532   0.0003471141   0.0000372092  -0.0001016228  -0.0000034797
       -0.0000284109   0.0000235261   0.0000433083  -0.0000153314  -0.0000144555
       -0.0000047007   0.0000031596   0.0000256889  -0.0000083453   0.0000214925
       -0.0000553796   0.0000451717  -0.0000003656   0.0000937061  -0.0000932055
        0.0000116212  -0.0001722232   0.0001015735  -0.0000809553   0.0000837136
       -0.0000553867   0.0000312021   0.0000492733  -0.0000095065   0.0178264827
       -0.2342639519  -0.0927986482  -0.0751997329  -0.0721927789  -0.0178168495
        0.0644368746  -0.1329056729   0.0985726146   0.0009520497  -0.0021077471
       -0.0003360009   0.0001508695  -0.0001338903  -0.0003009987   0.0003423435
       -0.0014624238   0.0000630451   0.0005422638   0.0004019072   0.0004853352
       -0.0001155262   0.0001052319   0.0000864594  -0.0019679944   0.0001786989
        0.0000181769  -0.0000422459  -0.0000092336   0.0000731549  -0.0000407139
        0.0000020910  -0.0000083679  -0.0000029052   0.0000203159  -0.0000134576
        0.0000084131   0.0000097112   0.0000022929   0.0000000942   0.0000072970
       -0.0000062793   0.0000032944  -0.0000307472   0.0000006362
        0.0267724679   0.0018309579   0.4822689043   0.0658348429   0.0064217086
       -0.1690157345   0.0127864719   0.0000180150  -0.0346775812  -0.0035131074
       -0.0016248733  -0.0021953569   0.0009102721   0.0001872236  -0.0006466433
       -0.0012444936  -0.0003249171   0.0012650619   0.0087581520   0.0022261994
       -0.0018411186  -0.0011704936  -0.0003483064  -0.0013746798   0.0002954852
       -0.0001823514   0.0003564172  -0.0004531148   0.0003248859  -0.0003355022
        0.0000081763  -0.0002191061   0.0001417240  -0.0001334871   0.0000690570
       -0.0000716949   0.0000904256   0.0000540456   0.0000021065  -0.0000008593
       -0.0000322053   0.0000260021   0.0001352642   0.0000762919  -0.0000328225
       -0.0002392182  -0.0001485756  -0.0000172627   0.0001068897   0.0000583569
        0.0000240973   0.0002110493   0.0000690399   0.0000364098   0.0085706017
       -0.0891526460  -0.0793445273  -0.0493829741  -0.0171782741  -0.0548811895
       -0.0683867634   0.0974015275  -0.1401313428   0.0017426191   0.0005944525
        0.0007945888   0.0006511210   0.0001047575  -0.0013774924   0.0000666425
        0.0000764300   0.0000736528  -0.0008754231  -0.0006103189   0.0005840126
       -0.0002420191  -0.0001875538  -0.0000700948  -0.0013002838   0.0005733882
        0.0004510657  -0.0000883805  -0.0000682587   0.0000035963   0.0000513474
        0.0000434615  -0.0000274323   0.0000113039  -0.0000289277   0.0000092392
        0.0000288766  -0.0000114442   0.0000123878   0.0000234819  -0.0000024610
        0.0000046114  -0.0000248732  -0.0000095791  -0.0000134020
       -0.1110984865  -0.0091558378   0.0658348429   0.5993120097   0.1072551943
        0.0121819492  -0.1329450534  -0.0226035438  -0.0495488957   0.0553142081
        0.0104889860  -0.0225779119  -0.0415251994  -0.0104988274  -0.0285360493
       -0.0402870000  -0.0021109696   0.0745813758  -0.2777585196  -0.0559615246
       -0.0438345819  -0.0186815255  -0.0057362748  -0.0109628804   0.0040797028
       -0.0032471433   0.0023970012  -0.0018485369   0.0011138433  -0.0016572968
        0.0003919826  -0.0009939499   0.0008586560  -0.0005131734   0.0002341817
       -0.0003827645   0.0004614342   0.0003581575  -0.0000506429   0.0000200000
       -0.0003576582   0.0003016290   0.0007076955   0.0007203420  -0.0005680790
       -0.0005531154  -0.0013904394   0.0006570619  -0.0001026955   0.0005388981
       -0.0004687758   0.0006742632   0.0003313625   0.0000369565  -0.0011838067
        0.0022599023   0.0064134342  -0.0211139023  -0.0031020738   0.0228872999
        0.0077050303   0.0003389096  -0.0066848028  -0.0175065475  -0.0061372745
       -0.0246964431  -0.0004650767  -0.0016887009   0.0036123525  -0.0002234663
        0.0001279359  -0.0007307342  -0.0002183769  -0.0009090255   0.0010700376
       -0.0007045012  -0.0008704806  -0.0021976883  -0.0005371416   0.0004104621
        0.0013609246  -0.0013148787   0.0002273802   0.0007274732  -0.0001877159
        0.0004487715  -0.0000757880   0.0000189547  -0.0000636878  -0.0000114979
        0.0000746956  -0.0000075577   0.0000521723   0.0000580696   0.0000030658
       -0.0000016593  -0.0000493271  -0.0000224230   0.0000133249
       -0.0063219174  -0.0616902304   0.0064217086   0.1072551943   0.1767920916
        0.0421415747  -0.0286948509  -0.0566905424  -0.0286862688   0.0148192353
        0.0026864060  -0.0095587295  -0.0107396794  -0.0070752276  -0.0072310279
       -0.0057345874  -0.0024373179   0.0192486148  -0.0517658009  -0.0649335623
       -0.0127573585  -0.0066227822  -0.0011344009  -0.0039236915  -0.0013780926
        0.0065499350  -0.0017540601  -0.0010712128  -0.0001600558   0.0002997522
        0.0001355660  -0.0001001453   0.0001756291   0.0001725566  -0.0000421920
       -0.0000423200  -0.0000150858  -0.0000144704   0.0000366280  -0.0000446035
       -0.0000621132  -0.0000900875  -0.0002409329  -0.0000804259  -0.0001601876
       -0.0001097828   0.0001730628  -0.0001714279   0.0004185333   0.0000678499
        0.0000165078  -0.0000018739   0.0000103033   0.0000497920   0.0146448854
        0.0017182627  -0.0226593295  -0.0068579594  -0.0007562571   0.0083353710
       -0.0097498145  -0.0008214723   0.0163094130  -0.0044059169  -0.0008223419
       -0.0059219718  -0.0017115377   0.0072353852   0.0002093010  -0.0000748247
        0.0000286558  -0.0001200684  -0.0003965904   0.0001943385   0.0004589371
       -0.0013580024   0.0002994423  -0.0011125903  -0.0009262413   0.0005485834
        0.0000714960   0.0006696092   0.0003627488   0.0003907633   0.0001061850
        0.0001374407   0.0000326615   0.0000073589  -0.0000073704  -0.0000104073
       -0.0000032214   0.0000168760   0.0000256594  -0.0000066467   0.0000017179
       -0.0000250121   0.0000028338   0.0000050259   0.0000007291
        0.0720131377   0.0093504823  -0.1690157345   0.0121819492   0.0421415747
        0.6385048088  -0.1262766077  -0.0450898535  -0.2698774530   0.0348022017
        0.0031653967  -0.0670349332  -0.0312978937  -0.0077475039  -0.0149426209
        0.0201271582   0.0069363520   0.0314223795   0.0256273237   0.0026788573
       -0.0871918957  -0.0256031419  -0.0069682057  -0.0054586322   0.0034804731
       -0.0001728045  -0.0044912642   0.0004731499  -0.0000097070  -0.0000766770
       -0.0000660962   0.0000873325  -0.0001575937   0.0001587380  -0.0000618140
        0.0000034574  -0.0000555615  -0.0000749117   0.0000261477   0.0000218336
        0.0000894190   0.0000046941  -0.0001064731  -0.0000873580   0.0002202336
        0.0001145480   0.0002225637  -0.0001138257   0.0000380514  -0.0000600963
        0.0000577459  -0.0001242260  -0.0000651136  -0.0000372533   0.0081431732
       -0.0043705933  -0.0187491853   0.0006514155   0.0000099549   0.0037867311
        0.0089048638   0.0031329706  -0.0248987273  -0.0025650563  -0.0009902622
       -0.0025346592   0.0029132913   0.0001072736  -0.0035458868  -0.0007152647
        0.0000820900   0.0005386400  -0.0007466628   0.0001574241  -0.0010429910
       -0.0023708618  -0.0013561373  -0.0050450101  -0.0004983743  -0.0011497527
       -0.0002736370   0.0006752818   0.0001226820  -0.0002673453   0.0001172899
       -0.0000936206   0.0001724764  -0.0000181139   0.0000152012   0.0000103982
       -0.0000111033   0.0000030158   0.0000032397  -0.0000020834  -0.0000100648
        0.0000041299   0.0000136407   0.0000052088   0.0000002432
        0.0046977785   0.0014881864   0.0127864719  -0.1329450534  -0.0286948509
       -0.1262766077   0.6388966387   0.1241551452  -0.0178968341  -0.1573811083
       -0.0177377999   0.1465191240  -0.0414144539  -0.0076458060   0.0218198501
        0.0038198308   0.0022235054   0.0051868147  -0.0260382569  -0.0087331152
       -0.0271234352  -0.0044183713  -0.0028271039   0.0005918479  -0.0015204049
       -0.0009832826  -0.0002805376   0.0003767177   0.0002780233   0.0005257651
       -0.0000453943  -0.0000470656   0.0000462574  -0.0000575809   0.0000225821
       -0.0000523092   0.0000756213   0.0000570670  -0.0000139664   0.0000568603
       -0.0000509561   0.0000018828   0.0000889842   0.0000594258  -0.0000061884
        0.0000817356   0.0000138871   0.0000555082  -0.0001043591  -0.0000210301
       -0.0000108278   0.0000032201   0.0000059343  -0.0000112980  -0.0009554060
        0.0004396428   0.0024452591   0.0010019468   0.0004852397   0.0025485018
       -0.0008663059  -0.0002265812   0.0025358659  -0.2837887050  -0.0597733293
       -0.0111546006   0.0063626919   0.0005905221  -0.0110875727  -0.0053214002
       -0.0028399466   0.0000584366   0.0001953414  -0.0000927619   0.0004799078
       -0.0007067581  -0.0003250649  -0.0012950847  -0.0000976911   0.0001791569
        0.0002252037   0.0001651375  -0.0000243774  -0.0005257608  -0.0001377409
        0.0000115016  -0.0000887173  -0.0000128933   0.0000178812  -0.0000107666
       -0.0000002614   0.0000132093  -0.0000026125  -0.0000072748   0.0000022536
       -0.0000005373  -0.0000030852  -0.0000200922   0.0000109598
       -0.0004874000   0.0029673398   0.0000180150  -0.0226035438  -0.0566905424
       -0.0450898535   0.1241551452   0.1445308641   0.0301547238  -0.0230632575
       -0.0502333132   0.0224263780  -0.0044515357   0.0012961371   0.0069012978
        0.0024969939  -0.0047090803  -0.0029384480  -0.0123830195  -0.0034669132
       -0.0048076918  -0.0025998656   0.0062372227  -0.0008249335  -0.0004594948
       -0.0002632014   0.0000907083   0.0001718852   0.0000096099   0.0001374127
       -0.0000738396  -0.0000235751  -0.0000410090  -0.0000100087   0.0000192466
        0.0000044399   0.0000278404   0.0000228773  -0.0000089442   0.0000279383
       -0.0000201026   0.0000115630  -0.0000016736   0.0000394521   0.0000077213
        0.0000288611  -0.0000272399   0.0000316841  -0.0000345260   0.0000301234
       -0.0000024805  -0.0000025403   0.0000068878  -0.0000061618   0.0002792445
       -0.0001316199  -0.0000516624   0.0002007400  -0.0000711211   0.0006653722
       -0.0001984413  -0.0002699831   0.0011509868  -0.0597294764  -0.0474579073
       -0.0030845315   0.0019598231   0.0008345634  -0.0039444757  -0.0028698628
        0.0072174217  -0.0003090138  -0.0007743111  -0.0003602705  -0.0011567769
       -0.0000508681   0.0002786373   0.0001040168   0.0004928494   0.0002611484
        0.0008070475   0.0000248949  -0.0000587213  -0.0002029479  -0.0000712080
        0.0000275889  -0.0000295235  -0.0000080643   0.0000101060  -0.0000060406
        0.0000051906   0.0000017970  -0.0000053339   0.0000021602   0.0000024641
        0.0000002982  -0.0000006298  -0.0000098963  -0.0000018371
       -0.0056669566  -0.0034576300  -0.0346775812  -0.0495488957  -0.0286862688
       -0.2698774530  -0.0178968341   0.0301547238   0.6555331798   0.0691864009
        0.0055749717  -0.2670601970   0.0793490833   0.0191973544   0.0299383667
        0.0023299970  -0.0044118092  -0.0643310984  -0.0795437496  -0.0176365615
        0.0202399877   0.0008716710  -0.0000106717   0.0020491764  -0.0000111844
        0.0013403355   0.0008325194   0.0000541519  -0.0000712478  -0.0000679563
       -0.0001217212   0.0000860861  -0.0003922490   0.0000675314   0.0000102545
        0.0001902176  -0.0001041589  -0.0000915613   0.0000002555  -0.0000252089
        0.0001005032  -0.0000797232  -0.0000352325  -0.0001164483   0.0001984206
       -0.0000223727   0.0002776989  -0.0001886144   0.0000967022  -0.0000923555
        0.0002036769  -0.0000798589  -0.0000638440   0.0000135061   0.0007956718
        0.0006238157  -0.0015959018  -0.0021043716  -0.0005256253   0.0005886473
        0.0016507803   0.0000387893  -0.0027697908  -0.0110233848  -0.0028796631
       -0.0440647201   0.0125290641   0.0013027782  -0.0260427041  -0.0005665739
       -0.0007932572   0.0013181577  -0.0002066358   0.0001252213  -0.0000337824
       -0.0000629301   0.0001545088  -0.0001016638   0.0001521490   0.0002856435
        0.0000961836   0.0001381321  -0.0003511117   0.0001064783  -0.0001739804
       -0.0000712236   0.0000190599  -0.0000192895   0.0000110539   0.0000129955
       -0.0000062458  -0.0000236219  -0.0000333403  -0.0000059606   0.0000015032
        0.0000036820   0.0000042112  -0.0000023410  -0.0000277350
       -0.0001380806  -0.0019127543  -0.0035131074   0.0553142081   0.0148192353
        0.0348022017  -0.1573811083  -0.0230632575   0.0691864009   0.6387267727
        0.1182176704   0.0033474167  -0.3293213007  -0.0616238389   0.0281786023
       -0.0302825035  -0.0129520685  -0.0839262555  -0.0474310995  -0.0082841721
        0.0269009922  -0.0001402125   0.0005263781  -0.0003999787   0.0022788111
        0.0009628314  -0.0007852362  -0.0007224165  -0.0004412937  -0.0011636378
       -0.0000824954  -0.0000657149  -0.0001599192  -0.0000456086   0.0000869712
        0.0001607607  -0.0000202989   0.0000010522  -0.0000557191  -0.0000454791
       -0.0000228836   0.0001137926   0.0000405457   0.0002126323   0.0000191374
       -0.0001045917  -0.0002703953   0.0001452968   0.0001108377   0.0002001300
       -0.0000867564   0.0000462129   0.0000129350  -0.0000556751   0.0002830437
        0.0001494492  -0.0000473835  -0.0001313530  -0.0000070145  -0.0000966849
        0.0001614541   0.0001737520   0.0003635960  -0.0190040821  -0.0029784978
        0.0248085880  -0.0936449597  -0.0192883895  -0.1004803670  -0.0178726784
       -0.0042148510   0.0014783994  -0.0002749836   0.0000373262   0.0001331188
        0.0001073672   0.0000753758   0.0000336011   0.0000490450   0.0001296445
        0.0003766543  -0.0003226574  -0.0003987508   0.0008178102  -0.0001508763
       -0.0000926759  -0.0000720564  -0.0000192868   0.0000193342   0.0000154015
        0.0000111934  -0.0000278335  -0.0000461968  -0.0000061920   0.0000168835
        0.0000032696   0.0000127733   0.0000027901   0.0000039340
       -0.0021172122   0.0068517552  -0.0016248733   0.0104889860   0.0026864060
        0.0031653967  -0.0177377999  -0.0502333132   0.0055749717   0.1182176704
        0.1420246614   0.0304482999  -0.0662003283  -0.0590896753   0.0026114285
       -0.0085949546  -0.0044922034  -0.0160459840  -0.0075592578  -0.0047855403
        0.0051911149   0.0000039402  -0.0000810574  -0.0001059119   0.0009304748
        0.0067277488  -0.0005898924  -0.0019959646   0.0004428011  -0.0006672223
       -0.0001076927  -0.0003230464   0.0002878541  -0.0002238825   0.0000767443
       -0.0001090452   0.0001613260   0.0001171828  -0.0000160410  -0.0000733181
       -0.0001820968   0.0000502179   0.0001131272   0.0004464654  -0.0004264175
       -0.0001205116  -0.0005151349   0.0002414962   0.0000140334   0.0002800359
       -0.0001962873   0.0002211836   0.0001147782   0.0000380815  -0.0005661818
        0.0001529753   0.0015028937   0.0000687435  -0.0000081437  -0.0000003193
        0.0006063352   0.0001668122  -0.0014551085  -0.0044289794  -0.0004100177
        0.0057803497  -0.0192225819  -0.0399857726  -0.0342991397  -0.0023029408
       -0.0003809038   0.0003146323  -0.0000414795   0.0000110351   0.0000301259
        0.0000284424   0.0000087786   0.0000185865  -0.0000155494   0.0000204062
        0.0000496780   0.0004647096   0.0003877408   0.0002373592   0.0000094999
       -0.0000223052   0.0000165190  -0.0000046428  -0.0000049950  -0.0000169001
        0.0000113092   0.0000014228   0.0000084832  -0.0000092143   0.0000109330
       -0.0000199545  -0.0000172893  -0.0000144774   0.0000056081
       -0.0019012427  -0.0011649310  -0.0021953569  -0.0225779119  -0.0095587295
       -0.0670349332   0.1465191240   0.0224263780  -0.2670601970   0.0033474167
        0.0304482999   0.6690854695  -0.0482707349  -0.0139503532  -0.0933817705
       -0.0256012372  -0.0038888999   0.0232457849   0.0273524653   0.0063533140
       -0.0096663826  -0.0002499782  -0.0000395558  -0.0009560171  -0.0034758314
       -0.0013138427  -0.0045344391  -0.0011414222  -0.0004486177  -0.0007334172
        0.0001908394  -0.0002374114   0.0003778188  -0.0001847559   0.0000508489
       -0.0001107844   0.0001538758   0.0001211210  -0.0000140825  -0.0000551018
       -0.0000593871   0.0001564832  -0.0001009308   0.0003804329  -0.0000996951
       -0.0002258421  -0.0002279728   0.0000214949   0.0000937814   0.0001341057
       -0.0000182824   0.0002603355   0.0000933215   0.0000244965   0.0001638171
        0.0001040069  -0.0010119013  -0.0003737981  -0.0000781314   0.0002525931
        0.0002658310  -0.0003494791  -0.0008667841   0.0009607592   0.0001561030
       -0.0001823391  -0.1003858499  -0.0342160370  -0.2444003946   0.0254068769
        0.0054385240  -0.0006579509   0.0000866467  -0.0001815651   0.0000129528
        0.0001829919   0.0000153017   0.0001277758  -0.0001357115  -0.0000113411
        0.0000000923  -0.0002142816   0.0000629171  -0.0002840030  -0.0000751914
        0.0000097943  -0.0001104714   0.0000114041  -0.0000322306  -0.0000093901
        0.0000180949  -0.0000042470   0.0000080050  -0.0000081814   0.0000086389
        0.0000049624  -0.0000362569  -0.0000403753   0.0000106631
       -0.0001204422  -0.0001223479   0.0009102721  -0.0415251994  -0.0107396794
       -0.0312978937  -0.0414144539  -0.0044515357   0.0793490833  -0.3293213007
       -0.0662003283  -0.0482707349   0.6581106962   0.1165260652  -0.0202441901
       -0.1165121197  -0.0161922095  -0.0446058694   0.0499791171   0.0102172570
       -0.0197740993  -0.0009240099  -0.0018646289   0.0035818446  -0.0428040345
       -0.0078347194  -0.0329279840   0.0001154149  -0.0060444637   0.0011213193
        0.0001522351   0.0002753527  -0.0001887524   0.0006692261  -0.0002621991
        0.0003224210  -0.0002346371  -0.0002096214   0.0000625323  -0.0001715990
        0.0001604347   0.0002101525  -0.0023019043   0.0003261774   0.0003838700
        0.0010040381   0.0014838115  -0.0006293040  -0.0000713912  -0.0004487962
        0.0002909462  -0.0008677406  -0.0004079304  -0.0001159469   0.0000188978
       -0.0001119094  -0.0003227260   0.0002675324   0.0000948060   0.0000193444
        0.0000190012  -0.0000680215  -0.0002088905  -0.0006070447  -0.0015611455
        0.0030871675  -0.0156555012  -0.0033906629  -0.0030875957  -0.1179656256
       -0.0102300381   0.1158225557   0.0003784951   0.0001044141   0.0002873480
       -0.0003134041  -0.0000550868  -0.0001493820   0.0000642209  -0.0001011228
       -0.0001566217  -0.0000209593   0.0005978195  -0.0030541701   0.0001508891
        0.0002486180  -0.0002466598  -0.0000099335   0.0000972208  -0.0000453276
       -0.0000442454   0.0000491945  -0.0000562420  -0.0001526798   0.0000720904
       -0.0000660401   0.0001084619   0.0000431851  -0.0000004268
       -0.0000136515  -0.0002069573   0.0001872236  -0.0104988274  -0.0070752276
       -0.0077475039  -0.0076458060   0.0012961371   0.0191973544  -0.0616238389
       -0.0590896753  -0.0139503532   0.1165260652   0.1363995519   0.0269129783
       -0.0242821620  -0.0541369840  -0.0191443215   0.0150169777   0.0021264763
       -0.0101290657  -0.0019214565   0.0065900485  -0.0002200643  -0.0078491766
        0.0019895916  -0.0068875464   0.0008249672  -0.0013229273   0.0001158248
        0.0000908205   0.0002318267  -0.0003109359   0.0003048581   0.0000660535
        0.0001005316  -0.0000756352  -0.0000414443  -0.0000204245   0.0000215977
       -0.0000389488   0.0001070745  -0.0008277963  -0.0000136545   0.0001823473
        0.0002451232   0.0002375450  -0.0001017440   0.0001399700   0.0000592225
        0.0000103770  -0.0003232500  -0.0000771210  -0.0000779816   0.0000221679
       -0.0000194936  -0.0000815147   0.0000487964   0.0000435926   0.0000220027
       -0.0000030610  -0.0000193482  -0.0000704441  -0.0017438281   0.0071122511
        0.0001039098  -0.0053442614  -0.0006832201  -0.0009550579  -0.0109980063
       -0.0341242956   0.0132282529  -0.0006649046  -0.0001608382  -0.0016501751
       -0.0000240160  -0.0000138636   0.0002079468   0.0004731834   0.0004143278
        0.0011122232   0.0000111684   0.0002432463  -0.0000447250   0.0000706302
        0.0001513067  -0.0000527161  -0.0000050918   0.0000262417  -0.0000025210
        0.0000097403   0.0000035759  -0.0000232620  -0.0000109369   0.0000155539
       -0.0000094159   0.0000496404   0.0000174504  -0.0000082740
        0.0002264378  -0.0001574661  -0.0006466433  -0.0285360493  -0.0072310279
       -0.0149426209   0.0218198501   0.0069012978   0.0299383667   0.0281786023
        0.0026114285  -0.0933817705  -0.0202441901   0.0269129783   0.6440021368
       -0.1144267862  -0.0338105812  -0.2659196182   0.0310073518   0.0020207107
       -0.0618486671   0.0026099942  -0.0004963292  -0.0017717392  -0.0155840868
       -0.0054893050  -0.0031341242   0.0004330105   0.0002920976   0.0011604802
        0.0002716200  -0.0007927147   0.0008460766  -0.0003954877   0.0000656580
       -0.0002820397   0.0003676282   0.0002485413  -0.0000211097   0.0000985136
       -0.0001711433   0.0000698363   0.0004055507   0.0004866492  -0.0003342790
        0.0000905470  -0.0005447770   0.0005119898  -0.0004190881   0.0001550626
       -0.0003526107   0.0002863313   0.0001480361   0.0000236681  -0.0000102464
        0.0000966822  -0.0000579268  -0.0001717386   0.0000020330   0.0000951887
        0.0001049836  -0.0000918626   0.0000422174   0.0035321728   0.0002141022
       -0.0037530936  -0.0268048737  -0.0061178008  -0.0034804535   0.1158790253
        0.0138909585  -0.2244895015   0.0001746889  -0.0002571938  -0.0005599565
        0.0002089042   0.0001898883   0.0003889682  -0.0002590560  -0.0000299481
       -0.0011789104   0.0011581543   0.0005256054  -0.0005034177  -0.0000659016
        0.0004262408  -0.0004472165   0.0000041597  -0.0000152087  -0.0000230243
        0.0000359855   0.0000163007   0.0000448304   0.0000325487   0.0000006567
       -0.0000057068  -0.0000085560   0.0000004305   0.0000106708
       -0.0032976107  -0.0030428565  -0.0012444936  -0.0402870000  -0.0057345874
        0.0201271582   0.0038198308   0.0024969939   0.0023299970  -0.0302825035
       -0.0085949546  -0.0256012372  -0.1165121197  -0.0242821620  -0.1144267862
        0.5894432554   0.0907887123  -0.0005837891  -0.1293391316  -0.0032722976
        0.1196133778   0.0065259641   0.0009137036  -0.0057392616  -0.2299789739
       -0.0470186054   0.0025147464  -0.0378159175   0.0059640324  -0.0175209437
        0.0014996587  -0.0036940375   0.0029430413  -0.0026302875   0.0009617590
       -0.0008140788   0.0014199198   0.0010390813  -0.0003564724  -0.0012773713
       -0.0017054260   0.0009278990   0.0019966163   0.0035875908  -0.0031112477
       -0.0046900598  -0.0044912640   0.0014634533   0.0024943027   0.0020664645
       -0.0010931632   0.0032564341   0.0013078559   0.0002191611   0.0004812603
       -0.0002569755  -0.0006375272  -0.0004810509  -0.0000195620   0.0011178048
       -0.0000265012   0.0002638253  -0.0002593493   0.0012707938   0.0002656813
        0.0001119869  -0.0041506414  -0.0023325991   0.0001265999   0.0058653908
        0.0005368057   0.0150668896  -0.0014728173   0.0003795114  -0.0028039709
       -0.0006221020  -0.0006476825  -0.0010235246  -0.0008771856  -0.0006662122
       -0.0022268488  -0.0151784389  -0.0045359028   0.0104901796   0.0006115797
        0.0002192107   0.0001290881   0.0001641520  -0.0004009525   0.0002228086
        0.0002653307  -0.0001996470   0.0000851478   0.0000978895   0.0001809600
       -0.0000730796  -0.0002926659  -0.0000764634   0.0000264344
       -0.0026895798   0.0063625835  -0.0003249171  -0.0021109696  -0.0024373179
        0.0069363520   0.0022235054  -0.0047090803  -0.0044118092  -0.0129520685
       -0.0044922034  -0.0038888999  -0.0161922095  -0.0541369840  -0.0338105812
        0.0907887123   0.1629240745   0.0174010462  -0.0119206496  -0.0480851363
        0.0096425841   0.0012540216   0.0019346084  -0.0056721786  -0.0424139925
       -0.0633894264   0.0202976434   0.0097455770   0.0049717104  -0.0087150414
        0.0023550551  -0.0016048439   0.0003699865  -0.0005521522   0.0007497945
        0.0002279819   0.0003203662   0.0001239954  -0.0001992183   0.0003383778
        0.0004758261   0.0009937253   0.0023591724  -0.0000479789   0.0024716597
       -0.0008857783  -0.0012133554   0.0009478683  -0.0012935582  -0.0005772575
       -0.0000192974   0.0006281474   0.0000783665  -0.0003885637  -0.0009150979
       -0.0002552182   0.0008920156  -0.0000884836   0.0002616036   0.0000589114
        0.0006074161   0.0001219189  -0.0009024369   0.0001531849   0.0005446923
       -0.0000656477  -0.0026466893   0.0074952088  -0.0002634308   0.0004057174
        0.0012687175   0.0015355295   0.0000931764  -0.0004222745  -0.0003414348
        0.0002092664   0.0000479975  -0.0006788422  -0.0001701295  -0.0007896474
       -0.0020910416  -0.0179798023  -0.0038103584  -0.0002621507   0.0010766497
       -0.0011314002   0.0000640580  -0.0000011781  -0.0000341434   0.0001647756
        0.0001317358  -0.0001731905  -0.0001520574   0.0001959928  -0.0000392840
        0.0002018785  -0.0000737356  -0.0000119974  -0.0000184670
       -0.0015312660  -0.0006136406   0.0012650619   0.0745813758   0.0192486148
        0.0314223795   0.0051868147  -0.0029384480  -0.0643310984  -0.0839262555
       -0.0160459840   0.0232457849  -0.0446058694  -0.0191443215  -0.2659196182
       -0.0005837891   0.0174010462   0.6349568873   0.0549979862  -0.0086465018
       -0.2365469590   0.0096471365  -0.0004076922  -0.0321998932  -0.0038708357
        0.0195076462  -0.0574839651  -0.0110097540  -0.0083676303  -0.0033213534
       -0.0009441718  -0.0003331740  -0.0017493618   0.0002339032   0.0001261712
        0.0003838190  -0.0000842575  -0.0002100231  -0.0001504005  -0.0008245864
        0.0003561076   0.0010334624  -0.0036004267   0.0026304517   0.0012775598
       -0.0002780459   0.0009171312  -0.0001048662   0.0017690731   0.0008216792
       -0.0002017204  -0.0000818299  -0.0004450295  -0.0004408112   0.0000775602
        0.0001269063  -0.0000340535  -0.0004708786  -0.0002794638   0.0000314252
       -0.0002109740  -0.0000589494   0.0000178881  -0.0000745174   0.0000326191
       -0.0007400391   0.0007334946  -0.0007154967   0.0014829354  -0.0084785283
       -0.0043987984  -0.0267440630  -0.0006434338  -0.0006849442  -0.0018010034
        0.0011495091   0.0003750919   0.0006457112  -0.0017727207  -0.0004943697
       -0.0027604274   0.0156376852   0.0012877630  -0.0008409508  -0.0008650114
        0.0008066375  -0.0003070553  -0.0000510774   0.0000910157   0.0001225026
        0.0000417763  -0.0000884976  -0.0001572956  -0.0001872632   0.0001426069
       -0.0000318312   0.0000391780   0.0000014763  -0.0000186504
       -0.0233711286  -0.0037513624   0.0087581520  -0.2777585196  -0.0517658009
        0.0256273237  -0.0260382569  -0.0123830195  -0.0795437496  -0.0474310995
       -0.0075592578   0.0273524653   0.0499791171   0.0150169777   0.0310073518
       -0.1293391316  -0.0119206496   0.0549979862   0.6010642515   0.1045786135
       -0.0201982095  -0.0924552589  -0.0169400028  -0.0533851512  -0.0380488186
       -0.0075773944   0.0240212396   0.0023324325  -0.0016371958   0.0051124353
       -0.0008666955   0.0009242526  -0.0009430784   0.0005235859  -0.0003369565
        0.0004077021  -0.0003506804  -0.0002582507   0.0000212717   0.0002231987
        0.0000522332  -0.0004554100  -0.0010571383  -0.0009600844  -0.0000921784
        0.0011007669   0.0015629580  -0.0005715768  -0.0007970684  -0.0010558229
        0.0004783835  -0.0009343716  -0.0002818222  -0.0000017461  -0.0006894108
       -0.0008671092  -0.0007778923  -0.0020822068  -0.0006899757   0.0026456495
       -0.0004316753   0.0000410447  -0.0013550161  -0.0001847719  -0.0019041480
       -0.0019940554  -0.0002658536  -0.0004500419   0.0006408818  -0.0003397218
       -0.0018261466  -0.0030552884  -0.0017221391   0.0007347135  -0.0067360804
       -0.0158943750  -0.0072554025  -0.0244555529   0.0080726896   0.0037326640
        0.0131067184  -0.0025248751   0.0010881481  -0.0003990324  -0.0008195859
        0.0015457208  -0.0001968742   0.0000380075   0.0000556274   0.0000360153
       -0.0000129942   0.0000327664  -0.0000127063  -0.0000196682   0.0000014487
       -0.0000214347   0.0001013956   0.0000532750  -0.0000185432
       -0.0033623577   0.0002505986   0.0022261994  -0.0559615246  -0.0649335623
        0.0026788573  -0.0087331152  -0.0034669132  -0.0176365615  -0.0082841721
       -0.0047855403   0.0063533140   0.0102172570   0.0021264763   0.0020207107
       -0.0032722976  -0.0480851363  -0.0086465018   0.1045786135   0.1745542819
        0.0466402945  -0.0148470927  -0.0677492460  -0.0274236324  -0.0115146094
       -0.0002771540   0.0051661377   0.0011702675  -0.0011700040   0.0021930223
        0.0008839485   0.0000442128   0.0001352785  -0.0000634368  -0.0001953450
       -0.0002053826   0.0000444081   0.0001018920   0.0000419361   0.0000604410
       -0.0001118635  -0.0000298865  -0.0003120864  -0.0000069970  -0.0002271678
        0.0003061090   0.0001677271  -0.0001186591  -0.0003450251  -0.0001757903
        0.0000304722  -0.0001123307  -0.0000187619   0.0000489366  -0.0002543079
        0.0002196701  -0.0005789177  -0.0006435756   0.0008746804   0.0002214971
       -0.0005846147   0.0007118900  -0.0003221029  -0.0020552492   0.0067751529
       -0.0013295369  -0.0000363632   0.0000681858   0.0001940518  -0.0017947662
        0.0064351940  -0.0012242949   0.0096362129   0.0067246829   0.0201282487
       -0.0072839262  -0.0031640252  -0.0117712076  -0.0066259319  -0.0042575900
       -0.0187557840  -0.0018387483  -0.0000041556  -0.0000173455   0.0010450026
       -0.0006935792   0.0002070278   0.0000163957  -0.0000153009  -0.0000403905
       -0.0000237482   0.0000517558   0.0000586175  -0.0000209998   0.0000012082
       -0.0000224622   0.0000116239   0.0000033559   0.0000052320
        0.0234791048   0.0055709064  -0.0018411186  -0.0438345819  -0.0127573585
       -0.0871918957  -0.0271234352  -0.0048076918   0.0202399877   0.0269009922
        0.0051911149  -0.0096663826  -0.0197740993  -0.0101290657  -0.0618486671
        0.1196133778   0.0096425841  -0.2365469590  -0.0201982095   0.0466402945
        0.6142336434  -0.0558365985  -0.0328772678  -0.1793243575   0.0129834090
        0.0021574200  -0.0012524964  -0.0001640490  -0.0007687287  -0.0001241346
       -0.0000931031   0.0006285899  -0.0014036427   0.0002846630   0.0000093309
       -0.0000224290  -0.0002140413  -0.0000030410  -0.0000470061  -0.0000572668
       -0.0001015572  -0.0000194135  -0.0009189255  -0.0005800160  -0.0001845978
       -0.0000099201   0.0007925970  -0.0002980907   0.0003063418  -0.0004390801
        0.0002969911  -0.0004248629  -0.0001487682   0.0000016886   0.0007015023
       -0.0008708567  -0.0007910844   0.0033191326   0.0002181405  -0.0043419578
        0.0008262433   0.0008355795  -0.0004749416  -0.0024912689  -0.0015369305
       -0.0042271176   0.0005660138   0.0003756244   0.0006703877  -0.0021436601
       -0.0008862309  -0.0039843519  -0.0086673316   0.0005465686  -0.0234598843
       -0.0037796563  -0.0001203018   0.0022853954  -0.0027801524  -0.0062675542
       -0.0223570462  -0.0007936743  -0.0003131705   0.0006609044   0.0003891309
       -0.0001573931   0.0010443050  -0.0000288495   0.0000588554  -0.0000090290
       -0.0000315203   0.0000287622   0.0000209018  -0.0000306274   0.0000101977
       -0.0000103214   0.0000259222   0.0000584467  -0.0000272798
       -0.0001120758   0.0010292478  -0.0011704936  -0.0186815255  -0.0066227822
       -0.0256031419  -0.0044183713  -0.0025998656   0.0008716710  -0.0001402125
        0.0000039402  -0.0002499782  -0.0009240099  -0.0019214565   0.0026099942
        0.0065259641   0.0012540216   0.0096471365  -0.0924552589  -0.0148470927
       -0.0558365985   0.5215161336   0.0051030130  -0.0203931595   0.0000092046
        0.0004582913   0.0007736786  -0.0006205191   0.0008558918   0.0010807076
       -0.0003311780   0.0000909568   0.0004640797   0.0000755155  -0.0000404927
        0.0001707719   0.0000400160  -0.0001339419   0.0000372942  -0.0000927566
        0.0001147733  -0.0000832186   0.0004980806  -0.0000735617   0.0000161560
        0.0000458365   0.0001752181  -0.0000150479   0.0000182049  -0.0001476856
        0.0001021087  -0.0001924213  -0.0001149217   0.0000734467  -0.0008504067
       -0.0008145762  -0.0003636756  -0.0000519589  -0.0001494745  -0.0005960919
       -0.0001135457   0.0000333466  -0.0003567207  -0.0008940801  -0.0003002701
       -0.0013798754   0.0000467520   0.0003998231  -0.0000533022   0.0002179304
        0.0000626975   0.0008454033  -0.0435991523   0.0217301147  -0.0145571201
       -0.2369047716  -0.0935061514   0.0300712575  -0.1282267569   0.0892428234
        0.0734072975   0.0001906415   0.0004359744   0.0002740089  -0.0004517986
        0.0001922847   0.0002714844  -0.0000263216   0.0000161712   0.0000065085
       -0.0000692375   0.0000119915  -0.0000256447  -0.0000506087   0.0000115347
        0.0000047685   0.0000226879   0.0000501571  -0.0000437048
        0.0007837496  -0.0035401848  -0.0003483064  -0.0057362748  -0.0011344009
       -0.0069682057  -0.0028271039   0.0062372227  -0.0000106717   0.0005263781
       -0.0000810574  -0.0000395558  -0.0018646289   0.0065900485  -0.0004963292
        0.0009137036   0.0019346084  -0.0004076922  -0.0169400028  -0.0677492460
       -0.0328772678   0.0051030130   0.4912568547  -0.0049473506  -0.0007296542
       -0.0019355251   0.0001381378   0.0012623907  -0.0005298225   0.0004104392
        0.0000755734  -0.0005517516  -0.0006288664  -0.0003149901   0.0001440598
       -0.0002862886   0.0001691725   0.0002150382  -0.0001006003   0.0002099886
       -0.0003978801   0.0003170008  -0.0005076929   0.0001423279  -0.0003887382
        0.0000129359  -0.0005865571   0.0004114326  -0.0001944993   0.0003395707
       -0.0001380908   0.0001089796   0.0001661421  -0.0000442244   0.0009294418
        0.0003723558  -0.0002493091  -0.0000914704   0.0000757946  -0.0002476598
       -0.0011876429   0.0002633806  -0.0000302384  -0.0001890531  -0.0001724536
       -0.0003991501   0.0003901283  -0.0014957627   0.0000911223  -0.0000004988
       -0.0000648667   0.0000102733   0.0239739129  -0.2039131962   0.1101309652
       -0.0937581224  -0.0889449110   0.0140598695   0.0890323665  -0.1363429591
       -0.0764216925  -0.0001937911  -0.0000870398  -0.0001260044   0.0008389222
       -0.0002724071  -0.0004141041   0.0000533263   0.0000385389   0.0000076569
        0.0000911678   0.0000329455   0.0000101738   0.0000327397   0.0000217630
        0.0000041435   0.0000275350  -0.0000306298  -0.0000208684
        0.0013641113   0.0002576646  -0.0013746798  -0.0109628804  -0.0039236915
       -0.0054586322   0.0005918479  -0.0008249335   0.0020491764  -0.0003999787
       -0.0001059119  -0.0009560171   0.0035818446  -0.0002200643  -0.0017717392
       -0.0057392616  -0.0056721786  -0.0321998932  -0.0533851512  -0.0274236324
       -0.1793243575  -0.0203931595  -0.0049473506   0.4738125241  -0.0003553310
       -0.0009660543   0.0001487515  -0.0010701634   0.0010350830  -0.0012397063
       -0.0004702367  -0.0003515160   0.0001306700  -0.0001050679   0.0000146449
       -0.0000489467   0.0000646271  -0.0000437071   0.0000920627   0.0000029114
        0.0001623170  -0.0001051830   0.0002387135   0.0000330766  -0.0000014280
       -0.0003747776  -0.0001017148  -0.0001878485   0.0002122211   0.0000261112
        0.0001470143   0.0003421484   0.0001219676   0.0000990061   0.0009842182
        0.0008728633   0.0006527331   0.0003271705   0.0001823973  -0.0000963595
        0.0008576172  -0.0003898240   0.0005322526   0.0000446222  -0.0000037237
       -0.0001246700  -0.0000634331   0.0001854883   0.0000838416  -0.0005467871
       -0.0001183699  -0.0012620603  -0.0158860346   0.1057430042  -0.1075266909
        0.0299482094   0.0132950509  -0.0470104748   0.0708366958  -0.0760517928
       -0.0989454468  -0.0003129312  -0.0001617843   0.0002019577   0.0005809641
       -0.0004769248  -0.0003410566   0.0000296509  -0.0000523758   0.0000348669
        0.0000467437  -0.0000286865   0.0000023828   0.0000447943  -0.0000296499
        0.0000184873  -0.0000339175  -0.0000357821  -0.0000305368
       -0.0015262276   0.0000445962   0.0002954852   0.0040797028  -0.0013780926
        0.0034804731  -0.0015204049  -0.0004594948  -0.0000111844   0.0022788111
        0.0009304748  -0.0034758314  -0.0428040345  -0.0078491766  -0.0155840868
       -0.2299789739  -0.0424139925  -0.0038708357  -0.0380488186  -0.0115146094
        0.0129834090   0.0000092046  -0.0007296542  -0.0003553310   0.6448394520
        0.0355124858   0.0593865928  -0.2089553915   0.0880968843  -0.0767193067
        0.0030985971   0.0159962767  -0.0113028482   0.0065194570  -0.0056574491
        0.0026370768  -0.0044532853  -0.0022939406   0.0002404927  -0.0042379009
        0.0002165070  -0.0021222962  -0.0498839423   0.0065274790  -0.0130219377
        0.0058258970   0.0159695857  -0.0076334366  -0.0045429432  -0.0116110640
        0.0063009062  -0.0069648722  -0.0022098636  -0.0008249705  -0.0001978157
        0.0001774251   0.0001987746  -0.0006096559  -0.0001066320   0.0001871493
       -0.0000173629  -0.0001686140   0.0001570329  -0.0005990852   0.0000723747
       -0.0000579872  -0.0018113716  -0.0007902595  -0.0008970062   0.0011785905
        0.0016292293   0.0008044370   0.0006041322  -0.0001068282   0.0006053535
        0.0011293947   0.0005834577  -0.0008828880  -0.0002889317   0.0000543466
       -0.0000249130  -0.0722272410  -0.0806071580   0.0493306921  -0.0003017017
        0.0000923188   0.0008272210   0.0001689519   0.0001627176   0.0002542079
       -0.0003648398   0.0003722342   0.0001187097  -0.0014998572   0.0008793027
       -0.0009347434   0.0011024667   0.0005791329  -0.0000884112
        0.0000456610  -0.0000820532  -0.0001823514  -0.0032471433   0.0065499350
       -0.0001728045  -0.0009832826  -0.0002632014   0.0013403355   0.0009628314
        0.0067277488  -0.0013138427  -0.0078347194   0.0019895916  -0.0054893050
       -0.0470186054  -0.0633894264   0.0195076462  -0.0075773944  -0.0002771540
        0.0021574200   0.0004582913  -0.0019355251  -0.0009660543   0.0355124858
        0.4197021520  -0.2993623993   0.0873757646  -0.1291892523   0.0854843348
        0.0271213201  -0.0375215068   0.0325309671  -0.0128495452  -0.0010063710
        0.0001173940   0.0069332915   0.0053876246  -0.0014786651  -0.0007511837
       -0.0060667130   0.0056260950   0.0049884880   0.0189737983  -0.0099172510
        0.0014271606  -0.0179622518   0.0107521486  -0.0182461223   0.0022153227
       -0.0038811513   0.0025440471   0.0023512265  -0.0001446772  -0.0000057631
        0.0000015663   0.0000219558   0.0001314235  -0.0000636520   0.0000526386
       -0.0000314388  -0.0000504994   0.0000348488   0.0005813966  -0.0014035054
        0.0002315067   0.0001345817  -0.0000522670   0.0003219684   0.0006249838
       -0.0023226447   0.0012545597   0.0007360940  -0.0000370545   0.0004652557
        0.0010999788   0.0005798726   0.0013805673   0.0002120330   0.0000433641
       -0.0002296925  -0.0740716951  -0.2015459821   0.1630579981   0.0011903671
        0.0004740994  -0.0013308627   0.0010033353  -0.0013044999   0.0006719839
        0.0002242373  -0.0003121000  -0.0003631463  -0.0004048177   0.0000288185
       -0.0000801513  -0.0002860612  -0.0002394604  -0.0000972695
        0.0010613661   0.0003471141   0.0003564172   0.0023970012  -0.0017540601
       -0.0044912642  -0.0002805376   0.0000907083   0.0008325194  -0.0007852362
       -0.0005898924  -0.0045344391  -0.0329279840  -0.0068875464  -0.0031341242
        0.0025147464   0.0202976434  -0.0574839651   0.0240212396   0.0051661377
       -0.0012524964   0.0007736786   0.0001381378   0.0001487515   0.0593865928
       -0.2993623993   0.3201732098  -0.0916599199   0.0929164564  -0.0993519571
       -0.0172243836   0.0264426818  -0.0163253415   0.0059711319   0.0025847951
        0.0033643344  -0.0037606207  -0.0024907119   0.0006629135  -0.0004454006
        0.0047784094   0.0003113424  -0.0113926789  -0.0086057949   0.0044767374
        0.0002499896   0.0107642562  -0.0086255304   0.0089140304  -0.0009422222
        0.0053433730  -0.0021592399  -0.0006515121   0.0011632731  -0.0001835626
        0.0001539804   0.0001609364   0.0002301966   0.0000767483  -0.0002718071
       -0.0000159664  -0.0001389717   0.0001566636  -0.0002405125   0.0000502208
        0.0001476781  -0.0015939895  -0.0004810769  -0.0003564597  -0.0009100279
        0.0000780606   0.0023393191   0.0004814930  -0.0001102767   0.0004630200
        0.0020730413  -0.0001137487  -0.0018099974   0.0004145186   0.0005695414
        0.0002353629   0.0551180497   0.1578755485  -0.1409233234  -0.0000031204
       -0.0008903149  -0.0004042139  -0.0005274362   0.0007162210  -0.0007253934
        0.0000732072  -0.0002631084  -0.0005937778   0.0000744648   0.0001812422
        0.0000517978   0.0003558691   0.0000537333  -0.0001035589
        0.0004166444   0.0000372092  -0.0004531148  -0.0018485369  -0.0010712128
        0.0004731499   0.0003767177   0.0001718852   0.0000541519  -0.0007224165
       -0.0019959646  -0.0011414222   0.0001154149   0.0008249672   0.0004330105
       -0.0378159175   0.0097455770  -0.0110097540   0.0023324325   0.0011702675
       -0.0001640490  -0.0006205191   0.0012623907  -0.0010701634  -0.2089553915
        0.0873757646  -0.0916599199   0.6330708296   0.0190382049   0.0890387914
       -0.0983766798  -0.0306688403   0.0074789902   0.0310435063   0.0152710772
       -0.0010849207  -0.0156848176  -0.0210464421   0.0112424689  -0.0453858636
        0.0266344462  -0.0255019499  -0.2384131238  -0.0641763288   0.0008879882
       -0.0145240696  -0.0412240324   0.0223230240  -0.0149355847   0.0100830264
       -0.0103646415   0.0110973670   0.0035764934   0.0004879674   0.0000916661
       -0.0001519169  -0.0001328710   0.0002894450   0.0000881361   0.0000171245
        0.0000262273   0.0001028402  -0.0001661148   0.0004904807   0.0003916510
        0.0000526646   0.0002821329   0.0000697548   0.0005053651  -0.0003731893
       -0.0000062749   0.0001508224   0.0001113362  -0.0000229729  -0.0005570205
       -0.0002757627   0.0007638861   0.0031211992   0.0000794180  -0.0001509149
       -0.0001983577   0.0117871908   0.0089188004   0.0011492642  -0.0093843555
       -0.0259724912   0.0124862015  -0.0020230524   0.0015427268  -0.0039083959
        0.0004530203  -0.0008465074   0.0004927305  -0.0011418075   0.0010796392
       -0.0029451862  -0.0015827417  -0.0008148447  -0.0000370331
       -0.0003834884  -0.0001016228   0.0003248859   0.0011138433  -0.0001600558
       -0.0000097070   0.0002780233   0.0000096099  -0.0000712478  -0.0004412937
        0.0004428011  -0.0004486177  -0.0060444637  -0.0013229273   0.0002920976
        0.0059640324   0.0049717104  -0.0083676303  -0.0016371958  -0.0011700040
       -0.0007687287   0.0008558918  -0.0005298225   0.0010350830   0.0880968843
       -0.1291892523   0.0929164564   0.0190382049   0.5110005942  -0.2278175536
       -0.0753113755  -0.2164931819   0.0761639505   0.0576980498  -0.0339695047
        0.0317740139  -0.0306019328  -0.0302586410   0.0078268716  -0.0009319071
        0.0391670690  -0.0252009364  -0.0441381439  -0.1044099066   0.0271257183
       -0.0210478589  -0.0003018950  -0.0057276401   0.0063550857  -0.0016886220
        0.0016925275  -0.0059930862  -0.0058588621   0.0038412609  -0.0000338576
        0.0001040970   0.0000431355  -0.0002291379  -0.0000523050  -0.0000040187
       -0.0000125821  -0.0000609256   0.0000845978  -0.0003814869  -0.0001012375
       -0.0000779203  -0.0006424570  -0.0001941108  -0.0005103741   0.0003749090
        0.0002463616  -0.0002496905  -0.0005398664  -0.0000906146   0.0005821128
        0.0001225833   0.0001662898  -0.0024176550   0.0000006082   0.0000465159
       -0.0000134923   0.0131858825  -0.0228041483   0.0124374238  -0.0063826060
       -0.0100157642   0.0064207385   0.0012410366   0.0020966618   0.0050657013
       -0.0009344791   0.0001477674  -0.0000841076   0.0023835959   0.0003036589
        0.0039614962  -0.0010214121   0.0000702668   0.0001812483
        0.0003707621  -0.0000034797  -0.0003355022  -0.0016572968   0.0002997522
       -0.0000766770   0.0005257651   0.0001374127  -0.0000679563  -0.0011636378
       -0.0006672223  -0.0007334172   0.0011213193   0.0001158248   0.0011604802
       -0.0175209437  -0.0087150414  -0.0033213534   0.0051124353   0.0021930223
       -0.0001241346   0.0010807076   0.0004104392  -0.0012397063  -0.0767193067
        0.0854843348  -0.0993519571   0.0890387914  -0.2278175536   0.2880468785
        0.0333291942   0.0901008103  -0.0955497546  -0.0266082100   0.0224432979
       -0.0212753133   0.0156863107   0.0096920029  -0.0079204021  -0.0098184258
       -0.0181633969   0.0076013950  -0.0095008345   0.0209935034  -0.0670941108
        0.0104473507  -0.0103007922   0.0065666023  -0.0063652819   0.0028192613
       -0.0042634013   0.0059236423   0.0059997558  -0.0000705952   0.0001420620
       -0.0001729922  -0.0001456068   0.0002065306   0.0000405019  -0.0000132385
        0.0000491336   0.0001488669  -0.0001635128   0.0003829079   0.0000889682
       -0.0000272004   0.0002110011   0.0001166932   0.0002904018  -0.0002420448
       -0.0004236542  -0.0003932882  -0.0002044432   0.0001972482  -0.0007124745
        0.0005451808  -0.0011244117  -0.0001614431   0.0002228288  -0.0002190643
       -0.0002185505  -0.0097523439   0.0173568950  -0.0114495918   0.0012286512
       -0.0001702790   0.0006985413  -0.0035277094   0.0047299295   0.0057334481
        0.0006016764  -0.0001058328   0.0004896294  -0.0031454909   0.0042342398
        0.0034106275  -0.0000002818   0.0002809599   0.0007111837
        0.0000829333  -0.0000284109   0.0000081763   0.0003919826   0.0001355660
       -0.0000660962  -0.0000453943  -0.0000738396  -0.0001217212  -0.0000824954
       -0.0001076927   0.0001908394   0.0001522351   0.0000908205   0.0002716200
        0.0014996587   0.0023550551  -0.0009441718  -0.0008666955   0.0008839485
       -0.0000931031  -0.0003311780   0.0000755734  -0.0004702367   0.0030985971
        0.0271213201  -0.0172243836  -0.0983766798  -0.0753113755   0.0333291942
        0.6651209166   0.0274029041   0.1236095995  -0.2305218569   0.1263549426
       -0.1205565648  -0.0585942957  -0.0060254899  -0.0109348021  -0.0017322269
        0.0160564751  -0.0092930431  -0.0008263528  -0.0248661517   0.0151531948
       -0.0048783076  -0.0018284133  -0.0013769236   0.0009181442   0.0008907010
       -0.0002438139  -0.0005467427  -0.0012829313   0.0008833146  -0.0000146058
        0.0000058393   0.0000219488  -0.0000442937  -0.0000081233   0.0000057251
       -0.0000453977   0.0000050940   0.0000836874  -0.0000877964   0.0000048587
       -0.0000177378  -0.0000420114  -0.0000172692  -0.0000730618   0.0000919076
        0.0000817587   0.0000331456   0.0000351153  -0.0000169190   0.0003812611
       -0.0002886380   0.0003435758   0.0000397385  -0.0001272310  -0.0000547993
        0.0001011032  -0.0037639619   0.0012601971  -0.0018074587  -0.2693764936
       -0.0889533771  -0.0120725267   0.0037338127  -0.0020850938   0.0024508421
       -0.0049150812  -0.0025786625  -0.0012154538   0.0007762589   0.0003864240
       -0.0002016202  -0.0003938258  -0.0002165048   0.0001493287
        0.0002145102   0.0000235261  -0.0002191061  -0.0009939499  -0.0001001453
        0.0000873325  -0.0000470656  -0.0000235751   0.0000860861  -0.0000657149
       -0.0003230464  -0.0002374114   0.0002753527   0.0002318267  -0.0007927147
       -0.0036940375  -0.0016048439  -0.0003331740   0.0009242526   0.0000442128
        0.0006285899   0.0000909568  -0.0005517516  -0.0003515160   0.0159962767
       -0.0375215068   0.0264426818  -0.0306688403  -0.2164931819   0.0901008103
        0.0274029041   0.5032054895  -0.2224963555   0.0657778377  -0.1538020888
        0.0822533914   0.0377411446   0.0397134438  -0.0139966814   0.0108044936
       -0.0362389436   0.0223428492  -0.0504604199  -0.0077564232  -0.0066771062
       -0.0031741910  -0.0043217664   0.0069508578  -0.0041311031   0.0024430947
       -0.0031281518   0.0018509163   0.0000954160  -0.0003335263   0.0000437905
       -0.0000468419  -0.0000377297   0.0001334322   0.0000327575  -0.0000005370
       -0.0000334008   0.0000269822   0.0000100247   0.0002229690   0.0000813925
        0.0000417733   0.0002165176   0.0000693173   0.0002150594  -0.0000821057
       -0.0001114438   0.0000900837   0.0000344673  -0.0001310054   0.0001856166
        0.0012811717  -0.0008248122  -0.0000973526   0.0001648335  -0.0003007123
       -0.0000265436   0.0046779704   0.0035174117   0.0016111018  -0.0891499717
       -0.0738792949   0.0009839842   0.0177979876  -0.0163861556   0.0142097644
       -0.0029140457   0.0015792079   0.0020907811   0.0001108000  -0.0000871265
        0.0004978837  -0.0003477389  -0.0005594131  -0.0001007660
       -0.0001253999   0.0000433083   0.0001417240   0.0008586560   0.0001756291
       -0.0001575937   0.0000462574  -0.0000410090  -0.0003922490  -0.0001599192
        0.0002878541   0.0003778188  -0.0001887524  -0.0003109359   0.0008460766
        0.0029430413   0.0003699865  -0.0017493618  -0.0009430784   0.0001352785
       -0.0014036427   0.0004640797  -0.0006288664   0.0001306700  -0.0113028482
        0.0325309671  -0.0163253415   0.0074789902   0.0761639505  -0.0955497546
        0.1236095995  -0.2224963555   0.2673531563  -0.0837431843   0.0961746272
       -0.1184888116  -0.0379561930  -0.0243438538   0.0075580022  -0.0060222323
        0.0239792856  -0.0196316247   0.0295489272  -0.0002340119   0.0102137155
       -0.0004796452   0.0078827888   0.0021388070   0.0032730416  -0.0022921413
        0.0014534563  -0.0013313673  -0.0010464198  -0.0006347856  -0.0000568209
        0.0000727153   0.0000692922  -0.0000440410  -0.0000292184   0.0000051735
       -0.0000526624  -0.0000827288   0.0001095624  -0.0001346366  -0.0000725892
        0.0000318604  -0.0001697341  -0.0000229628  -0.0001136038   0.0000589689
        0.0000665332   0.0001459220   0.0001844686  -0.0002693358   0.0003763518
        0.0002897437  -0.0000145169  -0.0002629292   0.0001760301  -0.0000781819
        0.0001224912  -0.0042498078   0.0009484567   0.0015293618  -0.0116716852
        0.0011671348  -0.0350468524  -0.0097096569   0.0096861692  -0.0065382477
       -0.0010748389   0.0021689124   0.0045419250   0.0001415890   0.0001147470
       -0.0004134683   0.0003431105  -0.0000052168  -0.0004371009
        0.0001600318  -0.0000153314  -0.0001334871  -0.0005131734   0.0001725566
        0.0001587380  -0.0000575809  -0.0000100087   0.0000675314  -0.0000456086
       -0.0002238825  -0.0001847559   0.0006692261   0.0003048581  -0.0003954877
       -0.0026302875  -0.0005521522   0.0002339032   0.0005235859  -0.0000634368
        0.0002846630   0.0000755155  -0.0003149901  -0.0001050679   0.0065194570
       -0.0128495452   0.0059711319   0.0310435063   0.0576980498  -0.0266082100
       -0.2305218569   0.0657778377  -0.0837431843   0.6290717083   0.0403007726
        0.0994684374  -0.2827296620  -0.0387217553  -0.0332638213  -0.0052989141
       -0.0785779677   0.0461441178  -0.0407458826   0.0185820144  -0.0204629964
       -0.0038583538  -0.0128204056   0.0079312865  -0.0058609513   0.0047358521
       -0.0046714877   0.0052625248   0.0016850660   0.0001600447   0.0000095689
       -0.0000574043  -0.0000428836   0.0000875246   0.0000430864   0.0000261105
       -0.0000249252   0.0000512986  -0.0000667367   0.0001819097   0.0000530989
        0.0000064868   0.0001592828   0.0000587548   0.0001764573  -0.0001143146
       -0.0000639664   0.0000625056  -0.0004482726   0.0001621579   0.0000909701
        0.0002981522   0.0002020059   0.0003580028   0.0001715318  -0.0000268447
       -0.0000954862   0.0023335728   0.0020310924  -0.0000784042  -0.0242898842
        0.0134501843  -0.0139141465  -0.0568710384  -0.0526099321   0.0243817689
       -0.0225630859  -0.0057690593  -0.0016968540   0.0006875206  -0.0019118083
       -0.0002646655  -0.0006808273  -0.0007201958   0.0002055190
       -0.0000761134  -0.0000144555   0.0000690570   0.0002341817  -0.0000421920
       -0.0000618140   0.0000225821   0.0000192466   0.0000102545   0.0000869712
        0.0000767443   0.0000508489  -0.0002621991   0.0000660535   0.0000656580
        0.0009617590   0.0007497945   0.0001261712  -0.0003369565  -0.0001953450
        0.0000093309  -0.0000404927   0.0001440598   0.0000146449  -0.0056574491
       -0.0010063710   0.0025847951   0.0152710772  -0.0339695047   0.0224432979
        0.1263549426  -0.1538020888   0.0961746272   0.0403007726   0.5379206526
       -0.2385103906  -0.1058188375  -0.1055841098   0.0088570389  -0.0287876850
       -0.0171418370   0.0046536332   0.0037362247   0.0006787127  -0.0026446786
       -0.0001905617  -0.0009515874   0.0003597157  -0.0001121795   0.0007295919
       -0.0004315623   0.0005965917   0.0002765598  -0.0001578302  -0.0000075603
        0.0000207289   0.0000149294  -0.0000439345  -0.0000122580  -0.0000070272
        0.0000130840   0.0000039532  -0.0000076091  -0.0000725329  -0.0000189908
       -0.0000151008  -0.0000488832  -0.0000330265  -0.0000665712   0.0000253136
        0.0000045991  -0.0000703237   0.0001209205   0.0000937186  -0.0001750384
       -0.0000180616  -0.0002319477   0.0000217013  -0.0000650937   0.0000695070
        0.0000249351   0.0006927896  -0.0011272600   0.0010361972  -0.0064388007
        0.0046492471  -0.0045516888  -0.0524356110  -0.2338071190   0.1033803553
        0.0143691499   0.0043726453   0.0006327676  -0.0024557967  -0.0018763271
        0.0060151937   0.0000823889  -0.0000613946   0.0001544819
        0.0000764288  -0.0000047007  -0.0000716949  -0.0003827645  -0.0000423200
        0.0000034574  -0.0000523092   0.0000044399   0.0001902176   0.0001607607
       -0.0001090452  -0.0001107844   0.0003224210   0.0001005316  -0.0002820397
       -0.0008140788   0.0002279819   0.0003838190   0.0004077021  -0.0002053826
       -0.0000224290   0.0001707719  -0.0002862886  -0.0000489467   0.0026370768
        0.0001173940   0.0033643344  -0.0010849207   0.0317740139  -0.0212753133
       -0.1205565648   0.0822533914  -0.1184888116   0.0994684374  -0.2385103906
        0.2817665104   0.0061957647   0.0242005551  -0.0607467373   0.0158934608
       -0.0067883227   0.0089872233  -0.0106009948   0.0009301176  -0.0082079928
       -0.0007144157  -0.0025870274   0.0013950711  -0.0013805573   0.0007841583
       -0.0006198565   0.0009517126   0.0001376647  -0.0000934606   0.0000054300
       -0.0000219764  -0.0000175251   0.0000411861   0.0000159749   0.0000165761
       -0.0000202917   0.0000034706  -0.0000065701   0.0000742368   0.0000380079
        0.0000084992   0.0000795192   0.0000176484   0.0000829707  -0.0000409743
        0.0000057971   0.0000658601  -0.0001484310   0.0000258468   0.0001299494
        0.0001238625   0.0001499115   0.0000913229   0.0001328588  -0.0000492439
       -0.0000438455   0.0003001447   0.0017960240   0.0007233571  -0.0022095251
        0.0006642901  -0.0009263178   0.0254341004   0.1034024168  -0.0902301941
       -0.0139697127  -0.0040909343  -0.0009296505  -0.0002619383   0.0061162679
        0.0048670312  -0.0002383965  -0.0000702719   0.0000459701
       -0.0000943917   0.0000031596   0.0000904256   0.0004614342  -0.0000150858
       -0.0000555615   0.0000756213   0.0000278404  -0.0001041589  -0.0000202989
        0.0001613260   0.0001538758  -0.0002346371  -0.0000756352   0.0003676282
        0.0014199198   0.0003203662  -0.0000842575  -0.0003506804   0.0000444081
       -0.0002140413   0.0000400160   0.0001691725   0.0000646271  -0.0044532853
        0.0069332915  -0.0037606207  -0.0156848176  -0.0306019328   0.0156863107
       -0.0585942957   0.0377411446  -0.0379561930  -0.2827296620  -0.1058188375
        0.0061957647   0.6234421547   0.0406588932   0.0979279239  -0.1038187646
       -0.0238519224   0.0023222370   0.0324540733  -0.0002522584   0.0075510284
        0.0003828243   0.0134967074  -0.0105664948   0.0051236720  -0.0026368765
        0.0032321869  -0.0050505196  -0.0022150274   0.0003929005  -0.0000211093
        0.0000311577   0.0000285202  -0.0000491284  -0.0000201798  -0.0000036469
        0.0000115767  -0.0000198765  -0.0000127453  -0.0001093115  -0.0000400220
       -0.0000106254  -0.0001082723  -0.0000375774  -0.0001036618   0.0000154720
        0.0000267914  -0.0000390168   0.0000693981  -0.0000716395  -0.0001559225
       -0.0002829648  -0.0000254935  -0.0002348115  -0.0000605308   0.0000127885
        0.0000549389  -0.0014363383  -0.0016564923   0.0000054401  -0.0014651277
        0.0017073370  -0.0033444657  -0.0074975520  -0.0039378083   0.0010376846
       -0.1737213439   0.0939655887  -0.0910472239  -0.0084247902  -0.0245410010
        0.0126618619   0.0007116599   0.0005176937  -0.0000799068
       -0.0000527390   0.0000256889   0.0000540456   0.0003581575  -0.0000144704
       -0.0000749117   0.0000570670   0.0000228773  -0.0000915613   0.0000010522
        0.0001171828   0.0001211210  -0.0002096214  -0.0000414443   0.0002485413
        0.0010390813   0.0001239954  -0.0002100231  -0.0002582507   0.0001018920
       -0.0000030410  -0.0001339419   0.0002150382  -0.0000437071  -0.0022939406
        0.0053876246  -0.0024907119  -0.0210464421  -0.0302586410   0.0096920029
       -0.0060254899   0.0397134438  -0.0243438538  -0.0387217553  -0.1055841098
        0.0242005551   0.0406588932   0.5278783764  -0.2501036653  -0.0870698382
       -0.2725525284   0.1229406243   0.0410828266  -0.0438462005   0.0386658561
        0.0050691222   0.0146655390  -0.0037879010   0.0055386921  -0.0059367069
        0.0045555965  -0.0047408167  -0.0013986928  -0.0007579161  -0.0000178885
        0.0000329444   0.0000305466  -0.0000461933  -0.0000230792  -0.0000075281
        0.0000200223  -0.0000242628  -0.0000051915  -0.0000851377  -0.0000407701
       -0.0000102842  -0.0000748840  -0.0000329103  -0.0000832509   0.0000079027
       -0.0000121406  -0.0000690056   0.0001661711  -0.0000613236  -0.0001791499
       -0.0001299384  -0.0001368096  -0.0000849435  -0.0001032686   0.0000373340
        0.0000583015  -0.0014513820  -0.0010234130  -0.0000901121   0.0022714392
        0.0013281446   0.0050058243  -0.0245030594  -0.0101855061   0.0017404268
        0.0942507264  -0.1094336477   0.0698622276  -0.0042987061  -0.0097256556
        0.0055664809   0.0007421400   0.0006822312  -0.0003053920
        0.0000125365  -0.0000083453   0.0000021065  -0.0000506429   0.0000366280
        0.0000261477  -0.0000139664  -0.0000089442   0.0000002555  -0.0000557191
       -0.0000160410  -0.0000140825   0.0000625323  -0.0000204245  -0.0000211097
       -0.0003564724  -0.0001992183  -0.0001504005   0.0000212717   0.0000419361
       -0.0000470061   0.0000372942  -0.0001006003   0.0000920627   0.0002404927
       -0.0014786651   0.0006629135   0.0112424689   0.0078268716  -0.0079204021
       -0.0109348021  -0.0139966814   0.0075580022  -0.0332638213   0.0088570389
       -0.0607467373   0.0979279239  -0.2501036653   0.2849691227   0.0410039363
        0.1368095901  -0.1207338020  -0.0191884687   0.0285319059  -0.0192452577
       -0.0045603971  -0.0004021222   0.0074055143  -0.0017157202   0.0018429398
       -0.0030372334   0.0018995136  -0.0001364680  -0.0004102244  -0.0000020019
       -0.0000090916  -0.0000120626   0.0000195785   0.0000109861   0.0000044745
       -0.0000118786   0.0000054476  -0.0000051476   0.0000251201   0.0000072283
        0.0000040156   0.0000165578   0.0000134008   0.0000242420   0.0000037793
        0.0000015569   0.0000366355  -0.0001131060   0.0000084864   0.0000185622
       -0.0000187087   0.0001253384  -0.0000337011   0.0000454166   0.0000094014
       -0.0000339601   0.0005338956   0.0002894220   0.0001251904  -0.0039533749
        0.0045246546   0.0048734822   0.0120997309   0.0061680563   0.0010899233
       -0.0911846673   0.0699503575  -0.0956067234   0.0004590037   0.0017957639
        0.0010957915  -0.0002273051  -0.0003767431   0.0000294083
       -0.0000248492   0.0000214925  -0.0000008593   0.0000200000  -0.0000446035
        0.0000218336   0.0000568603   0.0000279383  -0.0000252089  -0.0000454791
       -0.0000733181  -0.0000551018  -0.0001715990   0.0000215977   0.0000985136
       -0.0012773713   0.0003383778  -0.0008245864   0.0002231987   0.0000604410
       -0.0000572668  -0.0000927566   0.0002099886   0.0000029114  -0.0042379009
       -0.0007511837  -0.0004454006  -0.0453858636  -0.0009319071  -0.0098184258
       -0.0017322269   0.0108044936  -0.0060222323  -0.0052989141  -0.0287876850
        0.0158934608  -0.1038187646  -0.0870698382   0.0410039363   0.6274016803
        0.0808451984   0.0636420230  -0.1977866290   0.0889032989  -0.0899538663
        0.0098936907   0.0169280759  -0.0083563202   0.0046078477  -0.0080006704
        0.0058136529  -0.0058871674  -0.0041693315   0.0012017628   0.0000037721
        0.0000034223   0.0000039685   0.0000001696  -0.0000086152   0.0000034491
        0.0000164137  -0.0000056605  -0.0000101730  -0.0000182786   0.0000036301
        0.0000101333  -0.0000372304  -0.0000202030  -0.0000042768  -0.0000595603
       -0.0000350035   0.0000303841   0.0000631037  -0.0000198278  -0.0001252533
       -0.0001811747  -0.0000607782  -0.0000397305  -0.0000249453  -0.0000066665
        0.0000179969  -0.0008083846  -0.0003423454  -0.0000143499   0.0007419226
        0.0005818110   0.0000072536  -0.0051183487  -0.0033909863  -0.0009071628
        0.0036138024   0.0181786603  -0.0101946204  -0.2750247446  -0.0841788309
       -0.0004573830   0.0003897270   0.0009690287  -0.0004390618
        0.0000626380  -0.0000553796  -0.0000322053  -0.0003576582  -0.0000621132
        0.0000894190  -0.0000509561  -0.0000201026   0.0001005032  -0.0000228836
       -0.0001820968  -0.0000593871   0.0001604347  -0.0000389488  -0.0001711433
       -0.0017054260   0.0004758261   0.0003561076   0.0000522332  -0.0001118635
       -0.0001015572   0.0001147733  -0.0003978801   0.0001623170   0.0002165070
       -0.0060667130   0.0047784094   0.0266344462   0.0391670690  -0.0181633969
        0.0160564751  -0.0362389436   0.0239792856  -0.0785779677  -0.0171418370
       -0.0067883227  -0.0238519224  -0.2725525284   0.1368095901   0.0808451984
        0.5334711276  -0.2426946917   0.0562812480  -0.1180230425   0.0576641105
        0.0090670514  -0.0391789027   0.0243904978  -0.0068449904   0.0006763391
        0.0006933028   0.0091717037   0.0000286780   0.0027692925   0.0000100593
       -0.0000215741  -0.0000299471   0.0000403947   0.0000301979   0.0000002025
       -0.0000229634   0.0000243998  -0.0000105939   0.0000764749   0.0000583507
       -0.0000012626   0.0000785205   0.0000460047   0.0000623185   0.0000469066
        0.0000600431   0.0000525792  -0.0002329335   0.0000504971   0.0001675950
        0.0002452007   0.0002258134   0.0000219036   0.0001081185  -0.0000036190
       -0.0000710936   0.0014870249   0.0008276419   0.0004545831   0.0001807105
       -0.0004146535   0.0000557088  -0.0029066297   0.0014396531   0.0021350729
       -0.0020367353  -0.0159927574   0.0091016338  -0.0841317168  -0.0694463658
        0.0040988142  -0.0001933362  -0.0006323200   0.0001803542
       -0.0000624568   0.0000451717   0.0000260021   0.0003016290  -0.0000900875
        0.0000046941   0.0000018828   0.0000115630  -0.0000797232   0.0001137926
        0.0000502179   0.0001564832   0.0002101525   0.0001070745   0.0000698363
        0.0009278990   0.0009937253   0.0010334624  -0.0004554100  -0.0000298865
       -0.0000194135  -0.0000832186   0.0003170008  -0.0001051830  -0.0021222962
        0.0056260950   0.0003113424  -0.0255019499  -0.0252009364   0.0076013950
       -0.0092930431   0.0223428492  -0.0196316247   0.0461441178   0.0046536332
        0.0089872233   0.0023222370   0.1229406243  -0.1207338020   0.0636420230
       -0.2426946917   0.2816450242  -0.0705402717   0.0648927536  -0.1000237474
       -0.0022946954   0.0274458766  -0.0219249262   0.0046729227   0.0000938189
        0.0049458084  -0.0078879381  -0.0007081632  -0.0005724475  -0.0000122835
        0.0000192185   0.0000267108  -0.0000318907  -0.0000206558   0.0000032691
        0.0000190092  -0.0000234367   0.0000085522  -0.0000665182  -0.0000143854
        0.0000037433  -0.0000280822  -0.0000284986  -0.0000377789  -0.0000347465
        0.0000007874  -0.0000167236   0.0001746320  -0.0000462612  -0.0001178648
       -0.0002009756  -0.0001206720   0.0000416232  -0.0000625140   0.0000120134
        0.0000516596  -0.0010427015  -0.0006868574  -0.0001576491   0.0001152162
        0.0002775456  -0.0002014668  -0.0011610051   0.0022844386   0.0054265637
        0.0022753822   0.0135657586  -0.0087249023  -0.0003988180   0.0034752890
       -0.0375294293   0.0003599193   0.0005090772  -0.0004667109
       -0.0001251940  -0.0000003656   0.0001352642   0.0007076955  -0.0002409329
       -0.0001064731   0.0000889842  -0.0000016736  -0.0000352325   0.0000405457
        0.0001131272  -0.0001009308  -0.0023019043  -0.0008277963   0.0004055507
        0.0019966163   0.0023591724  -0.0036004267  -0.0010571383  -0.0003120864
       -0.0009189255   0.0004980806  -0.0005076929   0.0002387135  -0.0498839423
        0.0049884880  -0.0113926789  -0.2384131238  -0.0441381439  -0.0095008345
       -0.0008263528  -0.0504604199   0.0295489272  -0.0407458826   0.0037362247
       -0.0106009948   0.0324540733   0.0410828266  -0.0191884687  -0.1977866290
        0.0562812480  -0.0705402717   0.6228038029   0.0314504455   0.0903717083
       -0.0734322154  -0.0321697467   0.0213780727   0.0079833336   0.0214794408
       -0.0172081503  -0.0329763075  -0.0382405600   0.0142051825  -0.0000543123
        0.0000810451   0.0000534299  -0.0001165313  -0.0000242065   0.0000036241
       -0.0000109747  -0.0000784994   0.0000699400  -0.0001945316  -0.0000238972
       -0.0000177769  -0.0003183783  -0.0000672378  -0.0002180870   0.0001070494
        0.0002490204  -0.0000057782  -0.0000804959  -0.0001198266   0.0003290767
       -0.0001835968   0.0003517557  -0.0001725776   0.0001563924   0.0001244348
        0.0000063761  -0.0012389029  -0.0034275024   0.0015586267   0.0006798362
       -0.0010367611  -0.0005075249  -0.0004067727   0.0003090973  -0.0001641990
        0.0009385596  -0.0023409415   0.0001236672  -0.0241233821   0.0132318466
       -0.0128521591  -0.0041784011  -0.0018198825  -0.0012966698
       -0.0001700191   0.0000937061   0.0000762919   0.0007203420  -0.0000804259
       -0.0000873580   0.0000594258   0.0000394521  -0.0001164483   0.0002126323
        0.0004464654   0.0003804329   0.0003261774  -0.0000136545   0.0004866492
        0.0035875908  -0.0000479789   0.0026304517  -0.0009600844  -0.0000069970
       -0.0005800160  -0.0000735617   0.0001423279   0.0000330766   0.0065274790
        0.0189737983  -0.0086057949  -0.0641763288  -0.1044099066   0.0209935034
       -0.0248661517  -0.0077564232  -0.0002340119   0.0185820144   0.0006787127
        0.0009301176  -0.0002522584  -0.0438462005   0.0285319059   0.0889032989
       -0.1180230425   0.0648927536   0.0314504455   0.4606319812  -0.2151533098
       -0.0288832771  -0.1456980937   0.0476027516   0.0207968587  -0.0385991275
        0.0417647124  -0.0393893317  -0.0208818318   0.0080368702  -0.0000453531
        0.0000889333   0.0000844495  -0.0001088808  -0.0000597830   0.0000012437
        0.0000511130  -0.0001025674   0.0000477178  -0.0001748379  -0.0000996287
        0.0000071296  -0.0001259954  -0.0000660861  -0.0001532709   0.0000534796
       -0.0000017933  -0.0001286537   0.0002418692  -0.0001925126  -0.0000433734
       -0.0000657299  -0.0000100309  -0.0002463291  -0.0000640931   0.0001380836
        0.0001285226  -0.0042737661  -0.0048890794   0.0004013356  -0.0021139826
       -0.0028155828   0.0048890799   0.0003619507   0.0003469725  -0.0000591568
       -0.0017272942  -0.0021269167   0.0059294753  -0.0053272033   0.0047475709
       -0.0035363306   0.0009234723   0.0033996590   0.0010955824
        0.0000427013  -0.0000932055  -0.0000328225  -0.0005680790  -0.0001601876
        0.0002202336  -0.0000061884   0.0000077213   0.0001984206   0.0000191374
       -0.0004264175  -0.0000996951   0.0003838700   0.0001823473  -0.0003342790
       -0.0031112477   0.0024716597   0.0012775598  -0.0000921784  -0.0002271678
       -0.0001845978   0.0000161560  -0.0003887382  -0.0000014280  -0.0130219377
       -0.0099172510   0.0044767374   0.0008879882   0.0271257183  -0.0670941108
        0.0151531948  -0.0066771062   0.0102137155  -0.0204629964  -0.0026446786
       -0.0082079928   0.0075510284   0.0386658561  -0.0192452577  -0.0899538663
        0.0576641105  -0.1000237474   0.0903717083  -0.2151533098   0.2705632535
        0.0169916372   0.0447575241  -0.0895818697  -0.0163290978   0.0428857617
       -0.0181584588   0.0156879119   0.0085131622   0.0058810751   0.0000012200
       -0.0000323495  -0.0000400106   0.0000535679   0.0000412370   0.0000262913
       -0.0000455593   0.0000374235  -0.0000212685   0.0000877742   0.0001067225
        0.0000109772   0.0001110691   0.0000347095   0.0001062789   0.0000102330
        0.0000904722   0.0001815092  -0.0002042170   0.0001325133   0.0000632486
        0.0002394301   0.0002270725   0.0000974279   0.0001339156   0.0000144401
       -0.0000508196   0.0024202227   0.0014940345  -0.0006972516  -0.0002843651
        0.0051735120   0.0031000676  -0.0002130347  -0.0004262314  -0.0005089510
       -0.0005831941   0.0057329639   0.0042829560  -0.0022807460   0.0004930724
        0.0002197109  -0.0030060583   0.0002946083   0.0033630981
        0.0002375566   0.0000116212  -0.0002392182  -0.0005531154  -0.0001097828
        0.0001145480   0.0000817356   0.0000288611  -0.0000223727  -0.0001045917
       -0.0001205116  -0.0002258421   0.0010040381   0.0002451232   0.0000905470
       -0.0046900598  -0.0008857783  -0.0002780459   0.0011007669   0.0003061090
       -0.0000099201   0.0000458365   0.0000129359  -0.0003747776   0.0058258970
        0.0014271606   0.0002499896  -0.0145240696  -0.0210478589   0.0104473507
       -0.0048783076  -0.0031741910  -0.0004796452  -0.0038583538  -0.0001905617
       -0.0007144157   0.0003828243   0.0050691222  -0.0045603971   0.0098936907
        0.0090670514  -0.0022946954  -0.0734322154  -0.0288832771   0.0169916372
        0.5762765661  -0.0598482588   0.1546962959  -0.2374238698   0.1637121580
       -0.1611385827  -0.2287988863  -0.0469804654  -0.0183618049  -0.0000163275
       -0.0000630548  -0.0000090151   0.0000734968   0.0000294586   0.0000345471
       -0.0000423471   0.0000282662  -0.0000223959   0.0001675118   0.0000516573
        0.0000085506   0.0001273801   0.0000608038   0.0001688082  -0.0002930653
       -0.0001662718  -0.0000615136  -0.0000871363   0.0001781510  -0.0000784384
        0.0000202779  -0.0000711715   0.0005909936   0.0000638093  -0.0001290061
       -0.0000372457  -0.0097068309  -0.0032150369  -0.0002141703  -0.0003253180
       -0.0009649576   0.0006547163  -0.0000932765   0.0003665831   0.0000553378
       -0.0000419456   0.0012138790  -0.0010171410  -0.0016697982   0.0018603683
       -0.0010786126  -0.0147618729  -0.0178191256   0.0071149283
        0.0003233041  -0.0001722232  -0.0001485756  -0.0013904394   0.0001730628
        0.0002225637   0.0000138871  -0.0000272399   0.0002776989  -0.0002703953
       -0.0005151349  -0.0002279728   0.0014838115   0.0002375450  -0.0005447770
       -0.0044912640  -0.0012133554   0.0009171312   0.0015629580   0.0001677271
        0.0007925970   0.0001752181  -0.0005865571  -0.0001017148   0.0159695857
       -0.0179622518   0.0107642562  -0.0412240324  -0.0003018950  -0.0103007922
       -0.0018284133  -0.0043217664   0.0078827888  -0.0128204056  -0.0009515874
       -0.0025870274   0.0134967074   0.0146655390  -0.0004021222   0.0169280759
       -0.0391789027   0.0274458766  -0.0321697467  -0.1456980937   0.0447575241
       -0.0598482588   0.5170922767  -0.2527038254   0.1562272096  -0.2376840686
        0.1662601674  -0.0244538497  -0.0850985231   0.0154816376   0.0000682224
       -0.0001285956  -0.0001541719   0.0002130963   0.0001130924   0.0000082769
       -0.0000796581   0.0001661220  -0.0001260480   0.0003350067   0.0001567858
       -0.0000094550   0.0003736914   0.0001505809   0.0002892063  -0.0000394461
        0.0000205398   0.0001141136  -0.0004128150   0.0002228953  -0.0000464795
       -0.0001188802   0.0005721505   0.0003752592   0.0002650144  -0.0001679123
       -0.0002533978   0.0091363979   0.0092883802  -0.0020489184   0.0005730399
        0.0003469717  -0.0003031968   0.0003174704   0.0002074469  -0.0016137781
       -0.0006963512   0.0006075062  -0.0001224179  -0.0012009155   0.0004280916
       -0.0025072551  -0.0364178257  -0.0106086070  -0.0013871714
       -0.0001551691   0.0001015735  -0.0000172627   0.0006570619  -0.0001714279
       -0.0001138257   0.0000555082   0.0000316841  -0.0001886144   0.0001452968
        0.0002414962   0.0000214949  -0.0006293040  -0.0001017440   0.0005119898
        0.0014634533   0.0009478683  -0.0001048662  -0.0005715768  -0.0001186591
       -0.0002980907  -0.0000150479   0.0004114326  -0.0001878485  -0.0076334366
        0.0107521486  -0.0086255304   0.0223230240  -0.0057276401   0.0065666023
       -0.0013769236   0.0069508578   0.0021388070   0.0079312865   0.0003597157
        0.0013950711  -0.0105664948  -0.0037879010   0.0074055143  -0.0083563202
        0.0243904978  -0.0219249262   0.0213780727   0.0476027516  -0.0895818697
        0.1546962959  -0.2527038254   0.3849856596  -0.1573422937   0.1678999131
       -0.2199839841  -0.0331912839   0.0094672640  -0.0671150012  -0.0000107696
        0.0000552091   0.0000827411  -0.0001408650  -0.0000703294   0.0000014726
        0.0000571282  -0.0000715749   0.0000744712  -0.0001746280  -0.0000767496
       -0.0000088768  -0.0002276969  -0.0000830014  -0.0001534805  -0.0001239642
       -0.0000555576  -0.0002103304   0.0002077773  -0.0000806856   0.0000035273
        0.0000534084  -0.0003279783  -0.0001080492  -0.0001270611   0.0000613790
        0.0001197420  -0.0091989272  -0.0068145045   0.0014763260  -0.0003498223
       -0.0006989518  -0.0003192410   0.0002617467  -0.0012010629  -0.0009133044
        0.0002278923   0.0003743404   0.0008462370   0.0009041279  -0.0015308565
       -0.0014025071   0.0198295047   0.0039743180   0.0056279529
       -0.0000631404  -0.0000809553   0.0001068897  -0.0001026955   0.0004185333
        0.0000380514  -0.0001043591  -0.0000345260   0.0000967022   0.0001108377
        0.0000140334   0.0000937814  -0.0000713912   0.0001399700  -0.0004190881
        0.0024943027  -0.0012935582   0.0017690731  -0.0007970684  -0.0003450251
        0.0003063418   0.0000182049  -0.0001944993   0.0002122211  -0.0045429432
       -0.0182461223   0.0089140304  -0.0149355847   0.0063550857  -0.0063652819
        0.0009181442  -0.0041311031   0.0032730416  -0.0058609513  -0.0001121795
       -0.0013805573   0.0051236720   0.0055386921  -0.0017157202   0.0046078477
       -0.0068449904   0.0046729227   0.0079833336   0.0207968587  -0.0163290978
       -0.2374238698   0.1562272096  -0.1573422937   0.3240377857  -0.1914314337
        0.2145468019  -0.0894217210   0.0276377121  -0.0507425293   0.0000178551
        0.0000036368  -0.0000307880  -0.0000029457   0.0000052625  -0.0000123687
       -0.0000032986   0.0000226315  -0.0000187576  -0.0000215831  -0.0000178099
       -0.0000010874   0.0000309174   0.0000029369  -0.0000147554   0.0001364002
       -0.0000090451   0.0001714857  -0.0001017602  -0.0000290210   0.0000267473
        0.0000208937   0.0001959086  -0.0002452372   0.0000196247   0.0000336885
       -0.0000356388   0.0046686791   0.0036976324  -0.0004257847   0.0000345104
        0.0000954378  -0.0000656432   0.0000282712  -0.0000214955  -0.0001806936
       -0.0000931223   0.0001163678  -0.0000093559   0.0001084379  -0.0006401582
        0.0002639552   0.0031867164   0.0021303249   0.0008426334
       -0.0001698121   0.0000837136   0.0000583569   0.0005388981   0.0000678499
       -0.0000600963  -0.0000210301   0.0000301234  -0.0000923555   0.0002001300
        0.0002800359   0.0001341057  -0.0004487962   0.0000592225   0.0001550626
        0.0020664645  -0.0005772575   0.0008216792  -0.0010558229  -0.0001757903
       -0.0004390801  -0.0001476856   0.0003395707   0.0000261112  -0.0116110640
        0.0022153227  -0.0009422222   0.0100830264  -0.0016886220   0.0028192613
        0.0008907010   0.0024430947  -0.0022921413   0.0047358521   0.0007295919
        0.0007841583  -0.0026368765  -0.0059367069   0.0018429398  -0.0080006704
        0.0006763391   0.0000938189   0.0214794408  -0.0385991275   0.0428857617
        0.1637121580  -0.2376840686   0.1678999131  -0.1914314337   0.2674509264
       -0.2195951393   0.0137526491   0.0189902984   0.0064570687  -0.0000312298
        0.0000613250   0.0000795090  -0.0001028161  -0.0000548757   0.0000075436
        0.0000311866  -0.0000802582   0.0000652946  -0.0001575785  -0.0000897095
        0.0000194087  -0.0001672821  -0.0000697394  -0.0001219488   0.0000470437
       -0.0000873272   0.0000360152   0.0002316529  -0.0000683550   0.0000137047
        0.0000598242  -0.0003828033  -0.0000685183  -0.0001112809   0.0000899061
        0.0001419288  -0.0041729616  -0.0059834350   0.0000205459  -0.0001776852
       -0.0001297638   0.0000068761  -0.0000728576  -0.0002127271   0.0004388276
        0.0002220049  -0.0010623589   0.0004074593  -0.0001362702   0.0002620851
        0.0000668807   0.0026021213  -0.0008964797  -0.0016707300
        0.0001144200  -0.0000553867   0.0000240973  -0.0004687758   0.0000165078
        0.0000577459  -0.0000108278  -0.0000024805   0.0002036769  -0.0000867564
       -0.0001962873  -0.0000182824   0.0002909462   0.0000103770  -0.0003526107
       -0.0010931632  -0.0000192974  -0.0002017204   0.0004783835   0.0000304722
        0.0002969911   0.0001021087  -0.0001380908   0.0001470143   0.0063009062
       -0.0038811513   0.0053433730  -0.0103646415   0.0016925275  -0.0042634013
       -0.0002438139  -0.0031281518   0.0014534563  -0.0046714877  -0.0004315623
       -0.0006198565   0.0032321869   0.0045555965  -0.0030372334   0.0058136529
        0.0006933028   0.0049458084  -0.0172081503   0.0417647124  -0.0181584588
       -0.1611385827   0.1662601674  -0.2199839841   0.2145468019  -0.2195951393
        0.2371404495  -0.0419285413   0.0100136478   0.0035923530  -0.0000030346
       -0.0000358699  -0.0000558800   0.0000871916   0.0000466984  -0.0000011624
       -0.0000352676   0.0000477021  -0.0000569755   0.0000943172   0.0000566368
       -0.0000096852   0.0001453231   0.0000452025   0.0000714261   0.0001875032
        0.0001247210   0.0001438823  -0.0001719646   0.0000877391  -0.0000438936
       -0.0000707899   0.0000974991   0.0001084197   0.0000290024  -0.0000739277
       -0.0000724407   0.0053338681   0.0031759124  -0.0026911859   0.0001340378
        0.0001012015   0.0000019917  -0.0000138668   0.0002978556  -0.0000668968
       -0.0000475111   0.0004587353  -0.0008420140   0.0000926947  -0.0002409207
        0.0002283425   0.0005738307  -0.0017789498  -0.0032833462
       -0.0002639564   0.0000312021   0.0002110493   0.0006742632  -0.0000018739
       -0.0001242260   0.0000032201  -0.0000025403  -0.0000798589   0.0000462129
        0.0002211836   0.0002603355  -0.0008677406  -0.0003232500   0.0002863313
        0.0032564341   0.0006281474  -0.0000818299  -0.0009343716  -0.0001123307
       -0.0004248629  -0.0001924213   0.0001089796   0.0003421484  -0.0069648722
        0.0025440471  -0.0021592399   0.0110973670  -0.0059930862   0.0059236423
       -0.0005467427   0.0018509163  -0.0013313673   0.0052625248   0.0005965917
        0.0009517126  -0.0050505196  -0.0047408167   0.0018995136  -0.0058871674
        0.0091717037  -0.0078879381  -0.0329763075  -0.0393893317   0.0156879119
       -0.2287988863  -0.0244538497  -0.0331912839  -0.0894217210   0.0137526491
       -0.0419285413   0.3881979836   0.1031908002   0.0307810008   0.0000120043
        0.0000739690   0.0000315529  -0.0000692987  -0.0000357264  -0.0000375244
        0.0000600745  -0.0000529773   0.0000397072  -0.0001510510  -0.0000637883
        0.0000024701  -0.0001366069  -0.0000588435  -0.0001644275   0.0002350225
        0.0001483954  -0.0000251083   0.0002223586  -0.0001670207   0.0000414239
       -0.0000008620  -0.0001077102  -0.0004529790  -0.0000629371   0.0001618653
        0.0000637967   0.0031468137   0.0016566852  -0.0009486904  -0.0002895450
       -0.0004616811   0.0000795909  -0.0000183410  -0.0002944334   0.0002035767
        0.0001880389  -0.0002369494   0.0002478410   0.0017966978  -0.0006261595
        0.0006607717  -0.0415656678  -0.0570147667   0.0311235010
       -0.0000882077   0.0000492733   0.0000690399   0.0003313625   0.0000103033
       -0.0000651136   0.0000059343   0.0000068878  -0.0000638440   0.0000129350
        0.0001147782   0.0000933215  -0.0004079304  -0.0000771210   0.0001480361
        0.0013078559   0.0000783665  -0.0004450295  -0.0002818222  -0.0000187619
       -0.0001487682  -0.0001149217   0.0001661421   0.0001219676  -0.0022098636
        0.0023512265  -0.0006515121   0.0035764934  -0.0058588621   0.0059997558
       -0.0012829313   0.0000954160  -0.0010464198   0.0016850660   0.0002765598
        0.0001376647  -0.0022150274  -0.0013986928  -0.0001364680  -0.0041693315
        0.0000286780  -0.0007081632  -0.0382405600  -0.0208818318   0.0085131622
       -0.0469804654  -0.0850985231   0.0094672640   0.0276377121   0.0189902984
        0.0100136478   0.1031908002   0.3732689276  -0.2020719085  -0.0000001025
        0.0000299582   0.0000194635  -0.0000209989  -0.0000157430  -0.0000095060
        0.0000295245  -0.0000227300   0.0000175806  -0.0000548900  -0.0000396771
        0.0000041171  -0.0000588218  -0.0000389682  -0.0000624830   0.0000620240
       -0.0000130063  -0.0000422681   0.0001191376  -0.0000523393  -0.0000176689
        0.0000309117  -0.0001729761  -0.0001751613  -0.0000593819   0.0000557637
        0.0000350066  -0.0003605281  -0.0007425965   0.0001271905  -0.0002898975
       -0.0005668574   0.0002619164  -0.0000810299  -0.0001218789   0.0002750185
        0.0001564261  -0.0000144736   0.0000940279  -0.0000356627  -0.0030927149
        0.0019854460  -0.0411938087  -0.2772948256   0.1682606875
        0.0000110455  -0.0000095065   0.0000364098   0.0000369565   0.0000497920
       -0.0000372533  -0.0000112980  -0.0000061618   0.0000135061  -0.0000556751
        0.0000380815   0.0000244965  -0.0001159469  -0.0000779816   0.0000236681
        0.0002191611  -0.0003885637  -0.0004408112  -0.0000017461   0.0000489366
        0.0000016886   0.0000734467  -0.0000442244   0.0000990061  -0.0008249705
       -0.0001446772   0.0011632731   0.0004879674   0.0038412609  -0.0000705952
        0.0008833146  -0.0003335263  -0.0006347856   0.0001600447  -0.0001578302
       -0.0000934606   0.0003929005  -0.0007579161  -0.0004102244   0.0012017628
        0.0027692925  -0.0005724475   0.0142051825   0.0080368702   0.0058810751
       -0.0183618049   0.0154816376  -0.0671150012  -0.0507425293   0.0064570687
        0.0035923530   0.0307810008  -0.2020719085   0.1793021710  -0.0000088523
        0.0000035124  -0.0000061453   0.0000062454   0.0000028435  -0.0000025606
       -0.0000105010  -0.0000070375  -0.0000053944  -0.0000037729  -0.0000088938
       -0.0000079187  -0.0000017925   0.0000073928  -0.0000153821   0.0000562370
        0.0000286270  -0.0000018136  -0.0000209053  -0.0000173439   0.0000099648
       -0.0000833848   0.0000110063  -0.0000737041  -0.0000121968  -0.0000073729
       -0.0000129732   0.0013050269   0.0011865388  -0.0004220718   0.0001032258
        0.0002943728  -0.0000216984  -0.0000465345   0.0002013710   0.0002230922
       -0.0000678606  -0.0000084856   0.0000554095   0.0003113783   0.0019721908
       -0.0006899165   0.0201348751   0.1636106348  -0.1197919562
       -0.0432422383   0.0178264827   0.0085706017  -0.0011838067   0.0146448854
        0.0081431732  -0.0009554060   0.0002792445   0.0007956718   0.0002830437
       -0.0005661818   0.0001638171   0.0000188978   0.0000221679  -0.0000102464
        0.0004812603  -0.0009150979   0.0000775602  -0.0006894108  -0.0002543079
        0.0007015023  -0.0008504067   0.0009294418   0.0009842182  -0.0001978157
       -0.0000057631  -0.0001835626   0.0000916661  -0.0000338576   0.0001420620
       -0.0000146058   0.0000437905  -0.0000568209   0.0000095689  -0.0000075603
        0.0000054300  -0.0000211093  -0.0000178885  -0.0000020019   0.0000037721
        0.0000100593  -0.0000122835  -0.0000543123  -0.0000453531   0.0000012200
       -0.0000163275   0.0000682224  -0.0000107696   0.0000178551  -0.0000312298
       -0.0000030346   0.0000120043  -0.0000001025  -0.0000088523   0.0487268837
       -0.0186596496  -0.0101221334  -0.0002568817  -0.0280592964  -0.0128204128
       -0.0010879773   0.0155453203   0.0043597781  -0.0000935281   0.0000868344
        0.0000350869  -0.0000363717  -0.0000096096   0.0001092646  -0.0000458751
        0.0001492487  -0.0000288135   0.0002181122   0.0000129108  -0.0002936416
        0.0000945833  -0.0000620362  -0.0000420590  -0.0012732443  -0.0009695475
       -0.0005284015   0.0000219926   0.0000389612  -0.0000054043   0.0000245529
       -0.0000060472   0.0000146871   0.0000065266  -0.0000066590   0.0000100342
        0.0000082259  -0.0000031566   0.0000052632   0.0000073044   0.0000010207
        0.0000013470  -0.0000069327  -0.0000052461   0.0000077205
        0.0154626207  -0.2342639519  -0.0891526460   0.0022599023   0.0017182627
       -0.0043705933   0.0004396428  -0.0001316199   0.0006238157   0.0001494492
        0.0001529753   0.0001040069  -0.0001119094  -0.0000194936   0.0000966822
       -0.0002569755  -0.0002552182   0.0001269063  -0.0008671092   0.0002196701
       -0.0008708567  -0.0008145762   0.0003723558   0.0008728633   0.0001774251
        0.0000015663   0.0001539804  -0.0001519169   0.0001040970  -0.0001729922
        0.0000058393  -0.0000468419   0.0000727153  -0.0000574043   0.0000207289
       -0.0000219764   0.0000311577   0.0000329444  -0.0000090916   0.0000034223
       -0.0000215741   0.0000192185   0.0000810451   0.0000889333  -0.0000323495
       -0.0000630548  -0.0001285956   0.0000552091   0.0000036368   0.0000613250
       -0.0000358699   0.0000739690   0.0000299582   0.0000035124  -0.0186596496
        0.2710846802   0.1055733667  -0.0019858628  -0.0137735095  -0.0064503659
        0.0038059386  -0.0251435273  -0.0068161180   0.0000799439  -0.0000846079
        0.0000639205  -0.0000302736   0.0000244239  -0.0000176638   0.0000318322
        0.0000014983  -0.0000261380   0.0002267418  -0.0005144356  -0.0000326736
       -0.0002321863   0.0000452923   0.0001809238   0.0004947655   0.0005203358
        0.0000424997  -0.0000428300  -0.0000402456   0.0000249295  -0.0000275073
       -0.0000340341   0.0000001385  -0.0000150397  -0.0000078885  -0.0000036738
       -0.0000009299  -0.0000042672  -0.0000021747  -0.0000014942   0.0000008297
        0.0000001980  -0.0000086124  -0.0000100663   0.0000002966
        0.0065529735  -0.0927986482  -0.0793445273   0.0064134342  -0.0226593295
       -0.0187491853   0.0024452591  -0.0000516624  -0.0015959018  -0.0000473835
        0.0015028937  -0.0010119013  -0.0003227260  -0.0000815147  -0.0000579268
       -0.0006375272   0.0008920156  -0.0000340535  -0.0007778923  -0.0005789177
       -0.0007910844  -0.0003636756  -0.0002493091   0.0006527331   0.0001987746
        0.0000219558   0.0001609364  -0.0001328710   0.0000431355  -0.0001456068
        0.0000219488  -0.0000377297   0.0000692922  -0.0000428836   0.0000149294
       -0.0000175251   0.0000285202   0.0000305466  -0.0000120626   0.0000039685
       -0.0000299471   0.0000267108   0.0000534299   0.0000844495  -0.0000400106
       -0.0000090151  -0.0001541719   0.0000827411  -0.0000307880   0.0000795090
       -0.0000558800   0.0000315529   0.0000194635  -0.0000061453  -0.0101221334
        0.1055733667   0.0959476581  -0.0014078336  -0.0094466368  -0.0032841578
       -0.0024319774   0.0184747332   0.0079058024   0.0002117572  -0.0004057406
        0.0000882928   0.0000623591   0.0000020033  -0.0002112739   0.0000602622
       -0.0002721639   0.0000042697   0.0002243737   0.0001168122   0.0000645890
       -0.0000733658  -0.0000245239  -0.0000199170   0.0001386069  -0.0000292461
        0.0003831855  -0.0000243067  -0.0000457133   0.0000256989  -0.0000171653
        0.0000076231  -0.0000309320  -0.0000023088   0.0000007640  -0.0000023643
       -0.0000030506   0.0000001596  -0.0000015615  -0.0000019290   0.0000005501
       -0.0000004702   0.0000016125   0.0000003439   0.0000005774
       -0.2463834685  -0.0751997329  -0.0493829741  -0.0211139023  -0.0068579594
        0.0006514155   0.0010019468   0.0002007400  -0.0021043716  -0.0001313530
        0.0000687435  -0.0003737981   0.0002675324   0.0000487964  -0.0001717386
       -0.0004810509  -0.0000884836  -0.0004708786  -0.0020822068  -0.0006435756
        0.0033191326  -0.0000519589  -0.0000914704   0.0003271705  -0.0006096559
        0.0001314235   0.0002301966   0.0002894450  -0.0002291379   0.0002065306
       -0.0000442937   0.0001334322  -0.0000440410   0.0000875246  -0.0000439345
        0.0000411861  -0.0000491284  -0.0000461933   0.0000195785   0.0000001696
        0.0000403947  -0.0000318907  -0.0001165313  -0.0001088808   0.0000535679
        0.0000734968   0.0002130963  -0.0001408650  -0.0000029457  -0.0001028161
        0.0000871916  -0.0000692987  -0.0000209989   0.0000062454  -0.0002568817
       -0.0019858628  -0.0014078336   0.2859663741   0.0885264601   0.0552946577
       -0.0171974210  -0.0040890355  -0.0069284835   0.0006771896   0.0000937023
        0.0006034583   0.0000906631   0.0000190946  -0.0000481184   0.0000055190
       -0.0000290750   0.0000465071   0.0001528624  -0.0001195542   0.0001094915
        0.0000790848   0.0000014717   0.0000593710  -0.0001001814   0.0002036676
        0.0001179783  -0.0000062715   0.0000387042  -0.0000588724  -0.0000039244
       -0.0000556338  -0.0000117363   0.0000047504   0.0000020348  -0.0000028002
        0.0000027333   0.0000015852   0.0000003189  -0.0000005487   0.0000002582
       -0.0000004962   0.0000017309  -0.0000112607   0.0000049001
       -0.0754114976  -0.0721927789  -0.0171782741  -0.0031020738  -0.0007562571
        0.0000099549   0.0004852397  -0.0000711211  -0.0005256253  -0.0000070145
       -0.0000081437  -0.0000781314   0.0000948060   0.0000435926   0.0000020330
       -0.0000195620   0.0002616036  -0.0002794638  -0.0006899757   0.0008746804
        0.0002181405  -0.0001494745   0.0000757946   0.0001823973  -0.0001066320
       -0.0000636520   0.0000767483   0.0000881361  -0.0000523050   0.0000405019
       -0.0000081233   0.0000327575  -0.0000292184   0.0000430864  -0.0000122580
        0.0000159749  -0.0000201798  -0.0000230792   0.0000109861  -0.0000086152
        0.0000301979  -0.0000206558  -0.0000242065  -0.0000597830   0.0000412370
        0.0000294586   0.0001130924  -0.0000703294   0.0000052625  -0.0000548757
        0.0000466984  -0.0000357264  -0.0000157430   0.0000028435  -0.0280592964
       -0.0137735095  -0.0094466368   0.0885264601   0.0791953670   0.0211326127
        0.0180761585   0.0061660605   0.0054994203   0.0001608204   0.0001644809
        0.0002177110   0.0000260232  -0.0000064980   0.0000054630   0.0000036013
       -0.0000174196   0.0000198441  -0.0000683543  -0.0000003173   0.0000272503
       -0.0000319660   0.0000996060   0.0000115123   0.0002283802   0.0000404767
        0.0000861412   0.0000032572   0.0000176481  -0.0000295168  -0.0000155913
       -0.0000052270   0.0000136953  -0.0000003631   0.0000063739  -0.0000024429
       -0.0000055669   0.0000019933  -0.0000020915  -0.0000040139  -0.0000007424
        0.0000009755  -0.0000024568  -0.0000100152   0.0000002449
       -0.0500934345  -0.0178168495  -0.0548811895   0.0228872999   0.0083353710
        0.0037867311   0.0025485018   0.0006653722   0.0005886473  -0.0000966849
       -0.0000003193   0.0002525931   0.0000193444   0.0000220027   0.0000951887
        0.0011178048   0.0000589114   0.0000314252   0.0026456495   0.0002214971
       -0.0043419578  -0.0005960919  -0.0002476598  -0.0000963595   0.0001871493
        0.0000526386  -0.0002718071   0.0000171245  -0.0000040187  -0.0000132385
        0.0000057251  -0.0000005370   0.0000051735   0.0000261105  -0.0000070272
        0.0000165761  -0.0000036469  -0.0000075281   0.0000044745   0.0000034491
        0.0000002025   0.0000032691   0.0000036241   0.0000012437   0.0000262913
        0.0000345471   0.0000082769   0.0000014726  -0.0000123687   0.0000075436
       -0.0000011624  -0.0000375244  -0.0000095060  -0.0000025606  -0.0128204128
       -0.0064503659  -0.0032841578   0.0552946577   0.0211326127   0.0651803166
       -0.0206182900  -0.0058923194  -0.0060102750  -0.0003733763  -0.0001287237
       -0.0013252267  -0.0000433841  -0.0000108793   0.0000954414  -0.0000607775
       -0.0000057585   0.0000332462   0.0001186500  -0.0001449440   0.0000096520
       -0.0000899267  -0.0000003449   0.0001002636  -0.0001057039   0.0002152833
        0.0000627272   0.0000553848  -0.0000201080  -0.0000246173  -0.0000094956
        0.0000211139  -0.0000328620   0.0000019837   0.0000043407  -0.0000017622
       -0.0000058280   0.0000023591  -0.0000041705  -0.0000066009   0.0000004257
       -0.0000014375   0.0000065408  -0.0000023057  -0.0000007054
       -0.0895485902   0.0644368746  -0.0683867634   0.0077050303  -0.0097498145
        0.0089048638  -0.0008663059  -0.0001984413   0.0016507803   0.0001614541
        0.0006063352   0.0002658310   0.0000190012  -0.0000030610   0.0001049836
       -0.0000265012   0.0006074161  -0.0002109740  -0.0004316753  -0.0005846147
        0.0008262433  -0.0001135457  -0.0011876429   0.0008576172  -0.0000173629
       -0.0000314388  -0.0000159664   0.0000262273  -0.0000125821   0.0000491336
       -0.0000453977  -0.0000334008  -0.0000526624  -0.0000249252   0.0000130840
       -0.0000202917   0.0000115767   0.0000200223  -0.0000118786   0.0000164137
       -0.0000229634   0.0000190092  -0.0000109747   0.0000511130  -0.0000455593
       -0.0000423471  -0.0000796581   0.0000571282  -0.0000032986   0.0000311866
       -0.0000352676   0.0000600745   0.0000295245  -0.0000105010  -0.0010879773
        0.0038059386  -0.0024319774  -0.0171974210   0.0180761585  -0.0206182900
        0.1023635319  -0.0760223743   0.0791259204   0.0000230296  -0.0000301416
        0.0001373500  -0.0000576777  -0.0000191543   0.0001269618   0.0000270163
       -0.0000853648  -0.0000286432  -0.0006971502   0.0004180384  -0.0003046753
       -0.0000342218   0.0002533741   0.0000215805  -0.0002150644  -0.0003341571
       -0.0000501912   0.0000070211   0.0000056915   0.0000009513  -0.0000034045
        0.0000192976   0.0000775349  -0.0000097837   0.0000194884  -0.0000060381
        0.0000120883   0.0000032701   0.0000022276   0.0000060107   0.0000030196
       -0.0000017444  -0.0000048511  -0.0000050232   0.0000033074
        0.0647661101  -0.1329056729   0.0974015275   0.0003389096  -0.0008214723
        0.0031329706  -0.0002265812  -0.0002699831   0.0000387893   0.0001737520
        0.0001668122  -0.0003494791  -0.0000680215  -0.0000193482  -0.0000918626
        0.0002638253   0.0001219189  -0.0000589494   0.0000410447   0.0007118900
        0.0008355795   0.0000333466   0.0002633806  -0.0003898240  -0.0001686140
       -0.0000504994  -0.0001389717   0.0001028402  -0.0000609256   0.0001488669
        0.0000050940   0.0000269822  -0.0000827288   0.0000512986   0.0000039532
        0.0000034706  -0.0000198765  -0.0000242628   0.0000054476  -0.0000056605
        0.0000243998  -0.0000234367  -0.0000784994  -0.0001025674   0.0000374235
        0.0000282662   0.0001661220  -0.0000715749   0.0000226315  -0.0000802582
        0.0000477021  -0.0000529773  -0.0000227300  -0.0000070375   0.0155453203
       -0.0251435273   0.0184747332  -0.0040890355   0.0061660605  -0.0058923194
       -0.0760223743   0.1526992840  -0.1127885096  -0.0000546692  -0.0000468855
       -0.0000153016   0.0000024071   0.0000124258   0.0000326288  -0.0000332683
       -0.0000164534   0.0000077561  -0.0006777641   0.0003285661  -0.0001150921
        0.0002113084  -0.0000157553  -0.0001740618  -0.0001359559  -0.0011962359
        0.0000259220   0.0000558738   0.0000508500  -0.0000265752  -0.0000143591
        0.0000416788   0.0000174766   0.0000137254  -0.0000010249   0.0000047146
       -0.0000027702   0.0000009064   0.0000015911  -0.0000016241  -0.0000034403
        0.0000035372  -0.0000037028  -0.0000041879   0.0000055870
       -0.0711114395   0.0985726146  -0.1401313428  -0.0066848028   0.0163094130
       -0.0248987273   0.0025358659   0.0011509868  -0.0027697908   0.0003635960
       -0.0014551085  -0.0008667841  -0.0002088905  -0.0000704441   0.0000422174
       -0.0002593493  -0.0009024369   0.0000178881  -0.0013550161  -0.0003221029
       -0.0004749416  -0.0003567207  -0.0000302384   0.0005322526   0.0001570329
        0.0000348488   0.0001566636  -0.0001661148   0.0000845978  -0.0001635128
        0.0000836874   0.0000100247   0.0001095624  -0.0000667367  -0.0000076091
       -0.0000065701  -0.0000127453  -0.0000051915  -0.0000051476  -0.0000101730
       -0.0000105939   0.0000085522   0.0000699400   0.0000477178  -0.0000212685
       -0.0000223959  -0.0001260480   0.0000744712  -0.0000187576   0.0000652946
       -0.0000569755   0.0000397072   0.0000175806  -0.0000053944   0.0043597781
       -0.0068161180   0.0079058024  -0.0069284835   0.0054994203  -0.0060102750
        0.0791259204  -0.1127885096   0.1662138038   0.0001317849   0.0004513130
        0.0000967431   0.0000912816   0.0000036476  -0.0002510727  -0.0000281350
        0.0002460174  -0.0000133485   0.0003480885   0.0000126386   0.0002096178
       -0.0001541016  -0.0000244780   0.0000776908   0.0000783537   0.0001497955
        0.0002472865  -0.0000907442  -0.0000546357   0.0000506342   0.0000940670
       -0.0000232265  -0.0000832301   0.0000150669  -0.0000102522   0.0000139289
       -0.0000119259   0.0000000167  -0.0000031531  -0.0000089358   0.0000001347
       -0.0000006175   0.0000012980  -0.0000090696   0.0000050373
        0.0011596700   0.0009520497   0.0017426191  -0.0175065475  -0.0044059169
       -0.0025650563  -0.2837887050  -0.0597294764  -0.0110233848  -0.0190040821
       -0.0044289794   0.0009607592  -0.0006070447  -0.0017438281   0.0035321728
        0.0012707938   0.0001531849  -0.0000745174  -0.0001847719  -0.0020552492
       -0.0024912689  -0.0008940801  -0.0001890531   0.0000446222  -0.0005990852
        0.0005813966  -0.0002405125   0.0004904807  -0.0003814869   0.0003829079
       -0.0000877964   0.0002229690  -0.0001346366   0.0001819097  -0.0000725329
        0.0000742368  -0.0001093115  -0.0000851377   0.0000251201  -0.0000182786
        0.0000764749  -0.0000665182  -0.0001945316  -0.0001748379   0.0000877742
        0.0001675118   0.0003350067  -0.0001746280  -0.0000215831  -0.0001575785
        0.0000943172  -0.0001510510  -0.0000548900  -0.0000037729  -0.0000935281
        0.0000799439   0.0002117572   0.0006771896   0.0001608204  -0.0003733763
        0.0000230296  -0.0000546692   0.0001317849   0.3197063737   0.0704983714
        0.0105957719   0.0006785079   0.0007383485  -0.0005343357  -0.0011089410
       -0.0002547084   0.0000793058  -0.0000309651   0.0000258304  -0.0000134698
       -0.0001580866  -0.0000697493  -0.0002536346   0.0000288315  -0.0000195660
        0.0000375012   0.0001519916   0.0001143521  -0.0000817812   0.0000143930
       -0.0000693816   0.0000269002  -0.0000001495   0.0000097278  -0.0000031096
       -0.0000005633   0.0000014700   0.0000018648  -0.0000014130   0.0000003248
       -0.0000022325   0.0000098326  -0.0000032296   0.0000068203
        0.0008346122  -0.0021077471   0.0005944525  -0.0061372745  -0.0008223419
       -0.0009902622  -0.0597733293  -0.0474579073  -0.0028796631  -0.0029784978
       -0.0004100177   0.0001561030  -0.0015611455   0.0071122511   0.0002141022
        0.0002656813   0.0005446923   0.0000326191  -0.0019041480   0.0067751529
       -0.0015369305  -0.0003002701  -0.0001724536  -0.0000037237   0.0000723747
       -0.0014035054   0.0000502208   0.0003916510  -0.0001012375   0.0000889682
        0.0000048587   0.0000813925  -0.0000725892   0.0000530989  -0.0000189908
        0.0000380079  -0.0000400220  -0.0000407701   0.0000072283   0.0000036301
        0.0000583507  -0.0000143854  -0.0000238972  -0.0000996287   0.0001067225
        0.0000516573   0.0001567858  -0.0000767496  -0.0000178099  -0.0000897095
        0.0000566368  -0.0000637883  -0.0000396771  -0.0000088938   0.0000868344
       -0.0000846079  -0.0004057406   0.0000937023   0.0001644809  -0.0001287237
       -0.0000301416  -0.0000468855   0.0004513130   0.0704983714   0.0404355947
        0.0043704237   0.0008095278  -0.0023484820   0.0000699643  -0.0002712735
        0.0000948268  -0.0000155422   0.0000322304   0.0000037647   0.0000144973
        0.0000394140  -0.0000747796  -0.0000970432   0.0000019733  -0.0000148711
        0.0000053284  -0.0001111045  -0.0000589710  -0.0000196568  -0.0000248710
       -0.0000316540  -0.0000112791   0.0000005665   0.0000019778   0.0000048370
       -0.0000037834  -0.0000023168  -0.0000049344   0.0000015668  -0.0000009964
        0.0000056983  -0.0000003943  -0.0000017190  -0.0000010057
       -0.0020267282  -0.0003360009   0.0007945888  -0.0246964431  -0.0059219718
       -0.0025346592  -0.0111546006  -0.0030845315  -0.0440647201   0.0248085880
        0.0057803497  -0.0001823391   0.0030871675   0.0001039098  -0.0037530936
        0.0001119869  -0.0000656477  -0.0007400391  -0.0019940554  -0.0013295369
       -0.0042271176  -0.0013798754  -0.0003991501  -0.0001246700  -0.0000579872
        0.0002315067   0.0001476781   0.0000526646  -0.0000779203  -0.0000272004
       -0.0000177378   0.0000417733   0.0000318604   0.0000064868  -0.0000151008
        0.0000084992  -0.0000106254  -0.0000102842   0.0000040156   0.0000101333
       -0.0000012626   0.0000037433  -0.0000177769   0.0000071296   0.0000109772
        0.0000085506  -0.0000094550  -0.0000088768  -0.0000010874   0.0000194087
       -0.0000096852   0.0000024701   0.0000041171  -0.0000079187   0.0000350869
        0.0000639205   0.0000882928   0.0006034583   0.0002177110  -0.0013252267
        0.0001373500  -0.0000153016   0.0000967431   0.0105957719   0.0043704237
        0.0555441770   0.0007874793   0.0003565476   0.0007052999   0.0013362981
        0.0002504625  -0.0001433697  -0.0000021889  -0.0000210293   0.0000206909
       -0.0002110924  -0.0000997026  -0.0003342500  -0.0000256386   0.0000336025
        0.0000841758  -0.0000244091  -0.0000531988  -0.0000454682   0.0000305548
       -0.0000344736  -0.0000190857   0.0000035068   0.0000002338   0.0000022781
        0.0000024469   0.0000006723  -0.0000011005  -0.0000006060   0.0000013841
       -0.0000007133   0.0000008520  -0.0000085851   0.0000065136
        0.0002070052   0.0001508695   0.0006511210  -0.0004650767  -0.0017115377
        0.0029132913   0.0063626919   0.0019598231   0.0125290641  -0.0936449597
       -0.0192225819  -0.1003858499  -0.0156555012  -0.0053442614  -0.0268048737
       -0.0041506414  -0.0026466893   0.0007334946  -0.0002658536  -0.0000363632
        0.0005660138   0.0000467520   0.0003901283  -0.0000634331  -0.0018113716
        0.0001345817  -0.0015939895   0.0002821329  -0.0006424570   0.0002110011
       -0.0000420114   0.0002165176  -0.0001697341   0.0001592828  -0.0000488832
        0.0000795192  -0.0001082723  -0.0000748840   0.0000165578  -0.0000372304
        0.0000785205  -0.0000280822  -0.0003183783  -0.0001259954   0.0001110691
        0.0001273801   0.0003736914  -0.0002276969   0.0000309174  -0.0001672821
        0.0001453231  -0.0001366069  -0.0000588218  -0.0000017925  -0.0000363717
       -0.0000302736   0.0000623591   0.0000906631   0.0000260232  -0.0000433841
       -0.0000576777   0.0000024071   0.0000912816   0.0006785079   0.0008095278
        0.0007874793   0.1082083335   0.0252699618   0.1111834585   0.0005350640
        0.0006509552  -0.0006803827  -0.0000681939   0.0000105212  -0.0000785924
       -0.0000054935   0.0000155438   0.0000544521   0.0000223087  -0.0000213579
        0.0000312118   0.0000597831   0.0001108944  -0.0001166595  -0.0000042214
       -0.0000641648   0.0000319089   0.0000017442   0.0000032322   0.0000017441
       -0.0000006035  -0.0000020839  -0.0000050597  -0.0000090330   0.0000032217
       -0.0000013578   0.0000049313  -0.0000087833   0.0000005377
        0.0001354648  -0.0001338903   0.0001047575  -0.0016887009   0.0072353852
        0.0001072736   0.0005905221   0.0008345634   0.0013027782  -0.0192883895
       -0.0399857726  -0.0342160370  -0.0033906629  -0.0006832201  -0.0061178008
       -0.0023325991   0.0074952088  -0.0007154967  -0.0004500419   0.0000681858
        0.0003756244   0.0003998231  -0.0014957627   0.0001854883  -0.0007902595
       -0.0000522670  -0.0004810769   0.0000697548  -0.0001941108   0.0001166932
       -0.0000172692   0.0000693173  -0.0000229628   0.0000587548  -0.0000330265
        0.0000176484  -0.0000375774  -0.0000329103   0.0000134008  -0.0000202030
        0.0000460047  -0.0000284986  -0.0000672378  -0.0000660861   0.0000347095
        0.0000608038   0.0001505809  -0.0000830014   0.0000029369  -0.0000697394
        0.0000452025  -0.0000588435  -0.0000389682   0.0000073928  -0.0000096096
        0.0000244239   0.0000020033   0.0000190946  -0.0000064980  -0.0000108793
       -0.0000191543   0.0000124258   0.0000036476   0.0007383485  -0.0023484820
        0.0003565476   0.0252699618   0.0318077206   0.0389920487   0.0007266549
       -0.0025813910   0.0000375669   0.0001659659   0.0000541904   0.0003011715
       -0.0000171006  -0.0000296051  -0.0000593146  -0.0000987460  -0.0000744656
       -0.0002010861   0.0000619137   0.0000551155  -0.0000721250  -0.0000052890
       -0.0000368757   0.0000049553  -0.0000007318   0.0000013336   0.0000005168
       -0.0000045973   0.0000024493   0.0000027421  -0.0000019338   0.0000013121
       -0.0000007901  -0.0000010529   0.0000048541  -0.0000030997
       -0.0005806167  -0.0003009987  -0.0013774924   0.0036123525   0.0002093010
       -0.0035458868  -0.0110875727  -0.0039444757  -0.0260427041  -0.1004803670
       -0.0342991397  -0.2444003946  -0.0030875957  -0.0009550579  -0.0034804535
        0.0001265999  -0.0002634308   0.0014829354   0.0006408818   0.0001940518
        0.0006703877  -0.0000533022   0.0000911223   0.0000838416  -0.0008970062
        0.0003219684  -0.0003564597   0.0005053651  -0.0005103741   0.0002904018
       -0.0000730618   0.0002150594  -0.0001136038   0.0001764573  -0.0000665712
        0.0000829707  -0.0001036618  -0.0000832509   0.0000242420  -0.0000042768
        0.0000623185  -0.0000377789  -0.0002180870  -0.0001532709   0.0001062789
        0.0001688082   0.0002892063  -0.0001534805  -0.0000147554  -0.0001219488
        0.0000714261  -0.0001644275  -0.0000624830  -0.0000153821   0.0001092646
       -0.0000176638  -0.0002112739  -0.0000481184   0.0000054630   0.0000954414
        0.0001269618   0.0000326288  -0.0002510727  -0.0005343357   0.0000699643
        0.0007052999   0.1111834585   0.0389920487   0.2755103301   0.0005754368
        0.0002932947   0.0009941607   0.0000066875   0.0000286848  -0.0000304248
       -0.0000441119  -0.0000253990   0.0000167650   0.0000418477  -0.0000065170
        0.0000098847   0.0000622175   0.0000267163  -0.0001135273   0.0000349949
       -0.0000373343  -0.0000130895   0.0000072975   0.0000120583  -0.0000017783
        0.0000003894   0.0000026912  -0.0000039441  -0.0000036081   0.0000020950
       -0.0000028010   0.0000158837  -0.0000007568   0.0000071820
        0.0000410815   0.0003423435   0.0000666425  -0.0002234663  -0.0000748247
       -0.0007152647  -0.0053214002  -0.0028698628  -0.0005665739  -0.0178726784
       -0.0023029408   0.0254068769  -0.1179656256  -0.0109980063   0.1158790253
        0.0058653908   0.0004057174  -0.0084785283  -0.0003397218  -0.0017947662
       -0.0021436601   0.0002179304  -0.0000004988  -0.0005467871   0.0011785905
        0.0006249838  -0.0009100279  -0.0003731893   0.0003749090  -0.0002420448
        0.0000919076  -0.0000821057   0.0000589689  -0.0001143146   0.0000253136
       -0.0000409743   0.0000154720   0.0000079027   0.0000037793  -0.0000595603
        0.0000469066  -0.0000347465   0.0001070494   0.0000534796   0.0000102330
       -0.0002930653  -0.0000394461  -0.0001239642   0.0001364002   0.0000470437
        0.0001875032   0.0002350225   0.0000620240   0.0000562370  -0.0000458751
        0.0000318322   0.0000602622   0.0000055190   0.0000036013  -0.0000607775
        0.0000270163  -0.0000332683  -0.0000281350  -0.0011089410  -0.0002712735
        0.0013362981   0.0005350640   0.0007266549   0.0005754368   0.1352411315
        0.0161290224  -0.1295292994  -0.0000108134  -0.0000326894  -0.0000467863
        0.0000873913   0.0000319888   0.0000106696  -0.0000309868  -0.0000148221
       -0.0001060588   0.0000054086  -0.0002319285  -0.0001665530  -0.0000136943
       -0.0000785430   0.0000632441   0.0000029619  -0.0000298414   0.0000199706
        0.0000068618  -0.0000177232   0.0000135873   0.0000140736  -0.0000094799
        0.0000111240  -0.0000409404  -0.0000317026  -0.0000196771
        0.0004211489  -0.0014624238   0.0000764300   0.0001279359   0.0000286558
        0.0000820900  -0.0028399466   0.0072174217  -0.0007932572  -0.0042148510
       -0.0003809038   0.0054385240  -0.0102300381  -0.0341242956   0.0138909585
        0.0005368057   0.0012687175  -0.0043987984  -0.0018261466   0.0064351940
       -0.0008862309   0.0000626975  -0.0000648667  -0.0001183699   0.0016292293
       -0.0023226447   0.0000780606  -0.0000062749   0.0002463616  -0.0004236542
        0.0000817587  -0.0001114438   0.0000665332  -0.0000639664   0.0000045991
        0.0000057971   0.0000267914  -0.0000121406   0.0000015569  -0.0000350035
        0.0000600431   0.0000007874   0.0002490204  -0.0000017933   0.0000904722
       -0.0001662718   0.0000205398  -0.0000555576  -0.0000090451  -0.0000873272
        0.0001247210   0.0001483954  -0.0000130063   0.0000286270   0.0001492487
        0.0000014983  -0.0002721639  -0.0000290750  -0.0000174196  -0.0000057585
       -0.0000853648  -0.0000164534   0.0002460174  -0.0002547084   0.0000948268
        0.0002504625   0.0006509552  -0.0025813910   0.0002932947   0.0161290224
        0.0259850883  -0.0137148969  -0.0000125091  -0.0000000956  -0.0000064700
        0.0000292766   0.0000093241  -0.0000154936  -0.0000161308   0.0000270569
        0.0000367920  -0.0003552994  -0.0001498986  -0.0000099253  -0.0000756900
       -0.0000261927  -0.0000257082  -0.0000020685  -0.0000154625   0.0000126483
       -0.0000005460  -0.0000143133   0.0000012221   0.0000107589  -0.0000021925
        0.0000107647  -0.0000301089   0.0000049380  -0.0000094750
       -0.0000043386   0.0000630451   0.0000736528  -0.0007307342  -0.0001200684
        0.0005386400   0.0000584366  -0.0003090138   0.0013181577   0.0014783994
        0.0003146323  -0.0006579509   0.1158225557   0.0132282529  -0.2244895015
        0.0150668896   0.0015355295  -0.0267440630  -0.0030552884  -0.0012242949
       -0.0039843519   0.0008454033   0.0000102733  -0.0012620603   0.0008044370
        0.0012545597   0.0023393191   0.0001508224  -0.0002496905  -0.0003932882
        0.0000331456   0.0000900837   0.0001459220   0.0000625056  -0.0000703237
        0.0000658601  -0.0000390168  -0.0000690056   0.0000366355   0.0000303841
        0.0000525792  -0.0000167236  -0.0000057782  -0.0001286537   0.0001815092
       -0.0000615136   0.0001141136  -0.0002103304   0.0001714857   0.0000360152
        0.0001438823  -0.0000251083  -0.0000422681  -0.0000018136  -0.0000288135
       -0.0000261380   0.0000042697   0.0000465071   0.0000198441   0.0000332462
       -0.0000286432   0.0000077561  -0.0000133485   0.0000793058  -0.0000155422
       -0.0001433697  -0.0006803827   0.0000375669   0.0009941607  -0.1295292994
       -0.0137148969   0.2530158956  -0.0000536818  -0.0000249227  -0.0001787886
        0.0000515565   0.0000233306   0.0000942661  -0.0001219921  -0.0000809914
       -0.0003113954  -0.0004780849  -0.0006031756  -0.0005460973   0.0000890099
       -0.0000915168  -0.0000461752   0.0000286967  -0.0000111917   0.0000102512
        0.0000052956  -0.0000028805  -0.0000049006   0.0000123946  -0.0000082199
        0.0000089845   0.0000054444   0.0000052123  -0.0000004940
       -0.0001912047   0.0005422638  -0.0008754231  -0.0002183769  -0.0003965904
       -0.0007466628   0.0001953414  -0.0007743111  -0.0002066358  -0.0002749836
       -0.0000414795   0.0000866467   0.0003784951  -0.0006649046   0.0001746889
       -0.0014728173   0.0000931764  -0.0006434338  -0.0017221391   0.0096362129
       -0.0086673316  -0.0435991523   0.0239739129  -0.0158860346   0.0006041322
        0.0007360940   0.0004814930   0.0001113362  -0.0005398664  -0.0002044432
        0.0000351153   0.0000344673   0.0001844686  -0.0004482726   0.0001209205
       -0.0001484310   0.0000693981   0.0001661711  -0.0001131060   0.0000631037
       -0.0002329335   0.0001746320  -0.0000804959   0.0002418692  -0.0002042170
       -0.0000871363  -0.0004128150   0.0002077773  -0.0001017602   0.0002316529
       -0.0001719646   0.0002223586   0.0001191376  -0.0000209053   0.0002181122
        0.0002267418   0.0002243737   0.0001528624  -0.0000683543   0.0001186500
       -0.0006971502  -0.0006777641   0.0003480885  -0.0000309651   0.0000322304
       -0.0000021889  -0.0000681939   0.0001659659   0.0000066875  -0.0000108134
       -0.0000125091  -0.0000536818   0.0492300361  -0.0265897512   0.0185712333
        0.0008254443  -0.0258322925   0.0159564019  -0.0033283439   0.0195954570
       -0.0089865445  -0.0000408218   0.0000123469   0.0000387089   0.0001774321
        0.0002488361   0.0004138670   0.0000260970   0.0000567747  -0.0000612769
        0.0000483897   0.0000074743   0.0000027110   0.0000324206   0.0000261339
       -0.0000087017  -0.0000174480  -0.0000242677   0.0000105545
       -0.0004302377   0.0004019072  -0.0006103189  -0.0009090255   0.0001943385
        0.0001574241  -0.0000927619  -0.0003602705   0.0001252213   0.0000373262
        0.0000110351  -0.0001815651   0.0001044141  -0.0001608382  -0.0002571938
        0.0003795114  -0.0004222745  -0.0006849442   0.0007347135   0.0067246829
        0.0005465686   0.0217301147  -0.2039131962   0.1057430042  -0.0001068282
       -0.0000370545  -0.0001102767  -0.0000229729  -0.0000906146   0.0001972482
       -0.0000169190  -0.0001310054  -0.0002693358   0.0001621579   0.0000937186
        0.0000258468  -0.0000716395  -0.0000613236   0.0000084864  -0.0000198278
        0.0000504971  -0.0000462612  -0.0001198266  -0.0001925126   0.0001325133
        0.0001781510   0.0002228953  -0.0000806856  -0.0000290210  -0.0000683550
        0.0000877391  -0.0001670207  -0.0000523393  -0.0000173439   0.0000129108
       -0.0005144356   0.0001168122  -0.0001195542  -0.0000003173  -0.0001449440
        0.0004180384   0.0003285661   0.0000126386   0.0000258304   0.0000037647
       -0.0000210293   0.0000105212   0.0000541904   0.0000286848  -0.0000326894
       -0.0000000956  -0.0000249227  -0.0265897512   0.2366578011  -0.1239901881
       -0.0012338881  -0.0156542921   0.0096506578   0.0056039794  -0.0229698537
        0.0104486809   0.0001412520   0.0000713980  -0.0001659646   0.0003459846
       -0.0001136606  -0.0006905302   0.0000668678  -0.0000600026   0.0000304935
       -0.0000131900  -0.0000031574  -0.0000120973  -0.0000015356  -0.0000185535
        0.0000025962   0.0000249157   0.0000093575  -0.0000070146
        0.0001627144   0.0004853352   0.0005840126   0.0010700376   0.0004589371
       -0.0010429910   0.0004799078  -0.0011567769  -0.0000337824   0.0001331188
        0.0000301259   0.0000129528   0.0002873480  -0.0016501751  -0.0005599565
       -0.0028039709  -0.0003414348  -0.0018010034  -0.0067360804   0.0201282487
       -0.0234598843  -0.0145571201   0.1101309652  -0.1075266909   0.0006053535
        0.0004652557   0.0004630200  -0.0005570205   0.0005821128  -0.0007124745
        0.0003812611   0.0001856166   0.0003763518   0.0000909701  -0.0001750384
        0.0001299494  -0.0001559225  -0.0001791499   0.0000185622  -0.0001252533
        0.0001675950  -0.0001178648   0.0003290767  -0.0000433734   0.0000632486
       -0.0000784384  -0.0000464795   0.0000035273   0.0000267473   0.0000137047
       -0.0000438936   0.0000414239  -0.0000176689   0.0000099648  -0.0002936416
       -0.0000326736   0.0000645890   0.0001094915   0.0000272503   0.0000096520
       -0.0003046753  -0.0001150921   0.0002096178  -0.0000134698   0.0000144973
        0.0000206909  -0.0000785924   0.0003011715  -0.0000304248  -0.0000467863
       -0.0000064700  -0.0001787886   0.0185712333  -0.1239901881   0.1291418152
        0.0012463054   0.0073148127  -0.0031036847   0.0022839670  -0.0117053334
        0.0080401490  -0.0001311472  -0.0000904777   0.0002200612   0.0001866474
       -0.0007344956  -0.0008078832  -0.0000072062  -0.0000038020   0.0000487871
       -0.0000687261  -0.0000067714  -0.0000180604  -0.0000352640   0.0000029934
        0.0000035258  -0.0000122890  -0.0000132214   0.0000169056
       -0.0002327137  -0.0001155262  -0.0002420191  -0.0007045012  -0.0013580024
       -0.0023708618  -0.0007067581  -0.0000508681  -0.0000629301   0.0001073672
        0.0000284424   0.0001829919  -0.0003134041  -0.0000240160   0.0002089042
       -0.0006221020   0.0002092664   0.0011495091  -0.0158943750  -0.0072839262
       -0.0037796563  -0.2369047716  -0.0937581224   0.0299482094   0.0011293947
        0.0010999788   0.0020730413  -0.0002757627   0.0001225833   0.0005451808
       -0.0002886380   0.0012811717   0.0002897437   0.0002981522  -0.0000180616
        0.0001238625  -0.0002829648  -0.0001299384  -0.0000187087  -0.0001811747
        0.0002452007  -0.0002009756  -0.0001835968  -0.0000657299   0.0002394301
        0.0000202779  -0.0001188802   0.0000534084   0.0000208937   0.0000598242
       -0.0000707899  -0.0000008620   0.0000309117  -0.0000833848   0.0000945833
       -0.0002321863  -0.0000733658   0.0000790848  -0.0000319660  -0.0000899267
       -0.0000342218   0.0002113084  -0.0001541016  -0.0001580866   0.0000394140
       -0.0002110924  -0.0000054935  -0.0000171006  -0.0000441119   0.0000873913
        0.0000292766   0.0000515565   0.0008254443  -0.0012338881   0.0012463054
        0.2760807213   0.1089305282  -0.0347078232  -0.0218370197  -0.0071812437
        0.0060581647   0.0000220689  -0.0002776165  -0.0000818443  -0.0001102067
       -0.0002591266  -0.0000204346  -0.0000148278  -0.0000480622   0.0000126423
       -0.0000080750  -0.0000334415  -0.0000013704   0.0000040033  -0.0000322111
       -0.0000031647  -0.0000098272  -0.0000179925   0.0000336116
        0.0002198624   0.0001052319  -0.0001875538  -0.0008704806   0.0002994423
       -0.0013561373  -0.0003250649   0.0002786373   0.0001545088   0.0000753758
        0.0000087786   0.0000153017  -0.0000550868  -0.0000138636   0.0001898883
       -0.0006476825   0.0000479975   0.0003750919  -0.0072554025  -0.0031640252
       -0.0001203018  -0.0935061514  -0.0889449110   0.0132950509   0.0005834577
        0.0005798726  -0.0001137487   0.0007638861   0.0001662898  -0.0011244117
        0.0003435758  -0.0008248122  -0.0000145169   0.0002020059  -0.0002319477
        0.0001499115  -0.0000254935  -0.0001368096   0.0001253384  -0.0000607782
        0.0002258134  -0.0001206720   0.0003517557  -0.0000100309   0.0002270725
       -0.0000711715   0.0005721505  -0.0003279783   0.0001959086  -0.0003828033
        0.0000974991  -0.0001077102  -0.0001729761   0.0000110063  -0.0000620362
        0.0000452923  -0.0000245239   0.0000014717   0.0000996060  -0.0000003449
        0.0002533741  -0.0000157553  -0.0000244780  -0.0000697493  -0.0000747796
       -0.0000997026   0.0000155438  -0.0000296051  -0.0000253990   0.0000319888
        0.0000093241   0.0000233306  -0.0258322925  -0.0156542921   0.0073148127
        0.1089305282   0.0995076985  -0.0150151035   0.0175661325   0.0079526440
       -0.0035794430  -0.0000533474  -0.0000849627   0.0000960966  -0.0003363448
       -0.0001953167   0.0000638536  -0.0000851677   0.0000474995  -0.0000155993
       -0.0000692739  -0.0000068906  -0.0000172732  -0.0000655413  -0.0000028507
       -0.0000051814  -0.0000360921   0.0000003539   0.0000336063
        0.0006209548   0.0000864594  -0.0000700948  -0.0021976883  -0.0011125903
       -0.0050450101  -0.0012950847   0.0001040168  -0.0001016638   0.0000336011
        0.0000185865   0.0001277758  -0.0001493820   0.0002079468   0.0003889682
       -0.0010235246  -0.0006788422   0.0006457112  -0.0244555529  -0.0117712076
        0.0022853954   0.0300712575   0.0140598695  -0.0470104748  -0.0008828880
        0.0013805673  -0.0018099974   0.0031211992  -0.0024176550  -0.0001614431
        0.0000397385  -0.0000973526  -0.0002629292   0.0003580028   0.0000217013
        0.0000913229  -0.0002348115  -0.0000849435  -0.0000337011  -0.0000397305
        0.0000219036   0.0000416232  -0.0001725776  -0.0002463291   0.0000974279
        0.0005909936   0.0003752592  -0.0001080492  -0.0002452372  -0.0000685183
        0.0001084197  -0.0004529790  -0.0001751613  -0.0000737041  -0.0000420590
        0.0001809238  -0.0000199170   0.0000593710   0.0000115123   0.0001002636
        0.0000215805  -0.0001740618   0.0000776908  -0.0002536346  -0.0000970432
       -0.0003342500   0.0000544521  -0.0000593146   0.0000167650   0.0000106696
       -0.0000154936   0.0000942661   0.0159564019   0.0096506578  -0.0031036847
       -0.0347078232  -0.0150151035   0.0573080533   0.0152685031   0.0057749888
       -0.0026002213   0.0000809620  -0.0000289548  -0.0004861695  -0.0000406470
        0.0000058337  -0.0000494212  -0.0000270753   0.0000712849  -0.0000716678
       -0.0000348758   0.0000300224  -0.0000338384  -0.0000657469   0.0000273550
       -0.0000280691   0.0000336304   0.0000136821   0.0000206236
       -0.0005824370  -0.0019679944  -0.0013002838  -0.0005371416  -0.0009262413
       -0.0004983743  -0.0000976911   0.0004928494   0.0001521490   0.0000490450
       -0.0000155494  -0.0001357115   0.0000642209   0.0004731834  -0.0002590560
       -0.0008771856  -0.0001701295  -0.0017727207   0.0080726896  -0.0066259319
       -0.0027801524  -0.1282267569   0.0890323665   0.0708366958  -0.0002889317
        0.0002120330   0.0004145186   0.0000794180   0.0000006082   0.0002228288
       -0.0001272310   0.0001648335   0.0001760301   0.0001715318  -0.0000650937
        0.0001328588  -0.0000605308  -0.0001032686   0.0000454166  -0.0000249453
        0.0001081185  -0.0000625140   0.0001563924  -0.0000640931   0.0001339156
        0.0000638093   0.0002650144  -0.0001270611   0.0000196247  -0.0001112809
        0.0000290024  -0.0000629371  -0.0000593819  -0.0000121968  -0.0012732443
        0.0004947655   0.0001386069  -0.0001001814   0.0002283802  -0.0001057039
       -0.0002150644  -0.0001359559   0.0000783537   0.0000288315   0.0000019733
       -0.0000256386   0.0000223087  -0.0000987460   0.0000418477  -0.0000309868
       -0.0000161308  -0.0001219921  -0.0033283439   0.0056039794   0.0022839670
       -0.0218370197   0.0175661325   0.0152685031   0.1491567067  -0.1042163851
       -0.0826826239   0.0000050978   0.0000234124  -0.0000578736  -0.0001743471
       -0.0000635020  -0.0000277711  -0.0000088579  -0.0000089723  -0.0000028978
       -0.0000156181  -0.0000048248  -0.0000061813  -0.0000135482   0.0000026848
       -0.0000025103  -0.0000066764  -0.0000168534   0.0000265693
       -0.0000494676   0.0001786989   0.0005733882   0.0004104621   0.0005485834
       -0.0011497527   0.0001791569   0.0002611484   0.0002856435   0.0001296445
        0.0000204062  -0.0000113411  -0.0001011228   0.0004143278  -0.0000299481
       -0.0006662122  -0.0007896474  -0.0004943697   0.0037326640  -0.0042575900
       -0.0062675542   0.0892428234  -0.1363429591  -0.0760517928   0.0000543466
        0.0000433641   0.0005695414  -0.0001509149   0.0000465159  -0.0002190643
       -0.0000547993  -0.0003007123  -0.0000781819  -0.0000268447   0.0000695070
       -0.0000492439   0.0000127885   0.0000373340   0.0000094014  -0.0000066665
       -0.0000036190   0.0000120134   0.0001244348   0.0001380836   0.0000144401
       -0.0001290061  -0.0001679123   0.0000613790   0.0000336885   0.0000899061
       -0.0000739277   0.0001618653   0.0000557637  -0.0000073729  -0.0009695475
        0.0005203358  -0.0000292461   0.0002036676   0.0000404767   0.0002152833
       -0.0003341571  -0.0011962359   0.0001497955  -0.0000195660  -0.0000148711
        0.0000336025  -0.0000213579  -0.0000744656  -0.0000065170  -0.0000148221
        0.0000270569  -0.0000809914   0.0195954570  -0.0229698537  -0.0117053334
       -0.0071812437   0.0079526440   0.0057749888  -0.1042163851   0.1557031486
        0.0885870618  -0.0000656605  -0.0000803692   0.0000004114   0.0001462861
        0.0000552637  -0.0000169893  -0.0000250371   0.0000165644  -0.0000241857
        0.0000194754  -0.0000074558   0.0000043056   0.0000108326   0.0000037217
       -0.0000036640  -0.0000247821  -0.0000171595   0.0000082204
        0.0003195860   0.0000181769   0.0004510657   0.0013609246   0.0000714960
       -0.0002736370   0.0002252037   0.0008070475   0.0000961836   0.0003766543
        0.0000496780   0.0000000923  -0.0001566217   0.0011122232  -0.0011789104
       -0.0022268488  -0.0020910416  -0.0027604274   0.0131067184  -0.0187557840
       -0.0223570462   0.0734072975  -0.0764216925  -0.0989454468  -0.0000249130
       -0.0002296925   0.0002353629  -0.0001983577  -0.0000134923  -0.0002185505
        0.0001011032  -0.0000265436   0.0001224912  -0.0000954862   0.0000249351
       -0.0000438455   0.0000549389   0.0000583015  -0.0000339601   0.0000179969
       -0.0000710936   0.0000516596   0.0000063761   0.0001285226  -0.0000508196
       -0.0000372457  -0.0002533978   0.0001197420  -0.0000356388   0.0001419288
       -0.0000724407   0.0000637967   0.0000350066  -0.0000129732  -0.0005284015
        0.0000424997   0.0003831855   0.0001179783   0.0000861412   0.0000627272
       -0.0000501912   0.0000259220   0.0002472865   0.0000375012   0.0000053284
        0.0000841758   0.0000312118  -0.0002010861   0.0000098847  -0.0001060588
        0.0000367920  -0.0003113954  -0.0089865445   0.0104486809   0.0080401490
        0.0060581647  -0.0035794430  -0.0026002213  -0.0826826239   0.0885870618
        0.1189657732  -0.0000849504  -0.0001106410   0.0000602524  -0.0000679724
        0.0000763702  -0.0000924822  -0.0000018994  -0.0000030979   0.0000186064
       -0.0000009178  -0.0000012311   0.0000028315  -0.0000003372   0.0000011685
        0.0000006268  -0.0000004433   0.0000009564   0.0000000600
       -0.0002346689  -0.0000422459  -0.0000883805  -0.0013148787   0.0006696092
        0.0006752818   0.0001651375   0.0000248949   0.0001381321  -0.0003226574
        0.0004647096  -0.0002142816  -0.0000209593   0.0000111684   0.0011581543
       -0.0151784389  -0.0179798023   0.0156376852  -0.0025248751  -0.0018387483
       -0.0007936743   0.0001906415  -0.0001937911  -0.0003129312  -0.0722272410
       -0.0740716951   0.0551180497   0.0117871908   0.0131858825  -0.0097523439
       -0.0037639619   0.0046779704  -0.0042498078   0.0023335728   0.0006927896
        0.0003001447  -0.0014363383  -0.0014513820   0.0005338956  -0.0008083846
        0.0014870249  -0.0010427015  -0.0012389029  -0.0042737661   0.0024202227
       -0.0097068309   0.0091363979  -0.0091989272   0.0046686791  -0.0041729616
        0.0053338681   0.0031468137  -0.0003605281   0.0013050269   0.0000219926
       -0.0000428300  -0.0000243067  -0.0000062715   0.0000032572   0.0000553848
        0.0000070211   0.0000558738  -0.0000907442   0.0001519916  -0.0001111045
       -0.0000244091   0.0000597831   0.0000619137   0.0000622175   0.0000054086
       -0.0003552994  -0.0004780849  -0.0000408218   0.0001412520  -0.0001311472
        0.0000220689  -0.0000533474   0.0000809620   0.0000050978  -0.0000656605
       -0.0000849504   0.0868712920   0.0743605456  -0.0562632942  -0.0000188703
        0.0000011889   0.0000646968  -0.0002134193   0.0003076372  -0.0001700322
        0.0000056115  -0.0000300835  -0.0000046275  -0.0000271822   0.0000980009
       -0.0000417987  -0.0003575995  -0.0003368706   0.0000827207
        0.0000862957  -0.0000092336  -0.0000682587   0.0002273802   0.0003627488
        0.0001226820  -0.0000243774  -0.0000587213  -0.0003511117  -0.0003987508
        0.0003877408   0.0000629171   0.0005978195   0.0002432463   0.0005256054
       -0.0045359028  -0.0038103584   0.0012877630   0.0010881481  -0.0000041556
       -0.0003131705   0.0004359744  -0.0000870398  -0.0001617843  -0.0806071580
       -0.2015459821   0.1578755485   0.0089188004  -0.0228041483   0.0173568950
        0.0012601971   0.0035174117   0.0009484567   0.0020310924  -0.0011272600
        0.0017960240  -0.0016564923  -0.0010234130   0.0002894220  -0.0003423454
        0.0008276419  -0.0006868574  -0.0034275024  -0.0048890794   0.0014940345
       -0.0032150369   0.0092883802  -0.0068145045   0.0036976324  -0.0059834350
        0.0031759124   0.0016566852  -0.0007425965   0.0011865388   0.0000389612
       -0.0000402456  -0.0000457133   0.0000387042   0.0000176481  -0.0000201080
        0.0000056915   0.0000508500  -0.0000546357   0.0001143521  -0.0000589710
       -0.0000531988   0.0001108944   0.0000551155   0.0000267163  -0.0002319285
       -0.0001498986  -0.0006031756   0.0000123469   0.0000713980  -0.0000904777
       -0.0002776165  -0.0000849627  -0.0000289548   0.0000234124  -0.0000803692
       -0.0001106410   0.0743605456   0.2272805291  -0.1764214819   0.0002255257
        0.0004756442  -0.0000897935   0.0002458198  -0.0001143830  -0.0002215459
       -0.0000689418   0.0000932110  -0.0001048082  -0.0001683925   0.0001286306
       -0.0001470315  -0.0002218338  -0.0001859432   0.0002387373
        0.0000490310   0.0000731549   0.0000035963   0.0007274732   0.0003907633
       -0.0002673453  -0.0005257608  -0.0002029479   0.0001064783   0.0008178102
        0.0002373592  -0.0002840030  -0.0030541701  -0.0000447250  -0.0005034177
        0.0104901796  -0.0002621507  -0.0008409508  -0.0003990324  -0.0000173455
        0.0006609044   0.0002740089  -0.0001260044   0.0002019577   0.0493306921
        0.1630579981  -0.1409233234   0.0011492642   0.0124374238  -0.0114495918
       -0.0018074587   0.0016111018   0.0015293618  -0.0000784042   0.0010361972
        0.0007233571   0.0000054401  -0.0000901121   0.0001251904  -0.0000143499
        0.0004545831  -0.0001576491   0.0015586267   0.0004013356  -0.0006972516
       -0.0002141703  -0.0020489184   0.0014763260  -0.0004257847   0.0000205459
       -0.0026911859  -0.0009486904   0.0001271905  -0.0004220718  -0.0000054043
        0.0000249295   0.0000256989  -0.0000588724  -0.0000295168  -0.0000246173
        0.0000009513  -0.0000265752   0.0000506342  -0.0000817812  -0.0000196568
       -0.0000454682  -0.0001166595  -0.0000721250  -0.0001135273  -0.0001665530
       -0.0000099253  -0.0005460973   0.0000387089  -0.0001659646   0.0002200612
       -0.0000818443   0.0000960966  -0.0004861695  -0.0000578736   0.0000004114
        0.0000602524  -0.0562632942  -0.1764214819   0.1545461905  -0.0002662825
       -0.0002967191   0.0000112651  -0.0000606440  -0.0001997610  -0.0003636429
        0.0000198272  -0.0001206186  -0.0000439358   0.0001015372  -0.0000918972
        0.0000535113   0.0000634798   0.0002773544   0.0000654629
       -0.0000734305  -0.0000407139   0.0000513474  -0.0001877159   0.0001061850
        0.0001172899  -0.0001377409  -0.0000712080  -0.0001739804  -0.0001508763
        0.0000094999  -0.0000751914   0.0001508891   0.0000706302  -0.0000659016
        0.0006115797   0.0010766497  -0.0008650114  -0.0008195859   0.0010450026
        0.0003891309  -0.0004517986   0.0008389222   0.0005809641  -0.0003017017
        0.0011903671  -0.0000031204  -0.0093843555  -0.0063826060   0.0012286512
       -0.2693764936  -0.0891499717  -0.0116716852  -0.0242898842  -0.0064388007
       -0.0022095251  -0.0014651277   0.0022714392  -0.0039533749   0.0007419226
        0.0001807105   0.0001152162   0.0006798362  -0.0021139826  -0.0002843651
       -0.0003253180   0.0005730399  -0.0003498223   0.0000345104  -0.0001776852
        0.0001340378  -0.0002895450  -0.0002898975   0.0001032258   0.0000245529
       -0.0000275073  -0.0000171653  -0.0000039244  -0.0000155913  -0.0000094956
       -0.0000034045  -0.0000143591   0.0000940670   0.0000143930  -0.0000248710
        0.0000305548  -0.0000042214  -0.0000052890   0.0000349949  -0.0000136943
       -0.0000756900   0.0000890099   0.0001774321   0.0003459846   0.0001866474
       -0.0001102067  -0.0003363448  -0.0000406470  -0.0001743471   0.0001462861
       -0.0000679724  -0.0000188703   0.0002255257  -0.0002662825   0.3056723037
        0.0973386456   0.0157054558   0.0006557968  -0.0000968370   0.0009966656
       -0.0012015792  -0.0003867402  -0.0001114911   0.0000108752   0.0002334969
        0.0003074442   0.0000097299  -0.0000042897   0.0000003289
       -0.0001182909   0.0000020910   0.0000434615   0.0004487715   0.0001374407
       -0.0000936206   0.0000115016   0.0000275889  -0.0000712236  -0.0000926759
       -0.0000223052   0.0000097943   0.0002486180   0.0001513067   0.0004262408
        0.0002192107  -0.0011314002   0.0008066375   0.0015457208  -0.0006935792
       -0.0001573931   0.0001922847  -0.0002724071  -0.0004769248   0.0000923188
        0.0004740994  -0.0008903149  -0.0259724912  -0.0100157642  -0.0001702790
       -0.0889533771  -0.0738792949   0.0011671348   0.0134501843   0.0046492471
        0.0006642901   0.0017073370   0.0013281446   0.0045246546   0.0005818110
       -0.0004146535   0.0002775456  -0.0010367611  -0.0028155828   0.0051735120
       -0.0009649576   0.0003469717  -0.0006989518   0.0000954378  -0.0001297638
        0.0001012015  -0.0004616811  -0.0005668574   0.0002943728  -0.0000060472
       -0.0000340341   0.0000076231  -0.0000556338  -0.0000052270   0.0000211139
        0.0000192976   0.0000416788  -0.0000232265  -0.0000693816  -0.0000316540
       -0.0000344736  -0.0000641648  -0.0000368757  -0.0000373343  -0.0000785430
       -0.0000261927  -0.0000915168   0.0002488361  -0.0001136606  -0.0007344956
       -0.0002591266  -0.0001953167   0.0000058337  -0.0000635020   0.0000552637
        0.0000763702   0.0000011889   0.0004756442  -0.0002967191   0.0973386456
        0.0830239224  -0.0079580425   0.0012361683  -0.0000616787  -0.0014036693
        0.0006723970   0.0002107409   0.0001814924   0.0001864495  -0.0004309094
       -0.0006710326  -0.0000995453  -0.0000469830   0.0000279394
        0.0000533094  -0.0000083679  -0.0000274323  -0.0000757880   0.0000326615
        0.0001724764  -0.0000887173  -0.0000295235   0.0000190599  -0.0000720564
        0.0000165190  -0.0001104714  -0.0002466598  -0.0000527161  -0.0004472165
        0.0001290881   0.0000640580  -0.0003070553  -0.0001968742   0.0002070278
        0.0010443050   0.0002714844  -0.0004141041  -0.0003410566   0.0008272210
       -0.0013308627  -0.0004042139   0.0124862015   0.0064207385   0.0006985413
       -0.0120725267   0.0009839842  -0.0350468524  -0.0139141465  -0.0045516888
       -0.0009263178  -0.0033444657   0.0050058243   0.0048734822   0.0000072536
        0.0000557088  -0.0002014668  -0.0005075249   0.0048890799   0.0031000676
        0.0006547163  -0.0003031968  -0.0003192410  -0.0000656432   0.0000068761
        0.0000019917   0.0000795909   0.0002619164  -0.0000216984   0.0000146871
        0.0000001385  -0.0000309320  -0.0000117363   0.0000136953  -0.0000328620
        0.0000775349   0.0000174766  -0.0000832301   0.0000269002  -0.0000112791
       -0.0000190857   0.0000319089   0.0000049553  -0.0000130895   0.0000632441
       -0.0000257082  -0.0000461752   0.0004138670  -0.0006905302  -0.0008078832
       -0.0000204346   0.0000638536  -0.0000494212  -0.0000277711  -0.0000169893
       -0.0000924822   0.0000646968  -0.0000897935   0.0000112651   0.0157054558
       -0.0079580425   0.0324579644   0.0002032510  -0.0018188491  -0.0020323717
       -0.0007830306  -0.0000405370   0.0001660373   0.0002701092  -0.0007683026
       -0.0012156556   0.0000468554   0.0000659775   0.0000310199
       -0.0000238465  -0.0000029052   0.0000113039   0.0000189547   0.0000073589
       -0.0000181139  -0.0000128933  -0.0000080643  -0.0000192895  -0.0000192868
       -0.0000046428   0.0000114041  -0.0000099335  -0.0000050918   0.0000041597
        0.0001641520  -0.0000011781  -0.0000510774   0.0000380075   0.0000163957
       -0.0000288495  -0.0000263216   0.0000533263   0.0000296509   0.0001689519
        0.0010033353  -0.0005274362  -0.0020230524   0.0012410366  -0.0035277094
        0.0037338127   0.0177979876  -0.0097096569  -0.0568710384  -0.0524356110
        0.0254341004  -0.0074975520  -0.0245030594   0.0120997309  -0.0051183487
       -0.0029066297  -0.0011610051  -0.0004067727   0.0003619507  -0.0002130347
       -0.0000932765   0.0003174704   0.0002617467   0.0000282712  -0.0000728576
       -0.0000138668  -0.0000183410  -0.0000810299  -0.0000465345   0.0000065266
       -0.0000150397  -0.0000023088   0.0000047504  -0.0000003631   0.0000019837
       -0.0000097837   0.0000137254   0.0000150669  -0.0000001495   0.0000005665
        0.0000035068   0.0000017442  -0.0000007318   0.0000072975   0.0000029619
       -0.0000020685   0.0000286967   0.0000260970   0.0000668678  -0.0000072062
       -0.0000148278  -0.0000851677  -0.0000270753  -0.0000088579  -0.0000250371
       -0.0000018994  -0.0002134193   0.0002458198  -0.0000606440   0.0006557968
        0.0012361683   0.0002032510   0.0675418486   0.0593406695  -0.0243442036
        0.0004872409  -0.0003680751   0.0008209396  -0.0005598798  -0.0011467323
        0.0007930026   0.0000484649  -0.0000383937   0.0000340697
        0.0000180029   0.0000203159  -0.0000289277  -0.0000636878  -0.0000073704
        0.0000152012   0.0000178812   0.0000101060   0.0000110539   0.0000193342
       -0.0000049950  -0.0000322306   0.0000972208   0.0000262417  -0.0000152087
       -0.0004009525  -0.0000341434   0.0000910157   0.0000556274  -0.0000153009
        0.0000588554   0.0000161712   0.0000385389  -0.0000523758   0.0001627176
       -0.0013044999   0.0007162210   0.0015427268   0.0020966618   0.0047299295
       -0.0020850938  -0.0163861556   0.0096861692  -0.0526099321  -0.2338071190
        0.1034024168  -0.0039378083  -0.0101855061   0.0061680563  -0.0033909863
        0.0014396531   0.0022844386   0.0003090973   0.0003469725  -0.0004262314
        0.0003665831   0.0002074469  -0.0012010629  -0.0000214955  -0.0002127271
        0.0002978556  -0.0002944334  -0.0001218789   0.0002013710  -0.0000066590
       -0.0000078885   0.0000007640   0.0000020348   0.0000063739   0.0000043407
        0.0000194884  -0.0000010249  -0.0000102522   0.0000097278   0.0000019778
        0.0000002338   0.0000032322   0.0000013336   0.0000120583  -0.0000298414
       -0.0000154625  -0.0000111917   0.0000567747  -0.0000600026  -0.0000038020
       -0.0000480622   0.0000474995   0.0000712849  -0.0000089723   0.0000165644
       -0.0000030979   0.0003076372  -0.0001143830  -0.0001997610  -0.0000968370
       -0.0000616787  -0.0018188491   0.0593406695   0.2586578682  -0.1231245272
        0.0008020792   0.0001111456  -0.0010552941  -0.0001851195  -0.0007060145
        0.0001950778   0.0000328745   0.0000174512   0.0000364685
       -0.0000192042  -0.0000134576   0.0000092392  -0.0000114979  -0.0000104073
        0.0000103982  -0.0000107666  -0.0000060406   0.0000129955   0.0000154015
       -0.0000169001  -0.0000093901  -0.0000453276  -0.0000025210  -0.0000230243
        0.0002228086   0.0001647756   0.0001225026   0.0000360153  -0.0000403905
       -0.0000090290   0.0000065085   0.0000076569   0.0000348669   0.0002542079
        0.0006719839  -0.0007253934  -0.0039083959   0.0050657013   0.0057334481
        0.0024508421   0.0142097644  -0.0065382477   0.0243817689   0.1033803553
       -0.0902301941   0.0010376846   0.0017404268   0.0010899233  -0.0009071628
        0.0021350729   0.0054265637  -0.0001641990  -0.0000591568  -0.0005089510
        0.0000553378  -0.0016137781  -0.0009133044  -0.0001806936   0.0004388276
       -0.0000668968   0.0002035767   0.0002750185   0.0002230922   0.0000100342
       -0.0000036738  -0.0000023643  -0.0000028002  -0.0000024429  -0.0000017622
       -0.0000060381   0.0000047146   0.0000139289  -0.0000031096   0.0000048370
        0.0000022781   0.0000017441   0.0000005168  -0.0000017783   0.0000199706
        0.0000126483   0.0000102512  -0.0000612769   0.0000304935   0.0000487871
        0.0000126423  -0.0000155993  -0.0000716678  -0.0000028978  -0.0000241857
        0.0000186064  -0.0001700322  -0.0002215459  -0.0003636429   0.0009966656
       -0.0014036693  -0.0020323717  -0.0243442036  -0.1231245272   0.0901962886
        0.0001477667  -0.0014013018  -0.0011826094   0.0000260875  -0.0001796385
       -0.0003139706  -0.0000414570  -0.0000035572   0.0000414281
       -0.0000496133   0.0000084131   0.0000288766   0.0000746956  -0.0000032214
       -0.0000111033  -0.0000002614   0.0000051906  -0.0000062458   0.0000111934
        0.0000113092   0.0000180949  -0.0000442454   0.0000097403   0.0000359855
        0.0002653307   0.0001317358   0.0000417763  -0.0000129942  -0.0000237482
       -0.0000315203  -0.0000692375   0.0000911678   0.0000467437  -0.0003648398
        0.0002242373   0.0000732072   0.0004530203  -0.0009344791   0.0006016764
       -0.0049150812  -0.0029140457  -0.0010748389  -0.0225630859   0.0143691499
       -0.0139697127  -0.1737213439   0.0942507264  -0.0911846673   0.0036138024
       -0.0020367353   0.0022753822   0.0009385596  -0.0017272942  -0.0005831941
       -0.0000419456  -0.0006963512   0.0002278923  -0.0000931223   0.0002220049
       -0.0000475111   0.0001880389   0.0001564261  -0.0000678606   0.0000082259
       -0.0000009299  -0.0000030506   0.0000027333  -0.0000055669  -0.0000058280
        0.0000120883  -0.0000027702  -0.0000119259  -0.0000005633  -0.0000037834
        0.0000024469  -0.0000006035  -0.0000045973   0.0000003894   0.0000068618
       -0.0000005460   0.0000052956   0.0000483897  -0.0000131900  -0.0000687261
       -0.0000080750  -0.0000692739  -0.0000348758  -0.0000156181   0.0000194754
       -0.0000009178   0.0000056115  -0.0000689418   0.0000198272  -0.0012015792
        0.0006723970  -0.0007830306   0.0004872409   0.0008020792   0.0001477667
        0.1961991360  -0.1021346953   0.1032887107   0.0007915173  -0.0002722393
        0.0010248833  -0.0000042360  -0.0000616437   0.0000460541
        0.0000133634   0.0000097112  -0.0000114442  -0.0000075577   0.0000168760
        0.0000030158   0.0000132093   0.0000017970  -0.0000236219  -0.0000278335
        0.0000014228  -0.0000042470   0.0000491945   0.0000035759   0.0000163007
       -0.0001996470  -0.0001731905  -0.0000884976   0.0000327664   0.0000517558
        0.0000287622   0.0000119915   0.0000329455  -0.0000286865   0.0003722342
       -0.0003121000  -0.0002631084  -0.0008465074   0.0001477674  -0.0001058328
       -0.0025786625   0.0015792079   0.0021689124  -0.0057690593   0.0043726453
       -0.0040909343   0.0939655887  -0.1094336477   0.0699503575   0.0181786603
       -0.0159927574   0.0135657586  -0.0023409415  -0.0021269167   0.0057329639
        0.0012138790   0.0006075062   0.0003743404   0.0001163678  -0.0010623589
        0.0004587353  -0.0002369494  -0.0000144736  -0.0000084856  -0.0000031566
       -0.0000042672   0.0000001596   0.0000015852   0.0000019933   0.0000023591
        0.0000032701   0.0000009064   0.0000000167   0.0000014700  -0.0000023168
        0.0000006723  -0.0000020839   0.0000024493   0.0000026912  -0.0000177232
       -0.0000143133  -0.0000028805   0.0000074743  -0.0000031574  -0.0000067714
       -0.0000334415  -0.0000068906   0.0000300224  -0.0000048248  -0.0000074558
       -0.0000012311  -0.0000300835   0.0000932110  -0.0001206186  -0.0003867402
        0.0002107409  -0.0000405370  -0.0003680751   0.0001111456  -0.0014013018
       -0.1021346953   0.1222372137  -0.0847686782   0.0009514436  -0.0003065895
       -0.0013916641   0.0000554843  -0.0000224361   0.0000234729
       -0.0000158784   0.0000022929   0.0000123878   0.0000521723   0.0000256594
        0.0000032397  -0.0000026125  -0.0000053339  -0.0000333403  -0.0000461968
        0.0000084832   0.0000080050  -0.0000562420  -0.0000232620   0.0000448304
        0.0000851478  -0.0001520574  -0.0001572956  -0.0000127063   0.0000586175
        0.0000209018  -0.0000256447   0.0000101738   0.0000023828   0.0001187097
       -0.0003631463  -0.0005937778   0.0004927305  -0.0000841076   0.0004896294
       -0.0012154538   0.0020907811   0.0045419250  -0.0016968540   0.0006327676
       -0.0009296505  -0.0910472239   0.0698622276  -0.0956067234  -0.0101946204
        0.0091016338  -0.0087249023   0.0001236672   0.0059294753   0.0042829560
       -0.0010171410  -0.0001224179   0.0008462370  -0.0000093559   0.0004074593
       -0.0008420140   0.0002478410   0.0000940279   0.0000554095   0.0000052632
       -0.0000021747  -0.0000015615   0.0000003189  -0.0000020915  -0.0000041705
        0.0000022276   0.0000015911  -0.0000031531   0.0000018648  -0.0000049344
       -0.0000011005  -0.0000050597   0.0000027421  -0.0000039441   0.0000135873
        0.0000012221  -0.0000049006   0.0000027110  -0.0000120973  -0.0000180604
       -0.0000013704  -0.0000172732  -0.0000338384  -0.0000061813   0.0000043056
        0.0000028315  -0.0000046275  -0.0001048082  -0.0000439358  -0.0001114911
        0.0001814924   0.0001660373   0.0008209396  -0.0010552941  -0.0011826094
        0.1032887107  -0.0847686782   0.0995348006   0.0002421632  -0.0016726073
       -0.0017851096  -0.0000293949  -0.0000246686  -0.0000414858
       -0.0000410986   0.0000000942   0.0000234819   0.0000580696  -0.0000066467
       -0.0000020834  -0.0000072748   0.0000021602  -0.0000059606  -0.0000061920
       -0.0000092143  -0.0000081814  -0.0001526798  -0.0000109369   0.0000325487
        0.0000978895   0.0001959928  -0.0001872632  -0.0000196682  -0.0000209998
       -0.0000306274  -0.0000506087   0.0000327397   0.0000447943  -0.0014998572
       -0.0004048177   0.0000744648  -0.0011418075   0.0023835959  -0.0031454909
        0.0007762589   0.0001108000   0.0001415890   0.0006875206  -0.0024557967
       -0.0002619383  -0.0084247902  -0.0042987061   0.0004590037  -0.2750247446
       -0.0841317168  -0.0003988180  -0.0241233821  -0.0053272033  -0.0022807460
       -0.0016697982  -0.0012009155   0.0009041279   0.0001084379  -0.0001362702
        0.0000926947   0.0017966978  -0.0000356627   0.0003113783   0.0000073044
       -0.0000014942  -0.0000019290  -0.0000005487  -0.0000040139  -0.0000066009
        0.0000060107  -0.0000016241  -0.0000089358  -0.0000014130   0.0000015668
       -0.0000006060  -0.0000090330  -0.0000019338  -0.0000036081   0.0000140736
        0.0000107589   0.0000123946   0.0000324206  -0.0000015356  -0.0000352640
        0.0000040033  -0.0000655413  -0.0000657469  -0.0000135482   0.0000108326
       -0.0000003372  -0.0000271822  -0.0001683925   0.0001015372   0.0000108752
        0.0001864495   0.0002701092  -0.0005598798  -0.0001851195   0.0000260875
        0.0007915173   0.0009514436   0.0002421632   0.3081974323   0.0952100282
        0.0032696688   0.0001849951  -0.0006279209   0.0004380933
       -0.0000035404   0.0000072970  -0.0000024610   0.0000030658   0.0000017179
       -0.0000100648   0.0000022536   0.0000024641   0.0000015032   0.0000168835
        0.0000109330   0.0000086389   0.0000720904   0.0000155539   0.0000006567
        0.0001809600  -0.0000392840   0.0001426069   0.0000014487   0.0000012082
        0.0000101977   0.0000115347   0.0000217630  -0.0000296499   0.0008793027
        0.0000288185   0.0001812422   0.0010796392   0.0003036589   0.0042342398
        0.0003864240  -0.0000871265   0.0001147470  -0.0019118083  -0.0018763271
        0.0061162679  -0.0245410010  -0.0097256556   0.0017957639  -0.0841788309
       -0.0694463658   0.0034752890   0.0132318466   0.0047475709   0.0004930724
        0.0018603683   0.0004280916  -0.0015308565  -0.0006401582   0.0002620851
       -0.0002409207  -0.0006261595  -0.0030927149   0.0019721908   0.0000010207
        0.0000008297   0.0000005501   0.0000002582  -0.0000007424   0.0000004257
        0.0000030196  -0.0000034403   0.0000001347   0.0000003248  -0.0000009964
        0.0000013841   0.0000032217   0.0000013121   0.0000020950  -0.0000094799
       -0.0000021925  -0.0000082199   0.0000261339  -0.0000185535   0.0000029934
       -0.0000322111  -0.0000028507   0.0000273550   0.0000026848   0.0000037217
        0.0000011685   0.0000980009   0.0001286306  -0.0000918972   0.0002334969
       -0.0004309094  -0.0007683026  -0.0011467323  -0.0007060145  -0.0001796385
       -0.0002722393  -0.0003065895  -0.0016726073   0.0952100282   0.0800053851
       -0.0143044808   0.0000581540  -0.0002312780   0.0002565763
       -0.0000072002  -0.0000062793   0.0000046114  -0.0000016593  -0.0000250121
        0.0000041299  -0.0000005373   0.0000002982   0.0000036820   0.0000032696
       -0.0000199545   0.0000049624  -0.0000660401  -0.0000094159  -0.0000057068
       -0.0000730796   0.0002018785  -0.0000318312  -0.0000214347  -0.0000224622
       -0.0000103214   0.0000047685   0.0000041435   0.0000184873  -0.0009347434
       -0.0000801513   0.0000517978  -0.0029451862   0.0039614962   0.0034106275
       -0.0002016202   0.0004978837  -0.0004134683  -0.0002646655   0.0060151937
        0.0048670312   0.0126618619   0.0055664809   0.0010957915  -0.0004573830
        0.0040988142  -0.0375294293  -0.0128521591  -0.0035363306   0.0002197109
       -0.0010786126  -0.0025072551  -0.0014025071   0.0002639552   0.0000668807
        0.0002283425   0.0006607717   0.0019854460  -0.0006899165   0.0000013470
        0.0000001980  -0.0000004702  -0.0000004962   0.0000009755  -0.0000014375
       -0.0000017444   0.0000035372  -0.0000006175  -0.0000022325   0.0000056983
       -0.0000007133  -0.0000013578  -0.0000007901  -0.0000028010   0.0000111240
        0.0000107647   0.0000089845  -0.0000087017   0.0000025962   0.0000035258
       -0.0000031647  -0.0000051814  -0.0000280691  -0.0000025103  -0.0000036640
        0.0000006268  -0.0000417987  -0.0001470315   0.0000535113   0.0003074442
       -0.0006710326  -0.0012156556   0.0007930026   0.0001950778  -0.0003139706
        0.0010248833  -0.0013916641  -0.0017851096   0.0032696688  -0.0143044808
        0.0333980251  -0.0000357694   0.0001133423   0.0000581772
        0.0000261705   0.0000032944  -0.0000248732  -0.0000493271   0.0000028338
        0.0000136407  -0.0000030852  -0.0000006298   0.0000042112   0.0000127733
       -0.0000172893  -0.0000362569   0.0001084619   0.0000496404  -0.0000085560
       -0.0002926659  -0.0000737356   0.0000391780   0.0001013956   0.0000116239
        0.0000259222   0.0000226879   0.0000275350  -0.0000339175   0.0011024667
       -0.0002860612   0.0003558691  -0.0015827417  -0.0010214121  -0.0000002818
       -0.0003938258  -0.0003477389   0.0003431105  -0.0006808273   0.0000823889
       -0.0002383965   0.0007116599   0.0007421400  -0.0002273051   0.0003897270
       -0.0001933362   0.0003599193  -0.0041784011   0.0009234723  -0.0030060583
       -0.0147618729  -0.0364178257   0.0198295047   0.0031867164   0.0026021213
        0.0005738307  -0.0415656678  -0.0411938087   0.0201348751  -0.0000069327
       -0.0000086124   0.0000016125   0.0000017309  -0.0000024568   0.0000065408
       -0.0000048511  -0.0000037028   0.0000012980   0.0000098326  -0.0000003943
        0.0000008520   0.0000049313  -0.0000010529   0.0000158837  -0.0000409404
       -0.0000301089   0.0000054444  -0.0000174480   0.0000249157  -0.0000122890
       -0.0000098272  -0.0000360921   0.0000336304  -0.0000066764  -0.0000247821
       -0.0000004433  -0.0003575995  -0.0002218338   0.0000634798   0.0000097299
       -0.0000995453   0.0000468554   0.0000484649   0.0000328745  -0.0000414570
       -0.0000042360   0.0000554843  -0.0000293949   0.0001849951   0.0000581540
       -0.0000357694   0.0580351821   0.0753639404  -0.0381606596
        0.0000082484  -0.0000307472  -0.0000095791  -0.0000224230   0.0000050259
        0.0000052088  -0.0000200922  -0.0000098963  -0.0000023410   0.0000027901
       -0.0000144774  -0.0000403753   0.0000431851   0.0000174504   0.0000004305
       -0.0000764634  -0.0000119974   0.0000014763   0.0000532750   0.0000033559
        0.0000584467   0.0000501571  -0.0000306298  -0.0000357821   0.0005791329
       -0.0002394604   0.0000537333  -0.0008148447   0.0000702668   0.0002809599
       -0.0002165048  -0.0005594131  -0.0000052168  -0.0007201958  -0.0000613946
       -0.0000702719   0.0005176937   0.0006822312  -0.0003767431   0.0009690287
       -0.0006323200   0.0005090772  -0.0018198825   0.0033996590   0.0002946083
       -0.0178191256  -0.0106086070   0.0039743180   0.0021303249  -0.0008964797
       -0.0017789498  -0.0570147667  -0.2772948256   0.1636106348  -0.0000052461
       -0.0000100663   0.0000003439  -0.0000112607  -0.0000100152  -0.0000023057
       -0.0000050232  -0.0000041879  -0.0000090696  -0.0000032296  -0.0000017190
       -0.0000085851  -0.0000087833   0.0000048541  -0.0000007568  -0.0000317026
        0.0000049380   0.0000052123  -0.0000242677   0.0000093575  -0.0000132214
       -0.0000179925   0.0000003539   0.0000136821  -0.0000168534  -0.0000171595
        0.0000009564  -0.0003368706  -0.0001859432   0.0002773544  -0.0000042897
       -0.0000469830   0.0000659775  -0.0000383937   0.0000174512  -0.0000035572
       -0.0000616437  -0.0000224361  -0.0000246686  -0.0006279209  -0.0002312780
        0.0001133423   0.0753639404   0.2867050930  -0.1668843391
       -0.0000017574   0.0000006362  -0.0000134020   0.0000133249   0.0000007291
        0.0000002432   0.0000109598  -0.0000018371  -0.0000277350   0.0000039340
        0.0000056081   0.0000106631  -0.0000004268  -0.0000082740   0.0000106708
        0.0000264344  -0.0000184670  -0.0000186504  -0.0000185432   0.0000052320
       -0.0000272798  -0.0000437048  -0.0000208684  -0.0000305368  -0.0000884112
       -0.0000972695  -0.0001035589  -0.0000370331   0.0001812483   0.0007111837
        0.0001493287  -0.0001007660  -0.0004371009   0.0002055190   0.0001544819
        0.0000459701  -0.0000799068  -0.0003053920   0.0000294083  -0.0004390618
        0.0001803542  -0.0004667109  -0.0012966698   0.0010955824   0.0033630981
        0.0071149283  -0.0013871714   0.0056279529   0.0008426334  -0.0016707300
       -0.0032833462   0.0311235010   0.1682606875  -0.1197919562   0.0000077205
        0.0000002966   0.0000005774   0.0000049001   0.0000002449  -0.0000007054
        0.0000033074   0.0000055870   0.0000050373   0.0000068203  -0.0000010057
        0.0000065136   0.0000005377  -0.0000030997   0.0000071820  -0.0000196771
       -0.0000094750  -0.0000004940   0.0000105545  -0.0000070146   0.0000169056
        0.0000336116   0.0000336063   0.0000206236   0.0000265693   0.0000082204
        0.0000000600   0.0000827207   0.0002387373   0.0000654629   0.0000003289
        0.0000279394   0.0000310199   0.0000340697   0.0000364685   0.0000414281
        0.0000460541   0.0000234729  -0.0000414858   0.0004380933   0.0002565763
        0.0000581772  -0.0381606596  -0.1668843391   0.1141907844
