{
    "partname": "prescreening",
    "runtime": 14.884593228809536,
    "results": {
        "CONF1": {
            "xtb_gsolv": {
                "gsolv": -0.001699648538000531,
                "energy_xtb_gas": -16.968526204603,
                "energy_xtb_solv": -16.970225853141
            },
            "sp": {
                "energy": -455.119140503888
            },
            "gtot": -455.120840152426,
            "bmw": 0.2408343206860152
        },
        "CONF6": {
            "xtb_gsolv": {
                "gsolv": -0.0014896478490022957,
                "energy_xtb_gas": -16.965284230326,
                "energy_xtb_solv": -16.966773878175
            },
            "sp": {
                "energy": -455.114659610111
            },
            "gtot": -455.11614925796,
            "bmw": 0.001675159937553819
        },
        "CONF5": {
            "xtb_gsolv": {
                "gsolv": -0.0018182221290032885,
                "energy_xtb_gas": -16.967570891528,
                "energy_xtb_solv": -16.969389113657
            },
            "sp": {
                "energy": -455.11822866939
            },
            "gtot": -455.120046891519,
            "bmw": 0.10395457732085642
        },
        "CONF7": {
            "xtb_gsolv": {
                "gsolv": -0.0014827786789979314,
                "energy_xtb_gas": -16.964912744881,
                "energy_xtb_solv": -16.96639552356
            },
            "sp": {
                "energy": -455.114352842859
            },
            "gtot": -455.115835621538,
            "bmw": 0.001201692940674634
        },
        "CONF2": {
            "xtb_gsolv": {
                "gsolv": -0.0017948154739997335,
                "energy_xtb_gas": -16.9683184851,
                "energy_xtb_solv": -16.970113300574
            },
            "sp": {
                "energy": -455.119324835348
            },
            "gtot": -455.121119650822,
            "bmw": 0.32380141351798913
        },
        "CONF4": {
            "xtb_gsolv": {
                "gsolv": -0.0016709508369991966,
                "energy_xtb_gas": -16.967758704266,
                "energy_xtb_solv": -16.969429655103
            },
            "sp": {
                "energy": -455.118832086228
            },
            "gtot": -455.120503037065,
            "bmw": 0.16852178271752813
        },
        "CONF3": {
            "xtb_gsolv": {
                "gsolv": -0.0016571405489997915,
                "energy_xtb_gas": -16.967777810355,
                "energy_xtb_solv": -16.969434950904
            },
            "sp": {
                "energy": -455.118796966908
            },
            "gtot": -455.120454107457,
            "bmw": 0.16001105287938272
        }
    },
    "settings": {
        "threshold": 4.0,
        "func": "pbe-d4",
        "basis": "def2-sv(p)",
        "prog": "orca",
        "gfnv": "gfn2",
        "run": true,
        "template": false
    },
    "nconf_in": 7,
    "nconf_out": 7
}