{
    "partname": "screening",
    "runtime": 33.87436322774738,
    "results": {
        "CONF1": {
            "gsolv": {
                "gsolv": -0.001978878443992471,
                "energy_gas": -455.529538163779,
                "energy_solv": -455.531517042223
            },
            "gtot": -455.531517042223,
            "bmw": 0.23288124114599432
        },
        "CONF2": {
            "gsolv": {
                "gsolv": -0.002198352871971565,
                "energy_gas": -455.529556990363,
                "energy_solv": -455.531755343235
            },
            "gtot": -455.531755343235,
            "bmw": 0.2997404708321775
        },
        "CONF7": {
            "gsolv": {
                "gsolv": -0.0018563814089702646,
                "energy_gas": -455.525150109342,
                "energy_solv": -455.527006490751
            },
            "gtot": -455.527006490751,
            "bmw": 0.00196076002020623
        },
        "CONF5": {
            "gsolv": {
                "gsolv": -0.0022822525100423263,
                "energy_gas": -455.528441396085,
                "energy_solv": -455.530723648595
            },
            "gtot": -455.530723648595,
            "bmw": 0.10050755293478297
        },
        "CONF3": {
            "gsolv": {
                "gsolv": -0.0019473854619604936,
                "energy_gas": -455.52935688589,
                "energy_solv": -455.531304271352
            },
            "gtot": -455.531304271352,
            "bmw": 0.1858945600142198
        },
        "CONF4": {
            "gsolv": {
                "gsolv": -0.0019567816460153153,
                "energy_gas": -455.529299134295,
                "energy_solv": -455.531255915941
            },
            "gtot": -455.531255915941,
            "bmw": 0.1766138392617662
        },
        "CONF6": {
            "gsolv": {
                "gsolv": -0.002158257407018027,
                "energy_gas": -455.525039707149,
                "energy_solv": -455.527197964556
            },
            "gtot": -455.527197964556,
            "bmw": 0.0024015757908529716
        }
    },
    "settings": {
        "threshold": 3.5,
        "func": "r2scan-3c",
        "basis": "def2-tzvp",
        "prog": "orca",
        "sm": "smd",
        "gfnv": "gfn2",
        "run": true,
        "implicit": false,
        "template": false
    },
    "nconf_in": 7,
    "nconf_out": 7
}