{
   "temperature":     298.150000000000,
   "unit": "hartree",
   "energy":     -27.122772704128,
   "free energy":     -26.988276950582,
   "G(T)":       0.134495753547,
   "ZPVE":       0.171601687223,
   "number of imags":0,
   "point group": "c1",
   "gradient norm":       0.000051313763
}
