{
   "temperature":     298.150000000000,
   "unit": "hartree",
   "energy":     -51.634714557103,
   "free energy":     -51.443921993163,
   "G(T)":       0.190792563940,
   "ZPVE":       0.236257614395,
   "number of imags":0,
   "point group": "c1",
   "gradient norm":       0.000053532544
}
