{
   "temperature":     298.150000000000,
   "unit": "hartree",
   "energy":     -23.419921286751,
   "free energy":     -23.251671137325,
   "G(T)":       0.168250149427,
   "ZPVE":       0.202209333812,
   "number of imags":0,
   "point group": "c1",
   "gradient norm":       0.000024597584
}
