{
   "temperature":     298.150000000000,
   "unit": "hartree",
   "energy":     -20.873066842761,
   "free energy":     -20.756611263991,
   "G(T)":       0.116455578769,
   "ZPVE":       0.149870306387,
   "number of imags":0,
   "point group": "c1",
   "gradient norm":       0.000024440713
}
