{
   "temperature":     298.150000000000,
   "unit": "hartree",
   "energy":     -49.346772277919,
   "free energy":     -49.149296486321,
   "G(T)":       0.197475791599,
   "ZPVE":       0.242161262084,
   "number of imags":0,
   "point group": "c1",
   "gradient norm":       0.000063231453
}
