{
   "temperature":     298.150000000000,
   "unit": "hartree",
   "energy":     -20.962205284185,
   "free energy":     -20.888951422781,
   "G(T)":       0.073253861404,
   "ZPVE":       0.104664458742,
   "number of imags":0,
   "point group": "cs",
   "gradient norm":       0.000085465942
}
