{
   "temperature":     298.150000000000,
   "unit": "hartree",
   "energy":     -27.126139113768,
   "free energy":     -26.990841287329,
   "G(T)":       0.135297826439,
   "ZPVE":       0.171417643298,
   "number of imags":0,
   "point group": "c1",
   "gradient norm":       0.000037020169
}
