{
   "temperature":     298.150000000000,
   "unit": "hartree",
   "energy":     -27.122506406408,
   "free energy":     -26.989225372657,
   "G(T)":       0.133281033751,
   "ZPVE":       0.171322544789,
   "number of imags":0,
   "point group": "c1",
   "gradient norm":       0.000106051909
}
