{
   "temperature":     298.150000000000,
   "unit": "hartree",
   "energy":     -16.972039638586,
   "free energy":     -16.883886785665,
   "G(T)":       0.088152852921,
   "ZPVE":       0.120928905495,
   "number of imags":0,
   "point group": "c1",
   "gradient norm":       0.000026891172
}
