{
   "temperature":     298.150000000000,
   "unit": "hartree",
   "energy":     -20.873816992773,
   "free energy":     -20.757529657972,
   "G(T)":       0.116287334802,
   "ZPVE":       0.149685634015,
   "number of imags":0,
   "point group": "c1",
   "gradient norm":       0.000047547371
}
