{
   "temperature":     298.150000000000,
   "unit": "hartree",
   "energy":     -27.123639375858,
   "free energy":     -26.989201727262,
   "G(T)":       0.134437648596,
   "ZPVE":       0.171247559684,
   "number of imags":0,
   "point group": "c1",
   "gradient norm":       0.000148497054
}
