{
   "temperature":     298.150000000000,
   "unit": "hartree",
   "energy":     -49.346313237575,
   "free energy":     -49.148113494316,
   "G(T)":       0.198199743259,
   "ZPVE":       0.242419811297,
   "number of imags":0,
   "point group": "c1",
   "gradient norm":       0.000144545245
}
