{
   "temperature":     298.150000000000,
   "unit": "hartree",
   "energy":     -27.122287532655,
   "free energy":     -26.988974389609,
   "G(T)":       0.133313143046,
   "ZPVE":       0.171369900511,
   "number of imags":0,
   "point group": "c1",
   "gradient norm":       0.000145942805
}
