{
   "temperature":     298.150000000000,
   "unit": "hartree",
   "energy":     -27.123282626104,
   "free energy":     -26.988596327388,
   "G(T)":       0.134686298716,
   "ZPVE":       0.171373763417,
   "number of imags":0,
   "point group": "c1",
   "gradient norm":       0.000068723288
}
