{
   "temperature":     298.150000000000,
   "unit": "hartree",
   "energy":     -27.122901563519,
   "free energy":     -26.988362322313,
   "G(T)":       0.134539241206,
   "ZPVE":       0.171436550464,
   "number of imags":0,
   "point group": "c1",
   "gradient norm":       0.000065778400
}
