{
   "temperature":     298.150000000000,
   "unit": "hartree",
   "energy":     -16.968213885123,
   "free energy":     -16.881053520838,
   "G(T)":       0.087160364285,
   "ZPVE":       0.120991534471,
   "number of imags":0,
   "point group": "c1",
   "gradient norm":       0.000043716259
}
