{
   "temperature":     298.150000000000,
   "unit": "hartree",
   "energy":     -27.122324466261,
   "free energy":     -26.989930786177,
   "G(T)":       0.132393680083,
   "ZPVE":       0.170945541102,
   "number of imags":0,
   "point group": "c1",
   "gradient norm":       0.000058304225
}
