{
   "temperature":     298.150000000000,
   "unit": "hartree",
   "energy":     -17.086679696103,
   "free energy":     -16.969512557903,
   "G(T)":       0.117167138200,
   "ZPVE":       0.147524619639,
   "number of imags":0,
   "point group": "c1",
   "gradient norm":       0.000024828621
}
