{
   "temperature":     298.150000000000,
   "unit": "hartree",
   "energy":     -27.122330993095,
   "free energy":     -26.988742956870,
   "G(T)":       0.133588036225,
   "ZPVE":       0.171376831707,
   "number of imags":0,
   "point group": "c1",
   "gradient norm":       0.000047632329
}
