{
   "temperature":     298.150000000000,
   "unit": "hartree",
   "energy":     -23.419932996999,
   "free energy":     -23.251789502765,
   "G(T)":       0.168143494234,
   "ZPVE":       0.202200391060,
   "number of imags":0,
   "point group": "c1",
   "gradient norm":       0.000024954730
}
