{
   "temperature":     298.150000000000,
   "unit": "hartree",
   "energy":     -23.417264927724,
   "free energy":     -23.249057844457,
   "G(T)":       0.168207083267,
   "ZPVE":       0.202276554218,
   "number of imags":0,
   "point group": "c1",
   "gradient norm":       0.000032882362
}
