{
   "temperature":     298.150000000000,
   "unit": "hartree",
   "energy":     -51.634936966414,
   "free energy":     -51.444650921900,
   "G(T)":       0.190286044514,
   "ZPVE":       0.236047263715,
   "number of imags":0,
   "point group": "c1",
   "gradient norm":       0.000054669612
}
