{
   "temperature":     298.150000000000,
   "unit": "hartree",
   "energy":     -56.020174813911,
   "free energy":     -55.818304069301,
   "G(T)":       0.201870744610,
   "ZPVE":       0.248198787187,
   "number of imags":0,
   "point group": "c1",
   "gradient norm":       0.000107798661
}
