{
   "temperature":     298.150000000000,
   "unit": "hartree",
   "energy":     -49.339765066446,
   "free energy":     -49.142700935769,
   "G(T)":       0.197064130677,
   "ZPVE":       0.241895313587,
   "number of imags":0,
   "point group": "c1",
   "gradient norm":       0.000094580054
}
