{
   "temperature":     298.150000000000,
   "unit": "hartree",
   "energy":     -27.122717600241,
   "free energy":     -26.988004873082,
   "G(T)":       0.134712727159,
   "ZPVE":       0.171621959036,
   "number of imags":0,
   "point group": "c1",
   "gradient norm":       0.000171931134
}
