{
   "temperature":     298.150000000000,
   "unit": "hartree",
   "energy":     -27.122970770965,
   "free energy":     -26.988609217976,
   "G(T)":       0.134361552989,
   "ZPVE":       0.171519275037,
   "number of imags":0,
   "point group": "c1",
   "gradient norm":       0.000026028978
}
