{
   "temperature":     298.150000000000,
   "unit": "hartree",
   "energy":     -23.235546902543,
   "free energy":     -23.086724081655,
   "G(T)":       0.148822820888,
   "ZPVE":       0.186061062803,
   "number of imags":0,
   "point group": "c1",
   "gradient norm":       0.000026018948
}
