{
   "temperature":     298.150000000000,
   "unit": "hartree",
   "energy":     -27.122772404525,
   "free energy":     -26.988232465924,
   "G(T)":       0.134539938602,
   "ZPVE":       0.171603332448,
   "number of imags":0,
   "point group": "c1",
   "gradient norm":       0.000103123799
}
