{
   "temperature":     298.150000000000,
   "unit": "hartree",
   "energy":     -51.626489295580,
   "free energy":     -51.436459034192,
   "G(T)":       0.190030261387,
   "ZPVE":       0.235709476618,
   "number of imags":0,
   "point group": "c1",
   "gradient norm":       0.000036054114
}
