{
   "temperature":     298.150000000000,
   "unit": "hartree",
   "energy":     -49.346918462610,
   "free energy":     -49.149165119230,
   "G(T)":       0.197753343380,
   "ZPVE":       0.242203910224,
   "number of imags":0,
   "point group": "c1",
   "gradient norm":       0.000057049604
}
