{
   "temperature":     298.150000000000,
   "unit": "hartree",
   "energy":     -27.122507133128,
   "free energy":     -26.989404980496,
   "G(T)":       0.133102152632,
   "ZPVE":       0.171311319875,
   "number of imags":0,
   "point group": "c1",
   "gradient norm":       0.000045375399
}
