{
   "temperature":     298.150000000000,
   "unit": "hartree",
   "energy":     -27.122329704827,
   "free energy":     -26.988620305556,
   "G(T)":       0.133709399271,
   "ZPVE":       0.171382557269,
   "number of imags":0,
   "point group": "c1",
   "gradient norm":       0.000090577127
}
