{
   "temperature":     298.150000000000,
   "unit": "hartree",
   "energy":     -56.019109655656,
   "free energy":     -55.816731027537,
   "G(T)":       0.202378628119,
   "ZPVE":       0.248625663729,
   "number of imags":0,
   "point group": "c1",
   "gradient norm":       0.000103441952
}
