{
   "temperature":     298.150000000000,
   "unit": "hartree",
   "energy":     -27.123140687172,
   "free energy":     -26.989083170898,
   "G(T)":       0.134057516274,
   "ZPVE":       0.171395791366,
   "number of imags":0,
   "point group": "c1",
   "gradient norm":       0.000096821540
}
