$hessian                                                                        
        0.5161134303  -0.0014011282   0.0261291893  -0.1042917123  -0.0318500695
        0.0612555714   0.0049617836   0.0024582508  -0.0072581177  -0.0004025190
       -0.0012899119  -0.0026931405  -0.0000695813  -0.0000797369   0.0001748487
       -0.0034156050  -0.0020315835  -0.0022294437  -0.0216622364  -0.0123608181
        0.0213535946  -0.0001064597   0.0002227651   0.0014834451  -0.0014279403
       -0.0004126116   0.0010820155   0.0003978598  -0.0004556576   0.0001633971
        0.0000838794   0.0002264013  -0.0000383926   0.0001458835  -0.0000928909
        0.0000314204  -0.0000870442  -0.0000495734  -0.0000079309  -0.0000261224
        0.0000889713  -0.0000326820  -0.0001146481  -0.0001697253  -0.0000102516
        0.0002504264   0.0003314967  -0.0000098483  -0.0002736706  -0.0001293796
       -0.0000151642  -0.0000033363  -0.0001216974   0.0000227978  -0.0970937323
        0.0923680992  -0.0414720603  -0.0426554725   0.0088527053   0.0091903705
       -0.2502002266  -0.0557290106  -0.0662341111   0.0011426629   0.0015898946
       -0.0015635409   0.0002079989   0.0003886559  -0.0005590146   0.0000432892
        0.0003987424   0.0001566472  -0.0002135309  -0.0000426030   0.0006668034
       -0.0006469404  -0.0001688830   0.0003440231  -0.0002100981  -0.0004920593
        0.0000104302  -0.0002555316   0.0000315137   0.0000852222  -0.0000656151
       -0.0001309052   0.0000023766  -0.0000246953   0.0000205972  -0.0000072658
       -0.0000497583   0.0000163740  -0.0000048307  -0.0000414424  -0.0000046844
       -0.0000051098  -0.0000092949   0.0000184619  -0.0000112485
       -0.0014011282   0.4887057028   0.0051735586  -0.0319690666  -0.0842711724
        0.0477971757  -0.0029332510  -0.0012954423   0.0102900020  -0.0004472234
        0.0064917151   0.0023755474  -0.0004371828  -0.0003092678   0.0000668883
       -0.0024920255   0.0058623842   0.0013461378  -0.0069407543  -0.0032119707
        0.0059490559   0.0014201273  -0.0031380980  -0.0005555852  -0.0000740713
       -0.0000979180   0.0002022656   0.0001848929  -0.0002254428   0.0000194103
       -0.0000200582   0.0001026323   0.0000295801   0.0000281057  -0.0000495198
        0.0000021724  -0.0000286592   0.0000043239  -0.0000055782   0.0000225451
       -0.0000462372   0.0000130411  -0.0000461198   0.0000730890  -0.0000373319
        0.0000815151  -0.0001215381   0.0000369985  -0.0000479084   0.0000177970
       -0.0000042538  -0.0000756625   0.0000871166  -0.0000344035   0.0911000150
       -0.1989564691   0.0677669237   0.0101309461  -0.1470925221  -0.1211836074
       -0.0558400010  -0.0598062500  -0.0179973159   0.0002150725  -0.0017475821
       -0.0014372290  -0.0000958647  -0.0002414287   0.0001640248   0.0002954244
       -0.0012699010  -0.0005138798  -0.0000138290   0.0001121353   0.0001744906
       -0.0013562821  -0.0000319160  -0.0000948211   0.0008309443   0.0004667841
        0.0004014029  -0.0000175546  -0.0000291817   0.0000633946  -0.0000621807
       -0.0000226104   0.0000005862  -0.0000067600   0.0000343409  -0.0000028236
       -0.0000049615   0.0000143077   0.0000026789  -0.0000091167   0.0000094779
       -0.0000038526   0.0000100728  -0.0000173385  -0.0000046534
        0.0261291893   0.0051735586   0.4826177283   0.0545575449   0.0446459740
       -0.1533148411   0.0104431725   0.0139550324  -0.0306864806  -0.0040790654
        0.0019397928  -0.0015704994   0.0007717515   0.0003657763  -0.0006039840
       -0.0021090301   0.0016525061   0.0018743546   0.0076751752   0.0025960933
       -0.0000912868  -0.0007407086  -0.0011387943  -0.0017503976   0.0003745110
       -0.0003545773   0.0002896431  -0.0004516614   0.0003788156  -0.0001787025
       -0.0000036052  -0.0002550640   0.0000643905  -0.0001480024   0.0000865667
       -0.0000419619   0.0000986109   0.0000638661   0.0000193974   0.0000147608
       -0.0000802000   0.0000179705   0.0001278564   0.0001520397  -0.0000248616
       -0.0002175189  -0.0002279455  -0.0000530662   0.0002192633   0.0000927435
        0.0000560245   0.0000175701   0.0000522644   0.0000241810  -0.0390641174
        0.0665656469  -0.0665208165   0.0118433392  -0.1173905542  -0.1670256840
       -0.0655153096  -0.0173427989  -0.0633153388   0.0019596348  -0.0004953911
        0.0004408034   0.0005786982   0.0005465338  -0.0012678786   0.0001929619
       -0.0005084814  -0.0001147404  -0.0002603641  -0.0001140765  -0.0000872607
       -0.0018949797   0.0003441230   0.0007084891  -0.0005474595  -0.0006601155
        0.0005598398  -0.0000799628  -0.0000678248   0.0000032855   0.0000392826
        0.0000575807  -0.0000149823   0.0000132130  -0.0000169571  -0.0000096801
        0.0000348546  -0.0000092544   0.0000057306   0.0000269702   0.0000051514
        0.0000016647  -0.0000065756  -0.0000120302  -0.0000110397
       -0.1042917123  -0.0319690666   0.0545575449   0.6003195729   0.0965866659
        0.0548079240  -0.1420270319  -0.0018567651  -0.0612058431   0.0555690549
        0.0208982518  -0.0224499683  -0.0443994511   0.0001665528  -0.0291443155
       -0.0353329318  -0.0312920024   0.0712786380  -0.2780894410  -0.0389031819
       -0.0528531602  -0.0205512712  -0.0017664426  -0.0118198666   0.0043488135
       -0.0039003975   0.0006011668  -0.0018613345   0.0016131318  -0.0010378197
        0.0004622898  -0.0012548187   0.0003858898  -0.0005009956   0.0003706270
       -0.0002609156   0.0004651080   0.0003488797   0.0000844576   0.0000254753
       -0.0004803448   0.0001204802   0.0006687387   0.0008929214  -0.0002039491
       -0.0006335930  -0.0015108222   0.0000301455   0.0007168906   0.0004197043
        0.0001293035  -0.0001921843   0.0005169945  -0.0002167963   0.0077620394
        0.0036939552  -0.0075773719  -0.0005617542  -0.0002351319   0.0058966137
       -0.0198329318  -0.0120799130   0.0210389441  -0.0188304217   0.0033283881
       -0.0244397261  -0.0001364878  -0.0028891679   0.0025294268  -0.0002966015
        0.0003505393  -0.0005875756  -0.0009239333   0.0000482946  -0.0026038367
       -0.0004783896  -0.0002024131   0.0013683650  -0.0001852207  -0.0012532583
        0.0005720086  -0.0011952463   0.0000351466   0.0007793186  -0.0001933955
        0.0004188145   0.0001540799   0.0000188501  -0.0000531322  -0.0000429897
        0.0000806964  -0.0000264838   0.0000505662   0.0000661047   0.0000143159
        0.0000012012   0.0000106948  -0.0000298416   0.0000580600
       -0.0318500695  -0.0842711724   0.0446459740   0.0965866659   0.2182897007
       -0.1360518553   0.0225046170  -0.0612565439   0.0549102448   0.0024890469
       -0.0047274045   0.0154198042   0.0010030998  -0.0028885824  -0.0030272729
       -0.0133406545  -0.0076547635   0.0056591533  -0.0623137432  -0.0666168369
       -0.0019370700   0.0031924430   0.0021479157  -0.0011812274  -0.0026433824
        0.0053128812   0.0025397578  -0.0011996709  -0.0002327452   0.0002401817
        0.0001947498  -0.0002567313   0.0001402897   0.0000658032   0.0000198776
       -0.0000569284   0.0000390635   0.0000287336   0.0000267644  -0.0000285481
       -0.0000854159  -0.0001147001  -0.0001891049   0.0001023418  -0.0001807527
       -0.0000766331   0.0000365075  -0.0000507387   0.0000286334   0.0000090408
        0.0000586292   0.0001918522   0.0000524709  -0.0000296990  -0.0109760801
       -0.0113456467   0.0223354146   0.0097117946   0.0084923389  -0.0118698472
       -0.0067061665  -0.0034453344   0.0062901894  -0.0037346440   0.0013888843
       -0.0046889468  -0.0026363635   0.0054475654   0.0041257017   0.0001751654
        0.0001196809  -0.0003126167  -0.0003331510   0.0003703703   0.0010974396
       -0.0006549247   0.0007771005   0.0005872310  -0.0000307066  -0.0002489570
        0.0008330648   0.0004414701   0.0002246981   0.0005406602   0.0000546617
        0.0001685456   0.0000342655   0.0000157711  -0.0000071577  -0.0000201949
        0.0000051805   0.0000054529   0.0000309327  -0.0000042974   0.0000155587
       -0.0000187986   0.0000181219   0.0000276266   0.0000249502
        0.0612555714   0.0477971757  -0.1533148411   0.0548079240  -0.1360518553
        0.5959450404  -0.1340868128   0.0379338098  -0.2560141857   0.0319371988
        0.0284784613  -0.0598660392  -0.0317860903  -0.0035420534  -0.0162002304
        0.0199005010  -0.0069266182   0.0317142228   0.0124886413   0.0138633675
       -0.0852205403  -0.0255772039  -0.0042834211  -0.0069326128   0.0021632969
        0.0041454513  -0.0037627349   0.0001123173  -0.0001539854   0.0000621940
        0.0000096470   0.0001118131  -0.0000644089   0.0002218670  -0.0000753392
       -0.0000445914  -0.0000681370  -0.0000929880   0.0000069209   0.0000100490
        0.0000587268  -0.0000049807  -0.0002301849  -0.0001908785   0.0000697038
        0.0001558035   0.0003643552  -0.0000239516  -0.0001661725  -0.0000961605
       -0.0000380701   0.0001082741  -0.0000677141   0.0000475165   0.0033213802
        0.0087115038  -0.0143922884   0.0118263642   0.0070185487  -0.0261012699
       -0.0007815604  -0.0023081969   0.0051909863  -0.0034272224   0.0004061150
       -0.0034154163   0.0018860336   0.0040427234  -0.0020900681  -0.0006455017
       -0.0001165042   0.0005007933  -0.0029235735   0.0008409694  -0.0048880270
       -0.0008024972  -0.0006902064  -0.0005696956  -0.0008812817   0.0005455417
       -0.0006776883   0.0009876624   0.0003753986  -0.0000713250   0.0001977472
       -0.0001306665   0.0001369064  -0.0000137228   0.0000106054   0.0000096605
       -0.0000146300   0.0000046235   0.0000144601  -0.0000093998  -0.0000094944
       -0.0000057072   0.0000237120   0.0000268921   0.0000002679
        0.0049617836  -0.0029332510   0.0104431725  -0.1420270319   0.0225046170
       -0.1340868128   0.6365462139   0.1236080942   0.0321831961  -0.1467385095
       -0.0697377381   0.1231287216  -0.0361252957  -0.0157943192   0.0207336020
        0.0040129821   0.0011838146   0.0023890935  -0.0312634858   0.0004157222
       -0.0263484633  -0.0043023252  -0.0030052102  -0.0002433148  -0.0015146806
       -0.0007842514  -0.0005049725   0.0003891327   0.0000740396   0.0005569277
       -0.0000585523  -0.0000371866  -0.0000043472  -0.0000452512   0.0000373585
       -0.0000216088   0.0000648479   0.0000435756   0.0000091442   0.0000469184
       -0.0000018099  -0.0000180782   0.0001030549   0.0000220895   0.0000264922
        0.0000683751  -0.0000061465   0.0000408153  -0.0000137741  -0.0000133377
        0.0000024139  -0.0000369100   0.0000333547  -0.0000131373  -0.0006645274
       -0.0011298684   0.0021552534  -0.0007981736  -0.0004731400   0.0024066088
        0.0010176761  -0.0005354837   0.0025171863  -0.2839345947  -0.0562646562
       -0.0219642847   0.0063538259   0.0054412111  -0.0114911868  -0.0053174460
       -0.0028556980  -0.0007473597  -0.0007760382   0.0001940200  -0.0012827152
       -0.0000766066   0.0000735160   0.0003140108   0.0002120026  -0.0002593316
        0.0004049881   0.0001333999   0.0001459496  -0.0005000279  -0.0001704181
        0.0000428599  -0.0000685997  -0.0000159695   0.0000192916   0.0000014303
       -0.0000013409   0.0000093081   0.0000025615  -0.0000061953   0.0000014623
       -0.0000020737  -0.0000230863  -0.0000188559  -0.0000186354
        0.0024582508  -0.0012954423   0.0139550324  -0.0018567651  -0.0612565439
        0.0379338098   0.1236080942   0.2026429057  -0.1634117989  -0.0444773220
       -0.0939369167   0.0994189554  -0.0352938455  -0.0048104717  -0.0049293676
        0.0025937836  -0.0106784359   0.0191255410   0.0175627809   0.0083082910
       -0.0113151053  -0.0029177725   0.0058124213   0.0008889116  -0.0004570039
       -0.0006688736  -0.0004898992   0.0001500712  -0.0000156656   0.0001506170
       -0.0000046711  -0.0001044412   0.0000809682  -0.0000346964   0.0000445178
       -0.0000614218   0.0000665473   0.0000552689   0.0000126629   0.0000342754
       -0.0000656139   0.0000124311   0.0000183992   0.0000991213  -0.0000226339
        0.0000105343  -0.0001729071   0.0000342504   0.0000442483   0.0000483225
        0.0000003211  -0.0000540176   0.0000913683  -0.0000492827  -0.0007214064
       -0.0010967796   0.0019415989  -0.0000356843  -0.0005523968   0.0004486901
        0.0010297402  -0.0000113627   0.0004220181  -0.0562794543  -0.0472580988
       -0.0015378517  -0.0025062519  -0.0020663184   0.0057933256  -0.0026097809
        0.0066296834   0.0020050202  -0.0000244369   0.0001344115   0.0001887337
        0.0004249633  -0.0001463969   0.0006898431  -0.0006882607   0.0000340573
       -0.0010927539  -0.0000426417   0.0001761575  -0.0001968521  -0.0000053178
        0.0000601168  -0.0000097813  -0.0000018968   0.0000080337  -0.0000090530
        0.0000084487   0.0000051011   0.0000121437   0.0000039933   0.0000013092
       -0.0000017730  -0.0000029051  -0.0000144221   0.0000127001
       -0.0072581177   0.0102900020  -0.0306864806  -0.0612058431   0.0549102448
       -0.2560141857   0.0321831961  -0.1634117989   0.5997851928   0.0499780673
        0.0820772169  -0.2341479156   0.0748137822   0.0076924457   0.0307391592
       -0.0001375087   0.0175248102  -0.0585083140  -0.0758354122  -0.0244983701
        0.0136483159   0.0001230254   0.0016867323   0.0024146072  -0.0000497172
        0.0008846234   0.0012166066   0.0000952391  -0.0000583049  -0.0000559778
       -0.0002058115   0.0002492414  -0.0003307486   0.0000679894  -0.0000672205
        0.0001864702  -0.0001003276  -0.0000752144  -0.0000301943  -0.0000150781
        0.0001217894  -0.0000229906  -0.0000297165  -0.0001703979   0.0001120280
        0.0000364174   0.0003066518  -0.0000467186  -0.0001055923  -0.0000860817
       -0.0000042744   0.0000720249  -0.0001290242   0.0001469124   0.0013737859
        0.0008446631  -0.0021634655   0.0007959109   0.0010955210  -0.0013325862
       -0.0018736136  -0.0007904666   0.0005130736  -0.0218451522  -0.0013489005
       -0.0441626027   0.0107694620   0.0112013497  -0.0231264516  -0.0013170772
        0.0015469047   0.0018903833  -0.0000548388   0.0002445770   0.0001063069
        0.0003538580   0.0001965766   0.0004705723  -0.0005340125   0.0001737406
       -0.0004326710   0.0001254726  -0.0003814486  -0.0000856217  -0.0001930843
       -0.0000484038  -0.0000016613  -0.0000217133   0.0000094284   0.0000201661
       -0.0000068052  -0.0000070673  -0.0000416840  -0.0000050252  -0.0000007303
        0.0000043556   0.0000062159   0.0000169107  -0.0000596060
       -0.0004025190  -0.0004472234  -0.0040790654   0.0555690549   0.0024890469
        0.0319371988  -0.1467385095  -0.0444773220   0.0499780673   0.6388692012
        0.1100381994   0.0504930754  -0.3294285471  -0.0734323872   0.0131830530
       -0.0356554778   0.0184395472  -0.0799275484  -0.0445144717  -0.0184062717
        0.0233895348  -0.0001653838   0.0006355861  -0.0001772112   0.0020110084
        0.0013076921  -0.0006907221  -0.0007982738  -0.0000099675  -0.0012215280
       -0.0001267451   0.0000323904  -0.0001589101  -0.0000312595   0.0000075837
        0.0001918618  -0.0000307645   0.0000225171  -0.0000501032  -0.0000460083
       -0.0000654722   0.0000989747   0.0000216887   0.0001843793   0.0000767535
       -0.0000448185  -0.0002604581   0.0000372610   0.0000118055   0.0000288749
       -0.0000488283   0.0000303860   0.0001757503   0.0000267855   0.0001869270
        0.0000228543   0.0003446411   0.0002851811   0.0001908289  -0.0000579294
       -0.0001546974   0.0000180217  -0.0000783261  -0.0176369856  -0.0125565722
        0.0225999820  -0.1042381818   0.0212587884  -0.1075930185  -0.0165064774
       -0.0045775005   0.0006242521   0.0001137831   0.0000608879   0.0000789589
        0.0000646632  -0.0000136288   0.0004000837  -0.0002672977  -0.0000242377
        0.0001616862  -0.0002117047  -0.0006348771   0.0006122448  -0.0001807180
       -0.0000435890  -0.0001128747  -0.0000190283   0.0000099176   0.0000191176
        0.0000099394  -0.0000075755  -0.0000581801  -0.0000062478   0.0000157172
        0.0000083080   0.0000304788   0.0000184995  -0.0000075945
       -0.0012899119   0.0064917151   0.0019397928   0.0208982518  -0.0047274045
        0.0284784613  -0.0697377381  -0.0939369167   0.0820772169   0.1100381994
        0.2014776052  -0.1673968174  -0.0479293247  -0.0625534643   0.0184856064
       -0.0001467616   0.0069437340  -0.0246888405  -0.0178607403  -0.0103303031
        0.0064984047   0.0001235883  -0.0001563455   0.0002399173   0.0022751920
        0.0058611156   0.0035658787  -0.0014241902   0.0006117461  -0.0000318772
       -0.0001928821  -0.0002164073   0.0000259663  -0.0001194464   0.0000629293
       -0.0000200378   0.0000747599   0.0000516342   0.0000070414  -0.0000433873
       -0.0001316935  -0.0000813809   0.0001217381   0.0003658930  -0.0001827881
       -0.0000650966  -0.0003871720   0.0000204825   0.0001157439   0.0000909915
        0.0000402494  -0.0000575911   0.0001775669  -0.0000699866   0.0004117404
        0.0006649711  -0.0008437266  -0.0004888938  -0.0005892893   0.0016982492
        0.0002000895   0.0000641241  -0.0000927865  -0.0045614396  -0.0028038216
        0.0055359958   0.0212641487  -0.0445105846   0.0441379674  -0.0120892596
       -0.0028091585   0.0001463711  -0.0000458144   0.0000153214  -0.0000219577
        0.0000428210   0.0000118324   0.0000500151  -0.0000761141   0.0000623151
        0.0000678258   0.0004947391   0.0002055969   0.0003699752   0.0000371809
       -0.0000466861   0.0000390667  -0.0000091975   0.0000115169  -0.0000069721
        0.0000038929   0.0000011630   0.0000060057  -0.0000076608   0.0000159683
       -0.0000141691   0.0000433639   0.0000115068   0.0000208505
       -0.0026931405   0.0023755474  -0.0015704994  -0.0224499683   0.0154198042
       -0.0598660392   0.1231287216   0.0994189554  -0.2341479156   0.0504930754
       -0.1673968174   0.6099003280  -0.0588398574   0.0015363243  -0.0898756891
       -0.0245368461  -0.0121433354   0.0171174684   0.0240698554   0.0077085378
       -0.0069811270  -0.0002844491   0.0002661833  -0.0008763902  -0.0032072127
        0.0027060821  -0.0033975826  -0.0018543098   0.0001008679  -0.0008463509
        0.0001776036  -0.0005281638   0.0002898165  -0.0002753581   0.0001360069
       -0.0001152544   0.0002238369   0.0001570911   0.0000448512  -0.0000727864
       -0.0001705131   0.0000912671  -0.0000429407   0.0005922866   0.0000032313
       -0.0002717965  -0.0004580336  -0.0000684396   0.0003382745   0.0001310232
        0.0000774361   0.0000045674   0.0002081040  -0.0000201897   0.0004020429
        0.0002884520  -0.0013899404  -0.0000948599   0.0002738505  -0.0002653945
       -0.0002983907  -0.0001657380   0.0002057131   0.0001104488  -0.0002192397
        0.0008767030  -0.1074811832   0.0442174595  -0.2294299691   0.0233450987
        0.0054071755   0.0003579834   0.0001838424  -0.0000300493   0.0001204099
       -0.0001321857  -0.0000240689   0.0000296201   0.0000807176  -0.0001531203
       -0.0000591003   0.0000416570   0.0003817245  -0.0001292891  -0.0000699240
        0.0000378024  -0.0000753769   0.0000085455  -0.0000252190  -0.0000250312
        0.0000224831  -0.0000087014   0.0000184040  -0.0000069527   0.0000136446
       -0.0000001403  -0.0000186088  -0.0000539232   0.0000064875
       -0.0000695813  -0.0004371828   0.0007717515  -0.0443994511   0.0010030998
       -0.0317860903  -0.0361252957  -0.0352938455   0.0748137822  -0.3294285471
       -0.0479293247  -0.0588398574   0.6550525808   0.1176902187   0.0256595343
       -0.1248973145   0.0031152064  -0.0544838889   0.0501211905   0.0193069529
       -0.0194886943  -0.0006190022  -0.0030932736   0.0024821538  -0.0449869019
        0.0038515952  -0.0317265984   0.0000212596  -0.0059108750  -0.0012167051
        0.0002646989   0.0001192975  -0.0000181834   0.0005979107  -0.0003438501
        0.0001290154  -0.0001791647  -0.0001853662   0.0000012509  -0.0001711089
        0.0000290431   0.0002753903  -0.0022253716   0.0002398663   0.0004033552
        0.0010473947   0.0015139674   0.0000549080  -0.0008287920  -0.0004685876
       -0.0002318849   0.0001020856  -0.0002628480   0.0001262709   0.0000177238
        0.0000065183  -0.0002164602   0.0000003381   0.0000178144  -0.0003359463
        0.0002569298   0.0000780388   0.0000502591  -0.0002850994  -0.0025652861
        0.0021022772  -0.0170580523  -0.0025291506  -0.0036139588  -0.1060216472
       -0.0504116517   0.0980940478  -0.0003065132  -0.0000020477  -0.0001401704
        0.0000378293  -0.0000101060  -0.0002478148   0.0004035276  -0.0000194961
        0.0002358296  -0.0001553856   0.0018123580  -0.0026040231   0.0001340746
        0.0003718674  -0.0001575313  -0.0000077220   0.0001035927  -0.0000034574
       -0.0000407727   0.0000679744  -0.0000335226  -0.0001624170   0.0000814076
       -0.0000298360  -0.0000894033   0.0000540731  -0.0000252024
       -0.0000797369  -0.0003092678   0.0003657763   0.0001665528  -0.0028885824
       -0.0035420534  -0.0157943192  -0.0048104717   0.0076924457  -0.0734323872
       -0.0625534643   0.0015363243   0.1176902187   0.1953283465  -0.1641750716
        0.0227593541  -0.0654739076   0.0608953771   0.0037820335  -0.0038806842
        0.0131098467  -0.0027660923   0.0055003079   0.0030087035  -0.0027691763
        0.0055866482  -0.0039280909   0.0006235089  -0.0012752878  -0.0008426766
       -0.0000172142   0.0007026999  -0.0003529894   0.0004503230  -0.0000568200
        0.0001872462  -0.0002176600  -0.0001151461  -0.0000548159  -0.0000175273
       -0.0000078834   0.0000859046  -0.0009628019  -0.0002917430   0.0001873033
        0.0004156488   0.0004706599  -0.0000252335  -0.0004990255  -0.0001406831
       -0.0001317465   0.0001607589   0.0000107914   0.0001321054  -0.0000503665
        0.0000421718  -0.0000656357   0.0000171551  -0.0000372854  -0.0000689251
        0.0001142188   0.0000475218  -0.0000003547  -0.0028966256   0.0053162751
        0.0040550332   0.0049140645   0.0014546011   0.0007410979  -0.0511735765
       -0.0728701407   0.0808262324  -0.0001032970  -0.0001000313   0.0000114101
        0.0006042378  -0.0001865954   0.0014655204  -0.0007449611   0.0004499239
       -0.0012031305  -0.0003467984   0.0000951110   0.0000081710   0.0001376194
       -0.0000831085   0.0001158562  -0.0000072314   0.0000252547   0.0000189797
       -0.0000064112   0.0000122599  -0.0000348410  -0.0000298879   0.0000106656
       -0.0000008056   0.0000794022   0.0000278642  -0.0000169637
        0.0001748487   0.0000668883  -0.0006039840  -0.0291443155  -0.0030272729
       -0.0162002304   0.0207336020  -0.0049293676   0.0307391592   0.0131830530
        0.0184856064  -0.0898756891   0.0256595343  -0.1641750716   0.5884378660
       -0.1220621511   0.0459101677  -0.2460777375   0.0289006376   0.0255679747
       -0.0560539532   0.0016112871   0.0027199039  -0.0010561064  -0.0154191767
       -0.0025042782  -0.0046555281   0.0007009737  -0.0003310667   0.0009490853
        0.0003460487  -0.0009219362   0.0003628905  -0.0002705645   0.0001863903
       -0.0001770630   0.0003200073   0.0001986359   0.0000626232   0.0000898187
       -0.0001979011   0.0000170534   0.0001931717   0.0004789160  -0.0000622591
       -0.0000876445  -0.0005759585   0.0001695677   0.0003197565   0.0001949063
        0.0000556900  -0.0001923705   0.0002292254  -0.0002180891   0.0000976620
       -0.0000958943  -0.0000195982  -0.0000056575   0.0001105232  -0.0000429518
       -0.0001447779  -0.0000341996   0.0000989318   0.0024388284   0.0041652416
       -0.0022896882  -0.0261712515  -0.0045751747  -0.0041658522   0.0977345582
        0.0813037916  -0.1978538219   0.0002222845  -0.0000074481   0.0004778434
       -0.0001061565   0.0003822097  -0.0005682013  -0.0001632557   0.0001531974
       -0.0011904755   0.0010461276   0.0005995285  -0.0000773182  -0.0000695324
        0.0006005381  -0.0002265666   0.0000051602   0.0000000540  -0.0000281826
        0.0000454310  -0.0000005360   0.0000350414   0.0000335699   0.0000114149
       -0.0000011019  -0.0000195066   0.0000109914   0.0000386462
       -0.0034156050  -0.0024920255  -0.0021090301  -0.0353329318  -0.0133406545
        0.0199005010   0.0040129821   0.0025937836  -0.0001375087  -0.0356554778
       -0.0001467616  -0.0245368461  -0.1248973145   0.0227593541  -0.1220621511
        0.5881428389   0.0860320263   0.0368162487  -0.1208060130  -0.0471268590
        0.1037858148   0.0065923885   0.0038697471  -0.0067494332  -0.2279421973
       -0.0486680678  -0.0072492014  -0.0388478263   0.0109760215  -0.0127200087
        0.0012136860  -0.0043439524   0.0010693702  -0.0026330570   0.0011791913
       -0.0002538071   0.0014241554   0.0011619617   0.0000140982  -0.0011767373
       -0.0020819897   0.0001858217   0.0014456814   0.0047923681  -0.0012207464
       -0.0041270866  -0.0048502301  -0.0002234389   0.0029882783   0.0015799110
        0.0004846654   0.0010755372   0.0015020642  -0.0004098189  -0.0000527685
        0.0003185322  -0.0001155360   0.0004591432  -0.0000188029  -0.0006744428
       -0.0004482266  -0.0004693949   0.0010371009   0.0012798869   0.0002467350
        0.0000994027  -0.0040823543  -0.0023633664  -0.0005362827   0.0060778878
       -0.0047806155   0.0123886003  -0.0006002900  -0.0002342188  -0.0011192225
       -0.0010857230   0.0002917060  -0.0023921269  -0.0016776776   0.0014508383
       -0.0024584285  -0.0133155445  -0.0076195827   0.0086994898   0.0005807452
        0.0002853354   0.0002147885   0.0001643112  -0.0004516295   0.0000460044
        0.0002666958  -0.0002085140   0.0000037518   0.0001059259   0.0002343553
        0.0000016243   0.0002666875  -0.0000772658   0.0002207471
       -0.0020315835   0.0058623842   0.0016525061  -0.0312920024  -0.0076547635
       -0.0069266182   0.0011838146  -0.0106784359   0.0175248102   0.0184395472
        0.0069437340  -0.0121433354   0.0031152064  -0.0654739076   0.0459101677
        0.0860320263   0.2239802007  -0.1580583445  -0.0295847284  -0.0774723524
        0.0798047349  -0.0020635233  -0.0008664341   0.0072845536  -0.0411505233
       -0.0788205472   0.0147129678   0.0120201634   0.0103898114  -0.0041782606
        0.0027987945  -0.0018755248   0.0003790781  -0.0005486170   0.0006032602
        0.0003641498   0.0003338762   0.0002306497  -0.0000329504   0.0005611616
        0.0000409884   0.0006301909   0.0034770959  -0.0015083694   0.0009279100
       -0.0011069273  -0.0018266604   0.0002412564   0.0008030338   0.0005533669
       -0.0001008516  -0.0008813021  -0.0005457275  -0.0001377268   0.0005990691
        0.0004730121  -0.0007515559  -0.0008177277  -0.0006099399   0.0006926979
        0.0000955153   0.0003029764   0.0001834573   0.0002163911   0.0003750034
        0.0003840080  -0.0028588388   0.0068494425   0.0021054638   0.0042916456
       -0.0019080185   0.0117577280  -0.0003069698   0.0002347310  -0.0008621337
        0.0004725742  -0.0001335181  -0.0010488454   0.0003129458  -0.0002042473
        0.0001906504  -0.0236899955  -0.0052381064  -0.0000510372   0.0015669878
       -0.0014572620  -0.0004904614   0.0000193432  -0.0001128474   0.0000707940
        0.0001164365  -0.0000898353  -0.0001384056   0.0002669885  -0.0001396820
        0.0001407713  -0.0003898780  -0.0002233813  -0.0000373697
       -0.0022294437   0.0013461378   0.0018743546   0.0712786380   0.0056591533
        0.0317142228   0.0023890935   0.0191255410  -0.0585083140  -0.0799275484
       -0.0246888405   0.0171174684  -0.0544838889   0.0608953771  -0.2460777375
        0.0368162487  -0.1580583445   0.5761075165   0.0411788766   0.0608572357
       -0.2159267874   0.0074857592   0.0125284748  -0.0294622268  -0.0124819803
        0.0136715052  -0.0440918474  -0.0051255793  -0.0035948886  -0.0070240855
       -0.0000813281  -0.0000206546  -0.0016633343   0.0001376259   0.0001392325
        0.0005438360  -0.0000238382  -0.0000977293  -0.0001996622  -0.0005936487
       -0.0000195901   0.0014685248  -0.0024411041   0.0011261241   0.0023938250
       -0.0000932895   0.0004894270   0.0006201301  -0.0000923696  -0.0002325019
       -0.0007267954   0.0004809524   0.0003899778   0.0002002998   0.0000167264
        0.0001022535  -0.0002995447  -0.0002813869  -0.0001226625   0.0003367046
       -0.0004441497  -0.0001559070  -0.0000326347  -0.0000962698   0.0004772025
       -0.0005736889  -0.0000711586   0.0016453206   0.0020544203  -0.0091371925
        0.0059306200  -0.0238018097   0.0011816409   0.0002287851   0.0004377292
       -0.0018400114   0.0005727076  -0.0032896841  -0.0005500765  -0.0001157470
       -0.0017994834   0.0094185010   0.0013841058  -0.0013153754  -0.0005035369
        0.0004098880  -0.0000192422  -0.0000532674   0.0000191658   0.0001782570
        0.0000733307  -0.0000494380  -0.0002715376  -0.0001181859   0.0000773893
        0.0000649360   0.0002118609   0.0000806793  -0.0000284339
       -0.0216622364  -0.0069407543   0.0076751752  -0.2780894410  -0.0623137432
        0.0124886413  -0.0312634858   0.0175627809  -0.0758354122  -0.0445144717
       -0.0178607403   0.0240698554   0.0501211905   0.0037820335   0.0289006376
       -0.1208060130  -0.0295847284   0.0411788766   0.5989641876   0.1067356396
        0.0228193543  -0.0981414123   0.0048115829  -0.0603027846  -0.0356516899
       -0.0166148564   0.0210652607   0.0024597600  -0.0033355189   0.0039661215
       -0.0010222162   0.0013171864  -0.0005172278   0.0005255716  -0.0004887321
        0.0002427221  -0.0003944625  -0.0002597705  -0.0000869957   0.0002028570
        0.0002735908  -0.0004128206  -0.0010692227  -0.0008734294  -0.0004169091
        0.0010071877   0.0017205881   0.0000917277  -0.0008679581  -0.0003914116
       -0.0000686183  -0.0001706543  -0.0008689842   0.0000478837  -0.0004504867
        0.0005811215  -0.0012221631  -0.0006885545  -0.0005374297  -0.0010792437
       -0.0017892724  -0.0016012170   0.0020550792  -0.0004126907  -0.0010225795
       -0.0027880674  -0.0002002207  -0.0006646494   0.0004718656  -0.0006066535
       -0.0004787687  -0.0036841030  -0.0171985312   0.0022749598  -0.0242784810
        0.0085500645  -0.0012670120   0.0121255693  -0.0027406697   0.0037616244
       -0.0071212186  -0.0029804279   0.0006184971   0.0001173586  -0.0009283329
        0.0015528817   0.0005095729   0.0000403181   0.0000390533   0.0000599053
       -0.0000168875   0.0000395618  -0.0000072434  -0.0000229213   0.0000022784
       -0.0000104937  -0.0001822238   0.0000309456  -0.0000538247
       -0.0123608181  -0.0032119707   0.0025960933  -0.0389031819  -0.0666168369
        0.0138633675   0.0004157222   0.0083082910  -0.0244983701  -0.0184062717
       -0.0103303031   0.0077085378   0.0193069529  -0.0038806842   0.0255679747
       -0.0471268590  -0.0774723524   0.0608572357   0.1067356396   0.2104741378
       -0.1267719954   0.0079426048  -0.0624665467   0.0193312951  -0.0159155446
       -0.0038577064   0.0057074333   0.0012432082  -0.0015028732   0.0015355882
        0.0009628964  -0.0005062843   0.0004766418  -0.0001539676  -0.0000851039
       -0.0002404525   0.0001330701   0.0000596378   0.0000906451   0.0000707871
       -0.0000406828  -0.0000475130   0.0000759702   0.0002302278  -0.0000202191
        0.0001535684  -0.0000626229  -0.0001138226   0.0001170592   0.0000122645
        0.0000765635  -0.0002474144   0.0000358871  -0.0000408642  -0.0008817000
        0.0003299147   0.0000418598  -0.0005393187   0.0005524815  -0.0000023765
       -0.0017955172  -0.0001174525   0.0021222495  -0.0009505068   0.0061383050
        0.0029469992  -0.0002579361  -0.0000610219  -0.0000738391  -0.0008469154
        0.0056338751   0.0027031795  -0.0062885434   0.0017826363  -0.0123486728
       -0.0052272321   0.0017473901  -0.0079646047   0.0135945038  -0.0047324246
        0.0270291507  -0.0016324960   0.0001290278  -0.0000490655   0.0008444743
       -0.0004387237  -0.0004742807   0.0000270542  -0.0000220691  -0.0000470707
       -0.0000052382   0.0000157694   0.0000592652  -0.0000074661   0.0000030686
       -0.0000138588  -0.0000765841  -0.0000472553  -0.0000070740
        0.0213535946   0.0059490559  -0.0000912868  -0.0528531602  -0.0019370700
       -0.0852205403  -0.0263484633  -0.0113151053   0.0136483159   0.0233895348
        0.0064984047  -0.0069811270  -0.0194886943   0.0131098467  -0.0560539532
        0.1037858148   0.0798047349  -0.2159267874   0.0228193543  -0.1267719954
        0.5811619712  -0.0615997119   0.0140650840  -0.1789584352   0.0091735398
        0.0022813808   0.0001868610   0.0002761816  -0.0011967156   0.0000907368
        0.0002980845   0.0009855712  -0.0009424386   0.0001682176   0.0000093074
       -0.0001566267  -0.0001538259   0.0000827355  -0.0000178238  -0.0000128435
       -0.0001507855  -0.0000706359  -0.0009827603  -0.0003405155  -0.0003849295
        0.0001762404   0.0006627158   0.0000739017  -0.0004787108  -0.0001499476
       -0.0000266534   0.0001743846  -0.0003583452  -0.0000130882   0.0005465607
        0.0011867461  -0.0000927471   0.0005444301  -0.0002267557  -0.0011506504
        0.0027101880   0.0021341349  -0.0036530907  -0.0032842073   0.0027361539
       -0.0033640825   0.0005549941   0.0001150730   0.0007347075  -0.0028448268
        0.0030290498  -0.0029215681  -0.0055941229  -0.0005491748  -0.0013543107
       -0.0069213432   0.0038072112  -0.0287827352  -0.0049922194   0.0079331075
       -0.0110136555  -0.0012972203  -0.0005295578   0.0004842756   0.0009913909
       -0.0009853343   0.0007429235  -0.0000224820   0.0000548902  -0.0000005259
       -0.0000395393   0.0000258378   0.0000642868  -0.0000389694   0.0000119793
       -0.0000112653  -0.0000094099   0.0000282819   0.0000009772
       -0.0001064597   0.0014201273  -0.0007407086  -0.0205512712   0.0031924430
       -0.0255772039  -0.0043023252  -0.0029177725   0.0001230254  -0.0001653838
        0.0001235883  -0.0002844491  -0.0006190022  -0.0027660923   0.0016112871
        0.0065923885  -0.0020635233   0.0074857592  -0.0981414123   0.0079426048
       -0.0615997119   0.5198289726   0.0134495006  -0.0188955386   0.0001096163
        0.0000614050   0.0008771491  -0.0007022373   0.0004686751   0.0013376936
       -0.0003777032  -0.0001471957   0.0005041827   0.0000753442  -0.0001004771
        0.0001430111   0.0000486931  -0.0001476940  -0.0000118448  -0.0000930029
        0.0001577070  -0.0000314538   0.0005547701  -0.0000480415  -0.0000162726
       -0.0000289849   0.0001903275   0.0000368660  -0.0001570366  -0.0001261157
        0.0000304090   0.0000194295  -0.0002180498  -0.0000129784  -0.0000788836
        0.0001317314  -0.0002914257  -0.0008107933  -0.0006034896  -0.0005542995
       -0.0000632813   0.0001025335  -0.0006018695  -0.0009554163   0.0002247294
       -0.0013497032   0.0000382273   0.0004059467   0.0001095806   0.0002269598
       -0.0002388923   0.0007302158  -0.2321004319  -0.1018708805   0.0000404829
       -0.1219862139   0.0492136755   0.1024554919  -0.0459405614   0.0336904003
       -0.0062458085   0.0001623596   0.0002948044   0.0004127967  -0.0003820628
        0.0000440599   0.0002999415  -0.0000276695   0.0000092666   0.0000201454
       -0.0000659600   0.0000199709  -0.0000103942  -0.0000509290   0.0000080348
        0.0000131662   0.0000502616   0.0000966920  -0.0000075421
        0.0002227651  -0.0031380980  -0.0011387943  -0.0017664426   0.0021479157
       -0.0042834211  -0.0030052102   0.0058124213   0.0016867323   0.0006355861
       -0.0001563455   0.0002661833  -0.0030932736   0.0055003079   0.0027199039
        0.0038697471  -0.0008664341   0.0125284748   0.0048115829  -0.0624665467
        0.0140650840   0.0134495006   0.4917905510   0.0021365700  -0.0006095749
       -0.0013446665  -0.0004804050   0.0016468561  -0.0011001865   0.0004484061
        0.0002478529  -0.0000630649  -0.0007725175  -0.0002230046   0.0002025890
       -0.0001559055   0.0001106065   0.0002370118  -0.0000354300   0.0001731343
       -0.0005017735   0.0001212164  -0.0005538514   0.0002036702  -0.0002788958
        0.0001218433  -0.0005917208   0.0001817928  -0.0000327756   0.0001718292
       -0.0000210140  -0.0002162284   0.0002951484  -0.0000421042  -0.0014249400
        0.0004420612  -0.0000056132   0.0004333429   0.0001907562  -0.0004857865
       -0.0002318648   0.0000727675  -0.0001845446  -0.0002266464  -0.0000257178
       -0.0003799681   0.0003924200  -0.0013474330  -0.0005206714   0.0002398363
       -0.0001992758   0.0004607848  -0.1020536586  -0.0977112913  -0.0006633267
        0.0500175139  -0.0731701200  -0.0662928194   0.0364708926  -0.2646112568
        0.0415554012  -0.0000709276   0.0000565316  -0.0001954683   0.0004842235
        0.0000387287  -0.0002363775   0.0000333464   0.0000512316   0.0000180897
        0.0000645224   0.0000334342   0.0000216859   0.0000150132   0.0000323230
        0.0000075287   0.0000678126   0.0000146528  -0.0000447905
        0.0014834451  -0.0005555852  -0.0017503976  -0.0118198666  -0.0011812274
       -0.0069326128  -0.0002433148   0.0008889116   0.0024146072  -0.0001772112
        0.0002399173  -0.0008763902   0.0024821538   0.0030087035  -0.0010561064
       -0.0067494332   0.0072845536  -0.0294622268  -0.0603027846   0.0193312951
       -0.1789584352  -0.0188955386   0.0021365700   0.4753666613  -0.0005990850
       -0.0016425293  -0.0003996289  -0.0005105338   0.0010449841  -0.0007194309
       -0.0004047112  -0.0004129791  -0.0002884273  -0.0002327227   0.0001277192
       -0.0001244791   0.0001217903   0.0000293915   0.0000575986   0.0000915383
       -0.0000183595   0.0000197358   0.0000093402   0.0001640804  -0.0001042464
       -0.0003443517  -0.0003669895  -0.0001433388   0.0003793567   0.0001731631
        0.0001439510   0.0000427988   0.0000857383   0.0001115813   0.0003417287
       -0.0004299688   0.0003432835   0.0013199293   0.0006977651   0.0008122641
        0.0002623442   0.0002534522  -0.0000835395   0.0000006484   0.0000257111
       -0.0002166417   0.0000980417  -0.0004143940  -0.0000583269  -0.0005715049
        0.0003183381  -0.0011293303  -0.0001085192  -0.0014536077  -0.0431711378
        0.1000650264  -0.0659620467  -0.1686824478  -0.0063869252   0.0372614936
       -0.0444133088  -0.0003360107  -0.0002179173   0.0000592173   0.0008115456
       -0.0002807097  -0.0007205521   0.0000490737  -0.0000428455   0.0000189027
        0.0000802005  -0.0000152967   0.0000020326   0.0000613395  -0.0000220417
        0.0000070517  -0.0000177878  -0.0000552900  -0.0000658818
       -0.0014279403  -0.0000740713   0.0003745110   0.0043488135  -0.0026433824
        0.0021632969  -0.0015146806  -0.0004570039  -0.0000497172   0.0020110084
        0.0022751920  -0.0032072127  -0.0449869019  -0.0027691763  -0.0154191767
       -0.2279421973  -0.0411505233  -0.0124819803  -0.0356516899  -0.0159155446
        0.0091735398   0.0001096163  -0.0006095749  -0.0005990850   0.6362227765
        0.0039056522   0.0468837959  -0.2129711637   0.1098838388  -0.0298999373
        0.0017956823   0.0205933606  -0.0045890026   0.0066830151  -0.0061965780
       -0.0001236041  -0.0045911687  -0.0022791179  -0.0005831767  -0.0041819060
        0.0014682026  -0.0017427093  -0.0489525603   0.0103093461  -0.0079754698
        0.0071194672   0.0185398048  -0.0004122568  -0.0070049180  -0.0034650358
       -0.0012911331  -0.0003776135  -0.0112868737   0.0017797051  -0.0000107246
       -0.0002039529   0.0000632741  -0.0002001562   0.0001192607   0.0002474478
       -0.0005813108  -0.0001675132   0.0001513232  -0.0006225837   0.0000842112
        0.0000164558  -0.0019347254  -0.0004570266  -0.0010555000   0.0011517381
        0.0012144667   0.0015147159   0.0011378111   0.0009395430  -0.0007364714
       -0.0002738675   0.0000807409  -0.0000045669   0.0006775126  -0.0003578807
        0.0005195269  -0.0644319481  -0.0833461227   0.0169387638  -0.0003610051
       -0.0004134565   0.0007795292   0.0001464576   0.0001024514   0.0003258993
       -0.0003843343   0.0003248143   0.0002418320  -0.0015809291   0.0011095735
       -0.0004693898  -0.0014195736   0.0008423758  -0.0005332271
       -0.0004126116  -0.0000979180  -0.0003545773  -0.0039003975   0.0053128812
        0.0041454513  -0.0007842514  -0.0006688736   0.0008846234   0.0013076921
        0.0058611156   0.0027060821   0.0038515952   0.0055866482  -0.0025042782
       -0.0486680678  -0.0788205472   0.0136715052  -0.0166148564  -0.0038577064
        0.0022813808   0.0000614050  -0.0013446665  -0.0016425293   0.0039056522
        0.6245405207  -0.1952098996   0.1146600279  -0.1804029835   0.0434660163
        0.0326613012  -0.0548565943   0.0150536972  -0.0134224297  -0.0014543243
       -0.0012789345   0.0073088096   0.0055876447   0.0007353003  -0.0007356031
       -0.0082445145   0.0014661023   0.0072885091   0.0207641860  -0.0018887247
       -0.0024121576  -0.0183862205   0.0014122916   0.0042785905   0.0036070053
        0.0006809998  -0.0126599921   0.0018213434  -0.0018582429  -0.0000241744
        0.0000351536  -0.0000309759   0.0000534964  -0.0000208252  -0.0000634614
        0.0000360944  -0.0001303736   0.0001183616   0.0006348972  -0.0012412661
       -0.0003699219   0.0006976906  -0.0000371758   0.0004043065   0.0009622642
       -0.0020068317  -0.0005018960   0.0003511134  -0.0001998196   0.0020402504
        0.0000260513  -0.0001221005  -0.0003245641   0.0005422566  -0.0000779541
        0.0002537758  -0.0806566951  -0.3204360714   0.1179501792   0.0011772653
        0.0010537447  -0.0005989404   0.0011334009  -0.0016544307   0.0001359662
        0.0001933817  -0.0001220344  -0.0001910364  -0.0003835648   0.0000493952
       -0.0001349033  -0.0004566931  -0.0000364067  -0.0004534042
        0.0010820155   0.0002022656   0.0002896431   0.0006011668   0.0025397578
       -0.0037627349  -0.0005049725  -0.0004898992   0.0012166066  -0.0006907221
        0.0035658787  -0.0033975826  -0.0317265984  -0.0039280909  -0.0046555281
       -0.0072492014   0.0147129678  -0.0440918474   0.0210652607   0.0057074333
        0.0001868610   0.0008771491  -0.0004804050  -0.0003996289   0.0468837959
       -0.1952098996   0.1290185490  -0.0454556082   0.0522617052  -0.0376589136
       -0.0055470192   0.0085830148   0.0018422372  -0.0002624608   0.0010652626
        0.0035642324  -0.0001605777   0.0002438340  -0.0001411749  -0.0002603050
        0.0002711980   0.0030625790  -0.0070283442   0.0003136328   0.0013124900
        0.0013061939   0.0017955456  -0.0018819061  -0.0007525174  -0.0001728030
        0.0007373872   0.0002049173  -0.0002457071   0.0015197543  -0.0000158045
       -0.0001836382   0.0000830655  -0.0001555081   0.0000683156   0.0001972615
        0.0002806535   0.0001482504  -0.0002168468   0.0000336318  -0.0005453130
        0.0000144003  -0.0013457857  -0.0003696099  -0.0002711126  -0.0005306746
       -0.0018260804   0.0020411874   0.0022094058   0.0005302789  -0.0010932286
        0.0004661847   0.0004741699   0.0003025855   0.0007229947  -0.0002970673
        0.0004440565   0.0256316232   0.1111828961  -0.0463478457   0.0005230713
       -0.0002285238  -0.0011811884  -0.0001233513   0.0003180048  -0.0002611689
        0.0001504729  -0.0000489090  -0.0007335369  -0.0000492532   0.0001183301
        0.0001476688  -0.0001798331  -0.0000767952   0.0001136790
        0.0003978598   0.0001848929  -0.0004516614  -0.0018613345  -0.0011996709
        0.0001123173   0.0003891327   0.0001500712   0.0000952391  -0.0007982738
       -0.0014241902  -0.0018543098   0.0000212596   0.0006235089   0.0007009737
       -0.0388478263   0.0120201634  -0.0051255793   0.0024597600   0.0012432082
        0.0002761816  -0.0007022373   0.0016468561  -0.0005105338  -0.2129711637
        0.1146600279  -0.0454556082   0.6394558415  -0.0201401232   0.0790973844
       -0.0972180110  -0.0274432384  -0.0039237552   0.0316248655   0.0143557838
        0.0045529031  -0.0159554698  -0.0244153122   0.0020030769  -0.0463001950
        0.0354054868  -0.0118903520  -0.2402243627  -0.0610631481  -0.0216765276
       -0.0188447711  -0.0413696026   0.0018482334   0.0120451570   0.0058633042
        0.0016017414  -0.0106840071   0.0103379463  -0.0038129881   0.0000194937
        0.0001775149  -0.0001178475   0.0000878647  -0.0000873393  -0.0001893354
        0.0002977493   0.0000872953   0.0000387104   0.0005090697   0.0003575270
        0.0001764059   0.0002980465  -0.0001258116   0.0004851078  -0.0004086541
       -0.0000888222   0.0001131971  -0.0000769794  -0.0005519594   0.0031474578
        0.0000715448  -0.0001331913  -0.0002075553   0.0000771754   0.0002175568
       -0.0005249245   0.0094630419   0.0071135947   0.0047205355  -0.0092347097
       -0.0286996086   0.0013956152  -0.0021152630   0.0028943846  -0.0027804567
        0.0005222619  -0.0009978270   0.0001021522  -0.0013874593   0.0020848961
       -0.0021051429  -0.0001094062  -0.0016841743   0.0001593448
       -0.0004556576  -0.0002254428   0.0003788156   0.0016131318  -0.0002327452
       -0.0001539854   0.0000740396  -0.0000156656  -0.0000583049  -0.0000099675
        0.0006117461   0.0001008679  -0.0059108750  -0.0012752878  -0.0003310667
        0.0109760215   0.0103898114  -0.0035948886  -0.0033355189  -0.0015028732
       -0.0011967156   0.0004686751  -0.0011001865   0.0010449841   0.1098838388
       -0.1804029835   0.0522617052  -0.0201401232   0.6278619471  -0.0728292843
       -0.0806902216  -0.2575374229   0.0077143662   0.0639651465  -0.0513488558
        0.0169758726  -0.0344010975  -0.0333164952  -0.0024476685   0.0028868211
        0.0500990484  -0.0065894057  -0.0355575925  -0.1133311142   0.0062166090
       -0.0203543301   0.0076154400  -0.0044508548  -0.0099345515  -0.0101361804
       -0.0002775076   0.0055497709  -0.0045764245   0.0014449347  -0.0000241903
       -0.0001644003   0.0000867995  -0.0000765638   0.0000973048   0.0001458557
       -0.0002807901  -0.0000717309  -0.0000113163  -0.0004879847  -0.0000988457
       -0.0000821170  -0.0006820751   0.0000063627  -0.0005730677   0.0004320315
        0.0003998140   0.0000460066  -0.0002249351   0.0013589113  -0.0017150297
       -0.0000833628   0.0001333253   0.0000806725  -0.0003913258  -0.0004688908
        0.0007071480   0.0183813897  -0.0297904801   0.0023158185  -0.0063458798
       -0.0108748856   0.0014734890   0.0025460961  -0.0009166282   0.0020617883
       -0.0011146600   0.0002415841  -0.0001589698   0.0033565453  -0.0025240507
        0.0014413216   0.0003681952   0.0010962947  -0.0000268723
        0.0001633971   0.0000194103  -0.0001787025  -0.0010378197   0.0002401817
        0.0000621940   0.0005569277   0.0001506170  -0.0000559778  -0.0012215280
       -0.0000318772  -0.0008463509  -0.0012167051  -0.0008426766   0.0009490853
       -0.0127200087  -0.0041782606  -0.0070240855   0.0039661215   0.0015355882
        0.0000907368   0.0013376936   0.0004484061  -0.0007194309  -0.0298999373
        0.0434660163  -0.0376589136   0.0790973844  -0.0728292843   0.1533200598
        0.0015834678   0.0213008288  -0.0538106751  -0.0015912524   0.0085393962
       -0.0033843189   0.0020105640  -0.0010949284  -0.0048310975  -0.0086241103
        0.0001144413  -0.0031052942  -0.0228011116   0.0000473076  -0.0533953232
       -0.0000449825  -0.0089712678  -0.0020968124   0.0030828538   0.0029934619
        0.0036832817  -0.0020894453   0.0023518732  -0.0016560607   0.0000331582
        0.0001486722  -0.0000613949   0.0001098007  -0.0000641333  -0.0001506787
        0.0000928133   0.0000229263  -0.0000127011   0.0001946157   0.0000525555
       -0.0000488223  -0.0000523939   0.0000030258   0.0000704647  -0.0000990905
       -0.0000900457  -0.0005301264   0.0004928395  -0.0004497669  -0.0015204643
        0.0002046570  -0.0001047879  -0.0002617091  -0.0004227705   0.0002933800
       -0.0003127140  -0.0058530955   0.0085310120  -0.0029996169  -0.0011432571
       -0.0043581963   0.0012827866  -0.0024328833   0.0017203062   0.0086947081
        0.0001739015  -0.0001767889   0.0003848749  -0.0017681212   0.0017228295
        0.0059242714  -0.0000816833  -0.0005102221   0.0001988076
        0.0000838794  -0.0000200582  -0.0000036052   0.0004622898   0.0001947498
        0.0000096470  -0.0000585523  -0.0000046711  -0.0002058115  -0.0001267451
       -0.0001928821   0.0001776036   0.0002646989  -0.0000172142   0.0003460487
        0.0012136860   0.0027987945  -0.0000813281  -0.0010222162   0.0009628964
        0.0002980845  -0.0003777032   0.0002478529  -0.0004047112   0.0017956823
        0.0326613012  -0.0055470192  -0.0972180110  -0.0806902216   0.0015834678
        0.6697141289  -0.0278446922   0.1118990557  -0.2322377157   0.1653522438
       -0.0555087267  -0.0595429758  -0.0015184480  -0.0111880008  -0.0022642070
        0.0186911384  -0.0021735441  -0.0003902903  -0.0284484945   0.0040646766
       -0.0042896138  -0.0010176203  -0.0014751147  -0.0011372671  -0.0018395978
        0.0001203268   0.0004337305   0.0006326516  -0.0000294657  -0.0000415153
       -0.0000356500   0.0000795168  -0.0000161515  -0.0000074073   0.0000252171
       -0.0000433069  -0.0000149386   0.0000017112  -0.0000858843   0.0000066402
       -0.0000099959  -0.0000405240   0.0000086805  -0.0000663840   0.0000978951
        0.0000582106   0.0000733362  -0.0002579621   0.0002774542   0.0001858867
       -0.0001302593  -0.0000764914   0.0000614994   0.0000871384  -0.0001910174
        0.0003135702  -0.0036820595   0.0022425521  -0.0008936961  -0.2705977900
       -0.0778823820  -0.0411075519   0.0037174294  -0.0028923207   0.0013140797
       -0.0050249463  -0.0018747927  -0.0019403371   0.0007414187   0.0004334370
       -0.0000081292  -0.0000262809   0.0000002969   0.0000896931
        0.0002264013   0.0001026323  -0.0002550640  -0.0012548187  -0.0002567313
        0.0001118131  -0.0000371866  -0.0001044412   0.0002492414   0.0000323904
       -0.0002164073  -0.0005281638   0.0001192975   0.0007026999  -0.0009219362
       -0.0043439524  -0.0018755248  -0.0000206546   0.0013171864  -0.0005062843
        0.0009855712  -0.0001471957  -0.0000630649  -0.0004129791   0.0205933606
       -0.0548565943   0.0085830148  -0.0274432384  -0.2575374229   0.0213008288
       -0.0278446922   0.6292834495  -0.0648265291   0.0945099171  -0.2140566002
        0.0381592403   0.0500053789   0.0490215849   0.0029853336   0.0127476196
       -0.0511992565   0.0085646519  -0.0599933982  -0.0035979311  -0.0112688907
       -0.0037969018  -0.0071956391   0.0015996365   0.0023387227   0.0008516466
        0.0000948840  -0.0036761216   0.0032976437  -0.0012004283  -0.0000043114
        0.0000681650  -0.0000095922   0.0000608456  -0.0000375808  -0.0000790259
        0.0001339068   0.0000441036   0.0000079032   0.0002510998   0.0000936197
        0.0000509132   0.0002609284  -0.0000196431   0.0002261219  -0.0001009960
       -0.0001223770  -0.0000418262   0.0010642070  -0.0007097930  -0.0003548700
        0.0000720313  -0.0001927771  -0.0001428377  -0.0000318949   0.0000019915
        0.0000109931   0.0048857087   0.0016170396   0.0018104533  -0.0782564819
       -0.0689111531  -0.0117515164   0.0202707752  -0.0234657478   0.0062781060
       -0.0022431309   0.0004720629   0.0004200916   0.0001776014  -0.0003368353
        0.0004625764   0.0001069420  -0.0002948343  -0.0000870600
       -0.0000383926   0.0000295801   0.0000643905   0.0003858898   0.0001402897
       -0.0000644089  -0.0000043472   0.0000809682  -0.0003307486  -0.0001589101
        0.0000259663   0.0002898165  -0.0000181834  -0.0003529894   0.0003628905
        0.0010693702   0.0003790781  -0.0016633343  -0.0005172278   0.0004766418
       -0.0009424386   0.0005041827  -0.0007725175  -0.0002884273  -0.0045890026
        0.0150536972   0.0018422372  -0.0039237552   0.0077143662  -0.0538106751
        0.1118990557  -0.0648265291   0.1370071495  -0.0459311422   0.0505899008
       -0.0562725880  -0.0186034724  -0.0065366527  -0.0004819070  -0.0013942605
        0.0102426527  -0.0053688128   0.0069297274  -0.0053177583   0.0040503681
       -0.0010444451   0.0032527378   0.0068787198  -0.0005719630  -0.0007953294
       -0.0016159727   0.0009647563  -0.0009062493   0.0002788506  -0.0000533101
       -0.0001052895   0.0000781574  -0.0000308567   0.0000251130   0.0000656885
        0.0000122156  -0.0000147913  -0.0000020761  -0.0000341520  -0.0000490519
        0.0000351936  -0.0000727857   0.0000111774  -0.0000079605   0.0000307509
       -0.0000512773   0.0001778480   0.0007622836  -0.0002101716  -0.0004434754
        0.0002401823  -0.0001852130   0.0000008301   0.0002058376  -0.0004119967
        0.0002670895  -0.0018187808   0.0014369034   0.0027724665  -0.0407821992
       -0.0117240471  -0.0384839552  -0.0017691013   0.0022238299   0.0005437808
       -0.0019160494   0.0004459177   0.0057961672   0.0001381484   0.0001197483
       -0.0001647768   0.0001299369   0.0000112954  -0.0005700870
        0.0001458835   0.0000281057  -0.0001480024  -0.0005009956   0.0000658032
        0.0002218670  -0.0000452512  -0.0000346964   0.0000679894  -0.0000312595
       -0.0001194464  -0.0002753581   0.0005979107   0.0004503230  -0.0002705645
       -0.0026330570  -0.0005486170   0.0001376259   0.0005255716  -0.0001539676
        0.0001682176   0.0000753442  -0.0002230046  -0.0002327227   0.0066830151
       -0.0134224297  -0.0002624608   0.0316248655   0.0639651465  -0.0015912524
       -0.2322377157   0.0945099171  -0.0459311422   0.6348315027  -0.0035556080
        0.0959147208  -0.2864290646  -0.0226822045  -0.0407063453  -0.0045948090
       -0.0914695548   0.0110024949  -0.0421710182   0.0244745367  -0.0106527736
       -0.0059008530  -0.0129765394   0.0010837960   0.0057737081   0.0021090839
        0.0008682628  -0.0044156837   0.0044528529  -0.0016304597  -0.0000259557
        0.0000816606  -0.0000333836   0.0000112131  -0.0000253028  -0.0000588792
        0.0000857689   0.0000416569   0.0000390749   0.0001800026   0.0000538591
        0.0000188141   0.0001580642  -0.0000049646   0.0001669270  -0.0001209950
       -0.0000901030   0.0000149315   0.0003331660   0.0000241835   0.0003695994
        0.0001777228  -0.0000593437  -0.0000565487  -0.0004451740   0.0001084347
        0.0002466935   0.0015433242   0.0014192829   0.0008699097  -0.0246262689
        0.0180397321  -0.0068953687  -0.0567425387  -0.0576064717   0.0017349303
       -0.0227152345  -0.0046815527  -0.0033161175   0.0008008239  -0.0015024833
       -0.0009272000   0.0000879873  -0.0006682886   0.0000627247
       -0.0000928909  -0.0000495198   0.0000865667   0.0003706270   0.0000198776
       -0.0000753392   0.0000373585   0.0000445178  -0.0000672205   0.0000075837
        0.0000629293   0.0001360069  -0.0003438501  -0.0000568200   0.0001863903
        0.0011791913   0.0006032602   0.0001392325  -0.0004887321  -0.0000851039
        0.0000093074  -0.0001004771   0.0002025890   0.0001277192  -0.0061965780
       -0.0014543243   0.0010652626   0.0143557838  -0.0513488558   0.0085393962
        0.1653522438  -0.2140566002   0.0505899008  -0.0035556080   0.6730089612
       -0.0675672041  -0.1004634954  -0.1107521215  -0.0106985521  -0.0330869506
       -0.0126619929  -0.0039054973   0.0080003723   0.0000609341   0.0008563919
       -0.0001812516   0.0000753854  -0.0001901539   0.0005179806   0.0000801189
        0.0001093844   0.0004247980   0.0003439786   0.0000369316   0.0000166721
        0.0000037555  -0.0000040769  -0.0000084847   0.0000154568   0.0000303740
       -0.0000562754  -0.0000138182  -0.0000158570  -0.0000962867  -0.0000253589
       -0.0000238168  -0.0000785775   0.0000002725  -0.0000938628   0.0000366224
        0.0000336623  -0.0000760605  -0.0000754610  -0.0002435343  -0.0001117696
       -0.0001103999   0.0000639301   0.0000611399   0.0001581788   0.0001664240
       -0.0001928952   0.0007391020  -0.0017840357  -0.0002152248  -0.0050216161
        0.0051116212  -0.0017761544  -0.0578177321  -0.2869292072   0.0187239302
        0.0187619544   0.0048405514   0.0027072595  -0.0020862166  -0.0053038103
        0.0016139771  -0.0000975849   0.0000268771  -0.0000054860
        0.0000314204   0.0000021724  -0.0000419619  -0.0002609156  -0.0000569284
       -0.0000445914  -0.0000216088  -0.0000614218   0.0001864702   0.0001918618
       -0.0000200378  -0.0001152544   0.0001290154   0.0001872462  -0.0001770630
       -0.0002538071   0.0003641498   0.0005438360   0.0002427221  -0.0002404525
       -0.0001566267   0.0001430111  -0.0001559055  -0.0001244791  -0.0001236041
       -0.0012789345   0.0035642324   0.0045529031   0.0169758726  -0.0033843189
       -0.0555087267   0.0381592403  -0.0562725880   0.0959147208  -0.0675672041
        0.1427295189  -0.0314320235   0.0031219397  -0.0537128543   0.0032845493
       -0.0142841017   0.0037468184  -0.0077422459   0.0037840983  -0.0070141742
       -0.0009617789  -0.0024156580  -0.0000412048   0.0009910401   0.0004066519
        0.0000625498  -0.0009022720   0.0007886701  -0.0001448416  -0.0000129590
        0.0000078662  -0.0000022169   0.0000020861  -0.0000028811  -0.0000112841
        0.0000195776   0.0000056979   0.0000148930   0.0000334604   0.0000242084
        0.0000103810   0.0000478001  -0.0000152281   0.0000366122  -0.0000257973
       -0.0000063469   0.0000281279   0.0001029128   0.0000046125   0.0000845134
        0.0000936582  -0.0000176217  -0.0000249816  -0.0000640354   0.0000286335
        0.0000815491   0.0004310481   0.0004879520   0.0015461462  -0.0040862699
        0.0029522127  -0.0011627014   0.0027293878   0.0187435585  -0.0373586897
       -0.0064868126  -0.0014944426  -0.0011101873  -0.0010773712   0.0016924661
        0.0082172110   0.0000190529  -0.0001200843   0.0000471595
       -0.0000870442  -0.0000286592   0.0000986109   0.0004651080   0.0000390635
       -0.0000681370   0.0000648479   0.0000665473  -0.0001003276  -0.0000307645
        0.0000747599   0.0002238369  -0.0001791647  -0.0002176600   0.0003200073
        0.0014241554   0.0003338762  -0.0000238382  -0.0003944625   0.0001330701
       -0.0001538259   0.0000486931   0.0001106065   0.0001217903  -0.0045911687
        0.0073088096  -0.0001605777  -0.0159554698  -0.0344010975   0.0020105640
       -0.0595429758   0.0500053789  -0.0186034724  -0.2864290646  -0.1004634954
       -0.0314320235   0.6302016176  -0.0053129198   0.0952363444  -0.1021861874
       -0.0196180725  -0.0065178513   0.0326897578  -0.0019028451   0.0061979234
        0.0019016485   0.0150686922  -0.0032902748  -0.0052843284  -0.0031699866
       -0.0004193109   0.0042718395  -0.0027241409   0.0013518535   0.0000066711
       -0.0000198566  -0.0000204741  -0.0000224030   0.0000115015   0.0000369317
       -0.0000461540  -0.0000237054  -0.0000091524  -0.0001083338  -0.0000378281
       -0.0000199908  -0.0001072004   0.0000000796  -0.0000981246   0.0000201811
        0.0000413788  -0.0000071555  -0.0002961006   0.0000870228  -0.0002000048
       -0.0000573663   0.0000306649   0.0000318211   0.0000479601  -0.0000185544
       -0.0001907781  -0.0008329267  -0.0011402866  -0.0007505668  -0.0016524219
        0.0029343301  -0.0021795818  -0.0074811518  -0.0039835114  -0.0004083467
       -0.1774543204   0.1234448219  -0.0428482334  -0.0081030361  -0.0277356886
        0.0020396139  -0.0003004342   0.0011077043  -0.0001672492
       -0.0000495734   0.0000043239   0.0000638661   0.0003488797   0.0000287336
       -0.0000929880   0.0000435756   0.0000552689  -0.0000752144   0.0000225171
        0.0000516342   0.0001570911  -0.0001853662  -0.0001151461   0.0001986359
        0.0011619617   0.0002306497  -0.0000977293  -0.0002597705   0.0000596378
        0.0000827355  -0.0001476940   0.0002370118   0.0000293915  -0.0022791179
        0.0055876447   0.0002438340  -0.0244153122  -0.0333164952  -0.0010949284
       -0.0015184480   0.0490215849  -0.0065366527  -0.0226822045  -0.1107521215
        0.0031219397  -0.0053129198   0.6736420037  -0.0796322707  -0.0933030135
       -0.3465556617   0.0273596011   0.0463201385  -0.0629796222   0.0174917666
        0.0089479792   0.0123020225   0.0006814285  -0.0057280054  -0.0012320128
       -0.0010597139   0.0042604741  -0.0053453613   0.0016848846   0.0000198135
       -0.0000212810  -0.0000146456  -0.0000145578   0.0000196302   0.0000426938
       -0.0000486097  -0.0000199357  -0.0000156636  -0.0000865964  -0.0000335731
       -0.0000216056  -0.0000733454   0.0000004360  -0.0000847715   0.0000117982
        0.0000155151  -0.0000605667  -0.0001177204  -0.0001297359  -0.0001178230
       -0.0001088970   0.0000070952   0.0000664222   0.0001855677   0.0000080482
       -0.0002028779  -0.0009320628  -0.0005115004  -0.0006291139   0.0036892460
       -0.0016141671   0.0020574895  -0.0274002681  -0.0112258872  -0.0030443529
        0.1237472734  -0.1569346434   0.0389580494  -0.0040101321  -0.0109577999
        0.0006933813  -0.0000856095   0.0004737043  -0.0001522925
       -0.0000079309  -0.0000055782   0.0000193974   0.0000844576   0.0000267644
        0.0000069209   0.0000091442   0.0000126629  -0.0000301943  -0.0000501032
        0.0000070414   0.0000448512   0.0000012509  -0.0000548159   0.0000626232
        0.0000140982  -0.0000329504  -0.0001996622  -0.0000869957   0.0000906451
       -0.0000178238  -0.0000118448  -0.0000354300   0.0000575986  -0.0005831767
        0.0007353003  -0.0001411749   0.0020030769  -0.0024476685  -0.0048310975
       -0.0111880008   0.0029853336  -0.0004819070  -0.0407063453  -0.0106985521
       -0.0537128543   0.0952363444  -0.0796322707   0.1353090604   0.0033912619
        0.0399165202  -0.0496382243  -0.0015604591   0.0083489636   0.0009401890
       -0.0019468833   0.0025705168   0.0069804790  -0.0000477077  -0.0004762453
       -0.0009656837   0.0003709324  -0.0000904061  -0.0002944037  -0.0000043096
       -0.0000021224  -0.0000079915  -0.0000093167   0.0000035288   0.0000020924
        0.0000010144  -0.0000006046   0.0000015929  -0.0000096525  -0.0000080063
       -0.0000035724  -0.0000124229   0.0000019919  -0.0000087130   0.0000071109
       -0.0000051454   0.0000059213  -0.0000681032   0.0000808991  -0.0000267664
        0.0000010605   0.0000304551  -0.0000014818  -0.0000464408   0.0000057229
       -0.0000532173  -0.0000602961  -0.0001335405   0.0000398882  -0.0024561220
        0.0016281777   0.0077935219   0.0015252830   0.0008454101   0.0020734455
       -0.0428154378   0.0391130178  -0.0444198615  -0.0010600329  -0.0028284147
        0.0019953176   0.0000865467   0.0000487996  -0.0004982701
       -0.0000261224   0.0000225451   0.0000147608   0.0000254753  -0.0000285481
        0.0000100490   0.0000469184   0.0000342754  -0.0000150781  -0.0000460083
       -0.0000433873  -0.0000727864  -0.0001711089  -0.0000175273   0.0000898187
       -0.0011767373   0.0005611616  -0.0005936487   0.0002028570   0.0000707871
       -0.0000128435  -0.0000930029   0.0001731343   0.0000915383  -0.0041819060
       -0.0007356031  -0.0002603050  -0.0463001950   0.0028868211  -0.0086241103
       -0.0022642070   0.0127476196  -0.0013942605  -0.0045948090  -0.0330869506
        0.0032845493  -0.1021861874  -0.0933030135   0.0033912619   0.6195562329
        0.0483789962   0.0791775624  -0.1971570743   0.1172227555  -0.0430370577
        0.0122750163   0.0191389106  -0.0005209080  -0.0071680157  -0.0060831605
       -0.0006619111   0.0040689587  -0.0080618657   0.0017884687   0.0000129197
       -0.0000060866  -0.0000162598   0.0000003512  -0.0000009129   0.0000017307
       -0.0000014183  -0.0000117574  -0.0000030181  -0.0000194291  -0.0000006618
        0.0000088240  -0.0000356455  -0.0000174320  -0.0000099710  -0.0000480086
       -0.0000404692   0.0000268962  -0.0001851563  -0.0000281029  -0.0000397126
       -0.0000287424   0.0000069359  -0.0000062912   0.0000483574   0.0000218994
       -0.0001477303  -0.0004301863  -0.0000730025  -0.0002156872   0.0007940117
        0.0005549041   0.0002021985  -0.0052131359  -0.0027372466  -0.0019130481
        0.0035615793   0.0210068628  -0.0021342211  -0.2692814986  -0.0789385082
       -0.0282969508   0.0000159174   0.0003866274  -0.0001118592
        0.0000889713  -0.0000462372  -0.0000802000  -0.0004803448  -0.0000854159
        0.0000587268  -0.0000018099  -0.0000656139   0.0001217894  -0.0000654722
       -0.0001316935  -0.0001705131   0.0000290431  -0.0000078834  -0.0001979011
       -0.0020819897   0.0000409884  -0.0000195901   0.0002735908  -0.0000406828
       -0.0001507855   0.0001577070  -0.0005017735  -0.0000183595   0.0014682026
       -0.0082445145   0.0002711980   0.0354054868   0.0500990484   0.0001144413
        0.0186911384  -0.0511992565   0.0102426527  -0.0914695548  -0.0126619929
       -0.0142841017  -0.0196180725  -0.3465556617   0.0399165202   0.0483789962
        0.6831468098  -0.0725679466   0.0789382022  -0.1619613008   0.0291232751
        0.0030749225  -0.0576302923   0.0081005433   0.0162124035   0.0011412860
        0.0032781503  -0.0078587581  -0.0002078274  -0.0011527975  -0.0000235054
        0.0000370826   0.0000028441   0.0000146117  -0.0000119727  -0.0000417883
        0.0000516748   0.0000329156   0.0000128668   0.0000937577   0.0000551992
        0.0000177355   0.0000815632   0.0000220546   0.0000770002   0.0000463740
        0.0000310505   0.0000554539   0.0003085698   0.0002164709   0.0000801522
        0.0001236862   0.0000179342  -0.0000684020  -0.0002719199  -0.0000045011
        0.0002425990   0.0010515850   0.0002775381   0.0010570355   0.0001455737
       -0.0004799015  -0.0000599249  -0.0022667385   0.0003925821  -0.0000027296
       -0.0025517696  -0.0230745424   0.0028792483  -0.0791590193  -0.0701011104
       -0.0077376550   0.0012128942  -0.0024987859   0.0009004621
       -0.0000326820   0.0000130411   0.0000179705   0.0001204802  -0.0001147001
       -0.0000049807  -0.0000180782   0.0000124311  -0.0000229906   0.0000989747
       -0.0000813809   0.0000912671   0.0002753903   0.0000859046   0.0000170534
        0.0001858217   0.0006301909   0.0014685248  -0.0004128206  -0.0000475130
       -0.0000706359  -0.0000314538   0.0001212164   0.0000197358  -0.0017427093
        0.0014661023   0.0030625790  -0.0118903520  -0.0065894057  -0.0031052942
       -0.0021735441   0.0085646519  -0.0053688128   0.0110024949  -0.0039054973
        0.0037468184  -0.0065178513   0.0273596011  -0.0496382243   0.0791775624
       -0.0725679466   0.1406753951  -0.0384995392   0.0359232322  -0.0569973551
        0.0026001885   0.0124063573  -0.0037870731  -0.0041763409  -0.0015119551
        0.0002201333   0.0016204730  -0.0010947067   0.0031618908   0.0000066605
       -0.0000124415  -0.0000023317  -0.0000080229   0.0000046504   0.0000136774
       -0.0000130361  -0.0000075574   0.0000009382  -0.0000300784   0.0000100067
        0.0000082873   0.0000065774  -0.0000038317  -0.0000110612  -0.0000069426
        0.0000206490   0.0000249611  -0.0000763657  -0.0000294717   0.0000482189
       -0.0000123840   0.0000086883   0.0000153273   0.0000606524  -0.0000065889
       -0.0000535788  -0.0002066445  -0.0002699883   0.0001458638   0.0001507317
        0.0001430103  -0.0000491184  -0.0019700054   0.0001753815   0.0065985096
        0.0011126730   0.0067645262  -0.0015122967  -0.0282639951  -0.0080813642
       -0.0391183401  -0.0003358343   0.0006147078   0.0004049418
       -0.0001146481  -0.0000461198   0.0001278564   0.0006687387  -0.0001891049
       -0.0002301849   0.0001030549   0.0000183992  -0.0000297165   0.0000216887
        0.0001217381  -0.0000429407  -0.0022253716  -0.0009628019   0.0001931717
        0.0014456814   0.0034770959  -0.0024411041  -0.0010692227   0.0000759702
       -0.0009827603   0.0005547701  -0.0005538514   0.0000093402  -0.0489525603
        0.0072885091  -0.0070283442  -0.2402243627  -0.0355575925  -0.0228011116
       -0.0003902903  -0.0599933982   0.0069297274  -0.0421710182   0.0080003723
       -0.0077422459   0.0326897578   0.0463201385  -0.0015604591  -0.1971570743
        0.0789382022  -0.0384995392   0.6323499138   0.0044314842   0.0860813023
       -0.0733186054  -0.0384699564   0.0060799996  -0.0430465346  -0.0479155269
       -0.0053943363   0.0083639434   0.0194087030  -0.0030854786  -0.0000057771
       -0.0000994092   0.0000385492  -0.0000488525   0.0000576081   0.0000822088
       -0.0001160332  -0.0000238975   0.0000013026  -0.0001967816  -0.0000163074
       -0.0000137427  -0.0003224723   0.0000180049  -0.0002108696   0.0001076453
        0.0002265463   0.0000807230  -0.0002069641   0.0004002164  -0.0000049304
        0.0001634880   0.0001004261   0.0000570958  -0.0000831153  -0.0002497471
        0.0002947138  -0.0005491784  -0.0032294572   0.0000831247   0.0005586680
       -0.0007216666  -0.0007557665  -0.0004387896   0.0003626805   0.0000019328
        0.0008775580  -0.0020808632  -0.0006878652  -0.0252393079   0.0167218720
       -0.0061958483  -0.0020279480   0.0041417330  -0.0023538043
       -0.0001697253   0.0000730890   0.0001520397   0.0008929214   0.0001023418
       -0.0001908785   0.0000220895   0.0000991213  -0.0001703979   0.0001843793
        0.0003658930   0.0005922866   0.0002398663  -0.0002917430   0.0004789160
        0.0047923681  -0.0015083694   0.0011261241  -0.0008734294   0.0002302278
       -0.0003405155  -0.0000480415   0.0002036702   0.0001640804   0.0103093461
        0.0207641860   0.0003136328  -0.0610631481  -0.1133311142   0.0000473076
       -0.0284484945  -0.0035979311  -0.0053177583   0.0244745367   0.0000609341
        0.0037840983  -0.0019028451  -0.0629796222   0.0083489636   0.1172227555
       -0.1619613008   0.0359232322   0.0044314842   0.5716753027  -0.0654819770
       -0.0356218517  -0.1614630126   0.0085767558  -0.0463323429  -0.0273541106
       -0.0033322626   0.0191520876  -0.0559415673   0.0146988650   0.0000611818
       -0.0001233037  -0.0000042363  -0.0000399213   0.0000501857   0.0001156846
       -0.0001180114  -0.0000652511  -0.0000352084  -0.0001938699  -0.0001267738
       -0.0000412881  -0.0001536309   0.0000057165  -0.0001823848   0.0000631770
        0.0000545761  -0.0001713265  -0.0001801123   0.0000506900  -0.0002583854
       -0.0001023237   0.0000807797   0.0001523054   0.0002766047  -0.0002022749
       -0.0001713419  -0.0020725794  -0.0023293019  -0.0017380967  -0.0017472216
       -0.0054519255   0.0012217126   0.0004195627   0.0004420641   0.0004024922
       -0.0012640940  -0.0054250531   0.0016691093  -0.0037290851   0.0057512255
       -0.0010829795   0.0015183671   0.0021426517   0.0007514313
       -0.0000102516  -0.0000373319  -0.0000248616  -0.0002039491  -0.0001807527
        0.0000697038   0.0000264922  -0.0000226339   0.0001120280   0.0000767535
       -0.0001827881   0.0000032313   0.0004033552   0.0001873033  -0.0000622591
       -0.0012207464   0.0009279100   0.0023938250  -0.0004169091  -0.0000202191
       -0.0003849295  -0.0000162726  -0.0002788958  -0.0001042464  -0.0079754698
       -0.0018887247   0.0013124900  -0.0216765276   0.0062166090  -0.0533953232
        0.0040646766  -0.0112688907   0.0040503681  -0.0106527736   0.0008563919
       -0.0070141742   0.0061979234   0.0174917666   0.0009401890  -0.0430370577
        0.0291232751  -0.0569973551   0.0860813023  -0.0654819770   0.1381964919
        0.0037786468   0.0069007756  -0.0637499482  -0.0049797759  -0.0036765597
        0.0142024751  -0.0031062334   0.0151624804   0.0034893850  -0.0000186892
       -0.0000073155   0.0000014766  -0.0000161219   0.0000085194   0.0000033442
        0.0000084138   0.0000051293   0.0000247986   0.0000129421   0.0000387236
        0.0000283274   0.0000526833  -0.0000075485   0.0000288426   0.0000342472
        0.0000216500   0.0001083392   0.0002129157   0.0001863743   0.0000488425
        0.0000958129   0.0000513262   0.0000318268  -0.0000816565   0.0000216828
        0.0000632910   0.0004007604  -0.0004744012  -0.0008734216  -0.0010012927
        0.0013896057   0.0058326061  -0.0001064429  -0.0000296965  -0.0003283890
       -0.0010868862   0.0015018911   0.0076332329  -0.0040730007   0.0021629820
        0.0004251654  -0.0017668683   0.0013033391   0.0039346271
        0.0002504264   0.0000815151  -0.0002175189  -0.0006335930  -0.0000766331
        0.0001558035   0.0000683751   0.0000105343   0.0000364174  -0.0000448185
       -0.0000650966  -0.0002717965   0.0010473947   0.0004156488  -0.0000876445
       -0.0041270866  -0.0011069273  -0.0000932895   0.0010071877   0.0001535684
        0.0001762404  -0.0000289849   0.0001218433  -0.0003443517   0.0071194672
       -0.0024121576   0.0013061939  -0.0188447711  -0.0203543301  -0.0000449825
       -0.0042896138  -0.0037969018  -0.0010444451  -0.0059008530  -0.0001812516
       -0.0009617789   0.0019016485   0.0089479792  -0.0019468833   0.0122750163
        0.0030749225   0.0026001885  -0.0733186054  -0.0356218517   0.0037786468
        0.7446282847   0.1102126230   0.1118115298  -0.5205061795  -0.1394667947
       -0.0816589028  -0.1533914550   0.0740644590  -0.0356889008  -0.0000462998
        0.0000641002  -0.0000121259   0.0000015053  -0.0000475903  -0.0000474174
        0.0001026792   0.0000301962   0.0000519953   0.0001826227   0.0000545175
        0.0000387629   0.0001725089  -0.0000230835   0.0001886878  -0.0002656783
       -0.0001814605  -0.0000611788   0.0000848603  -0.0002832332   0.0005679927
        0.0001119908  -0.0001042383  -0.0000906334  -0.0000981773   0.0002316825
        0.0000104899  -0.0037183306   0.0000609175  -0.0008603356  -0.0002368776
       -0.0009728553   0.0001815970  -0.0000537609   0.0003345294   0.0000968842
       -0.0000745256   0.0016741904  -0.0004586465  -0.0021413155   0.0034430086
       -0.0006031779   0.0187669586   0.0017181694   0.0034925800
        0.0003314967  -0.0001215381  -0.0002279455  -0.0015108222   0.0000365075
        0.0003643552  -0.0000061465  -0.0001729071   0.0003066518  -0.0002604581
       -0.0003871720  -0.0004580336   0.0015139674   0.0004706599  -0.0005759585
       -0.0048502301  -0.0018266604   0.0004894270   0.0017205881  -0.0000626229
        0.0006627158   0.0001903275  -0.0005917208  -0.0003669895   0.0185398048
       -0.0183862205   0.0017955456  -0.0413696026   0.0076154400  -0.0089712678
       -0.0010176203  -0.0071956391   0.0032527378  -0.0129765394   0.0000753854
       -0.0024156580   0.0150686922   0.0123020225   0.0025705168   0.0191389106
       -0.0576302923   0.0124063573  -0.0384699564  -0.1614630126   0.0069007756
        0.1102126230   0.5229887154  -0.0342709880  -0.1410862659  -0.1182855270
       -0.0229943713   0.0472661701  -0.1488004296   0.0277825301  -0.0000991468
        0.0002071794  -0.0000386025   0.0000549611  -0.0000591829  -0.0001993497
        0.0002271403   0.0001168334   0.0000547902   0.0003563869   0.0001638548
        0.0000471508   0.0003957983   0.0000188116   0.0003347118  -0.0000282936
       -0.0000462679   0.0002182263  -0.0001228212   0.0004753826   0.0005960478
        0.0002764621  -0.0000775821  -0.0003241600  -0.0004548732   0.0002006505
        0.0000989810   0.0066828105   0.0066893927   0.0026398604   0.0006639433
        0.0005981655   0.0000817903   0.0002290996   0.0009655279  -0.0007444543
       -0.0007247279   0.0005432648  -0.0002139987  -0.0013960817  -0.0002340975
       -0.0008939325   0.0215044032  -0.0381269210   0.0120925381
       -0.0000098483   0.0000369985  -0.0000530662   0.0000301455  -0.0000507387
       -0.0000239516   0.0000408153   0.0000342504  -0.0000467186   0.0000372610
        0.0000204825  -0.0000684396   0.0000549080  -0.0000252335   0.0001695677
       -0.0002234389   0.0002412564   0.0006201301   0.0000917277  -0.0001138226
        0.0000739017   0.0000368660   0.0001817928  -0.0001433388  -0.0004122568
        0.0014122916  -0.0018819061   0.0018482334  -0.0044508548  -0.0020968124
       -0.0014751147   0.0015996365   0.0068787198   0.0010837960  -0.0001901539
       -0.0000412048  -0.0032902748   0.0006814285   0.0069804790  -0.0005209080
        0.0081005433  -0.0037870731   0.0060799996   0.0085767558  -0.0637499482
        0.1118115298  -0.0342709880   0.2009671157  -0.0811875373  -0.0223595891
       -0.0756618346  -0.0319703456   0.0340363461  -0.0649981458   0.0000188917
        0.0000071033   0.0000069304   0.0000249042  -0.0000063023   0.0000004727
       -0.0000326457  -0.0000154249  -0.0000029567  -0.0000167648   0.0000035906
       -0.0000114059  -0.0000385910  -0.0000051271  -0.0000197730  -0.0001248122
        0.0000075724  -0.0001394649   0.0000291820  -0.0000448936   0.0000347442
        0.0000064128  -0.0000117184  -0.0000062914   0.0000076439   0.0000300813
       -0.0000109766  -0.0022788737  -0.0009330636  -0.0006945857  -0.0000793833
       -0.0001851011  -0.0005161725   0.0003184121  -0.0002911392  -0.0017908330
       -0.0000420157   0.0002829215   0.0007521627   0.0001605253   0.0003313941
       -0.0027513918   0.0000215564   0.0073697052   0.0020120672
       -0.0002736706  -0.0000479084   0.0002192633   0.0007168906   0.0000286334
       -0.0001661725  -0.0000137741   0.0000442483  -0.0001055923   0.0000118055
        0.0001157439   0.0003382745  -0.0008287920  -0.0004990255   0.0003197565
        0.0029882783   0.0008030338  -0.0000923696  -0.0008679581   0.0001170592
       -0.0004787108  -0.0001570366  -0.0000327756   0.0003793567  -0.0070049180
        0.0042785905  -0.0007525174   0.0120451570  -0.0099345515   0.0030828538
       -0.0011372671   0.0023387227  -0.0005719630   0.0057737081   0.0005179806
        0.0009910401  -0.0052843284  -0.0057280054  -0.0000477077  -0.0071680157
        0.0162124035  -0.0041763409  -0.0430465346  -0.0463323429  -0.0049797759
       -0.5205061795  -0.1410862659  -0.0811875373   0.6576333394   0.1563413489
        0.1187280327  -0.0959531417   0.0262869401  -0.0325327010   0.0000581638
       -0.0000727081   0.0000024987   0.0000011845   0.0000427573   0.0000573731
       -0.0000848083  -0.0000302622  -0.0000544744  -0.0001551882  -0.0000639229
       -0.0000242724  -0.0001624212   0.0000189275  -0.0001653247   0.0002119611
        0.0001624673   0.0000159533  -0.0000474412   0.0000411148  -0.0004996796
       -0.0000963212   0.0001294310   0.0001185258   0.0002197980  -0.0001646676
       -0.0000675299   0.0010426497   0.0001064186  -0.0002815430  -0.0003321696
       -0.0006609392  -0.0000513927   0.0000267048  -0.0002977063   0.0001067134
        0.0002027837  -0.0003592387   0.0001365383   0.0020325431  -0.0006851854
        0.0004817346   0.0001549983  -0.0015903159   0.0012576901
       -0.0001293796   0.0000177970   0.0000927435   0.0004197043   0.0000090408
       -0.0000961605  -0.0000133377   0.0000483225  -0.0000860817   0.0000288749
        0.0000909915   0.0001310232  -0.0004685876  -0.0001406831   0.0001949063
        0.0015799110   0.0005533669  -0.0002325019  -0.0003914116   0.0000122645
       -0.0001499476  -0.0001261157   0.0001718292   0.0001731631  -0.0034650358
        0.0036070053  -0.0001728030   0.0058633042  -0.0101361804   0.0029934619
       -0.0018395978   0.0008516466  -0.0007953294   0.0021090839   0.0000801189
        0.0004066519  -0.0031699866  -0.0012320128  -0.0004762453  -0.0060831605
        0.0011412860  -0.0015119551  -0.0479155269  -0.0273541106  -0.0036765597
       -0.1394667947  -0.1182855270  -0.0223595891   0.1563413489   0.1395745352
        0.0168432453   0.0413024078   0.0136732443   0.0110081939   0.0000405820
       -0.0000352484  -0.0000060645  -0.0000034219   0.0000166595   0.0000440565
       -0.0000562755  -0.0000259873  -0.0000279877  -0.0000880298  -0.0000435857
       -0.0000202430  -0.0000989461  -0.0000072242  -0.0000965812   0.0000485499
        0.0000098233  -0.0000534235   0.0000546421  -0.0001801575  -0.0002703011
       -0.0001125823   0.0000424043   0.0000907141   0.0001594656  -0.0000193245
       -0.0000798610  -0.0010667744  -0.0014667001  -0.0004080379  -0.0003912884
       -0.0008276421   0.0000046978  -0.0001372911  -0.0003224761   0.0000971354
        0.0001804479  -0.0001693598   0.0000670583  -0.0008029251  -0.0018817156
        0.0000139150  -0.0023018534   0.0022275995  -0.0016412931
       -0.0000151642  -0.0000042538   0.0000560245   0.0001293035   0.0000586292
       -0.0000380701   0.0000024139   0.0000003211  -0.0000042744  -0.0000488283
        0.0000402494   0.0000774361  -0.0002318849  -0.0001317465   0.0000556900
        0.0004846654  -0.0001008516  -0.0007267954  -0.0000686183   0.0000765635
       -0.0000266534   0.0000304090  -0.0000210140   0.0001439510  -0.0012911331
        0.0006809998   0.0007373872   0.0016017414  -0.0002775076   0.0036832817
        0.0001203268   0.0000948840  -0.0016159727   0.0008682628   0.0001093844
        0.0000625498  -0.0004193109  -0.0010597139  -0.0009656837  -0.0006619111
        0.0032781503   0.0002201333  -0.0053943363  -0.0033322626   0.0142024751
       -0.0816589028  -0.0229943713  -0.0756618346   0.1187280327   0.0168432453
        0.0494756655  -0.0345762853   0.0077769539   0.0139273023   0.0000002141
       -0.0000176150  -0.0000048356  -0.0000124355   0.0000113494   0.0000032013
       -0.0000024880  -0.0000019736  -0.0000073152  -0.0000220335  -0.0000204497
       -0.0000152224  -0.0000237677   0.0000047536  -0.0000368710   0.0000759756
        0.0000247089  -0.0000088774  -0.0000810902  -0.0000133149  -0.0001511488
       -0.0000406474   0.0000126851  -0.0000004055   0.0000202063  -0.0000319328
       -0.0000201744   0.0005269678   0.0003756748   0.0000710346  -0.0000185465
       -0.0000531293   0.0001182241  -0.0000462075   0.0000175716   0.0003709532
        0.0000174798  -0.0000408172   0.0000328474   0.0005355985   0.0001570591
        0.0001134382   0.0014719940  -0.0014622292  -0.0040674608
       -0.0000033363  -0.0000756625   0.0000175701  -0.0001921843   0.0001918522
        0.0001082741  -0.0000369100  -0.0000540176   0.0000720249   0.0000303860
       -0.0000575911   0.0000045674   0.0001020856   0.0001607589  -0.0001923705
        0.0010755372  -0.0008813021   0.0004809524  -0.0001706543  -0.0002474144
        0.0001743846   0.0000194295  -0.0002162284   0.0000427988  -0.0003776135
       -0.0126599921   0.0002049173  -0.0106840071   0.0055497709  -0.0020894453
        0.0004337305  -0.0036761216   0.0009647563  -0.0044156837   0.0004247980
       -0.0009022720   0.0042718395   0.0042604741   0.0003709324   0.0040689587
       -0.0078587581   0.0016204730   0.0083639434   0.0191520876  -0.0031062334
       -0.1533914550   0.0472661701  -0.0319703456  -0.0959531417   0.0413024078
       -0.0345762853   0.3637961955   0.0477129031   0.0690419935  -0.0000052823
        0.0000279155  -0.0000036044   0.0000133450   0.0000041664  -0.0000364189
        0.0000159758   0.0000179606  -0.0000112063   0.0000244015   0.0000102257
       -0.0000048115   0.0000604026   0.0000127783   0.0000221521   0.0000695344
       -0.0000155115   0.0000973303   0.0000151331   0.0002649679  -0.0000663295
        0.0000307806   0.0000300675  -0.0000538048  -0.0000981748  -0.0000272020
        0.0000213138  -0.0031133092  -0.0012304234   0.0004194939   0.0000452143
        0.0000899336   0.0000083675  -0.0000020369   0.0001019861  -0.0001294984
       -0.0001225458   0.0000421860  -0.0000008075  -0.0000800381  -0.0011580876
        0.0000294927  -0.1137905202  -0.1384650980  -0.0005583616
       -0.0001216974   0.0000871166   0.0000522644   0.0005169945   0.0000524709
       -0.0000677141   0.0000333547   0.0000913683  -0.0001290242   0.0001757503
        0.0001775669   0.0002081040  -0.0002628480   0.0000107914   0.0002292254
        0.0015020642  -0.0005457275   0.0003899778  -0.0008689842   0.0000358871
       -0.0003583452  -0.0002180498   0.0002951484   0.0000857383  -0.0112868737
        0.0018213434  -0.0002457071   0.0103379463  -0.0045764245   0.0023518732
        0.0006326516   0.0032976437  -0.0009062493   0.0044528529   0.0003439786
        0.0007886701  -0.0027241409  -0.0053453613  -0.0000904061  -0.0080618657
       -0.0002078274  -0.0010947067   0.0194087030  -0.0559415673   0.0151624804
        0.0740644590  -0.1488004296   0.0340363461   0.0262869401   0.0136732443
        0.0077769539   0.0477129031   0.5071942054  -0.0676564617   0.0000285648
       -0.0000987817   0.0000268864  -0.0000234380   0.0000142786   0.0000815151
       -0.0000772451  -0.0000536217  -0.0000133129  -0.0001180327  -0.0000810233
       -0.0000012714  -0.0001235233  -0.0000146152  -0.0000980226  -0.0000349602
       -0.0000796617  -0.0001070829   0.0000932465  -0.0002765234  -0.0000958597
       -0.0000439364   0.0000378799   0.0001477062   0.0002338342  -0.0000781933
       -0.0000132613  -0.0051248233  -0.0039496142  -0.0022316241  -0.0001629367
       -0.0001057419  -0.0000529903  -0.0000677142  -0.0003297174   0.0001823440
        0.0002126001  -0.0010270039   0.0001397212  -0.0001322121   0.0010448919
       -0.0000028206  -0.1562395838  -0.3066659802   0.0115050539
        0.0000227978  -0.0000344035   0.0000241810  -0.0002167963  -0.0000296990
        0.0000475165  -0.0000131373  -0.0000492827   0.0001469124   0.0000267855
       -0.0000699866  -0.0000201897   0.0001262709   0.0001321054  -0.0002180891
       -0.0004098189  -0.0001377268   0.0002002998   0.0000478837  -0.0000408642
       -0.0000130882  -0.0000129784  -0.0000421042   0.0001115813   0.0017797051
       -0.0018582429   0.0015197543  -0.0038129881   0.0014449347  -0.0016560607
       -0.0000294657  -0.0012004283   0.0002788506  -0.0016304597   0.0000369316
       -0.0001448416   0.0013518535   0.0016848846  -0.0002944037   0.0017884687
       -0.0011527975   0.0031618908  -0.0030854786   0.0146988650   0.0034893850
       -0.0356889008   0.0277825301  -0.0649981458  -0.0325327010   0.0110081939
        0.0139273023   0.0690419935  -0.0676564617   0.0627753217  -0.0000184049
        0.0000095567  -0.0000168175  -0.0000207162  -0.0000070005  -0.0000118048
        0.0000355569   0.0000143787   0.0000072448   0.0000262881   0.0000159448
        0.0000115676   0.0000618411   0.0000039978   0.0000284148   0.0001699361
        0.0000227634   0.0001719633  -0.0000287535  -0.0001405328   0.0000686213
       -0.0000234395  -0.0000227535   0.0000012330  -0.0000376314   0.0000662728
       -0.0000084695   0.0007309634  -0.0000679134  -0.0008403048   0.0000548644
        0.0000278904  -0.0000274229   0.0000073974   0.0000831815  -0.0000395665
       -0.0000040876   0.0001552539  -0.0003679855   0.0000101076  -0.0004508853
        0.0000195472   0.0022830442   0.0157733978  -0.0173343977
       -0.0970937323   0.0911000150  -0.0390641174   0.0077620394  -0.0109760801
        0.0033213802  -0.0006645274  -0.0007214064   0.0013737859   0.0001869270
        0.0004117404   0.0004020429   0.0000177238  -0.0000503665   0.0000976620
       -0.0000527685   0.0005990691   0.0000167264  -0.0004504867  -0.0008817000
        0.0005465607  -0.0000788836  -0.0014249400   0.0003417287  -0.0000107246
       -0.0000241744  -0.0000158045   0.0000194937  -0.0000241903   0.0000331582
       -0.0000415153  -0.0000043114  -0.0000533101  -0.0000259557   0.0000166721
       -0.0000129590   0.0000066711   0.0000198135  -0.0000043096   0.0000129197
       -0.0000235054   0.0000066605  -0.0000057771   0.0000611818  -0.0000186892
       -0.0000462998  -0.0000991468   0.0000188917   0.0000581638   0.0000405820
        0.0000002141  -0.0000052823   0.0000285648  -0.0000184049   0.1109886850
       -0.1068192630   0.0449457721  -0.0010344811   0.0040592804  -0.0005451142
       -0.0186175460   0.0244869124  -0.0115304878   0.0000376474  -0.0000607199
        0.0001271253  -0.0000475242  -0.0000608973   0.0001014490   0.0000234672
       -0.0000552363  -0.0000562445  -0.0000439431   0.0002215909   0.0001218933
       -0.0002273755  -0.0003187106  -0.0001515089  -0.0006872030   0.0004857565
       -0.0000679695   0.0000047150   0.0000048732   0.0000020826   0.0000059533
       -0.0000150690   0.0000718049  -0.0000088854   0.0000192529   0.0000028807
        0.0000116885   0.0000016474   0.0000026641   0.0000065674   0.0000040794
       -0.0000005998   0.0000002493  -0.0000013142   0.0000050359
        0.0923680992  -0.1989564691   0.0665656469   0.0036939552  -0.0113456467
        0.0087115038  -0.0011298684  -0.0010967796   0.0008446631   0.0000228543
        0.0006649711   0.0002884520   0.0000065183   0.0000421718  -0.0000958943
        0.0003185322   0.0004730121   0.0001022535   0.0005811215   0.0003299147
        0.0011867461   0.0001317314   0.0004420612  -0.0004299688  -0.0002039529
        0.0000351536  -0.0001836382   0.0001775149  -0.0001644003   0.0001486722
       -0.0000356500   0.0000681650  -0.0001052895   0.0000816606   0.0000037555
        0.0000078662  -0.0000198566  -0.0000212810  -0.0000021224  -0.0000060866
        0.0000370826  -0.0000124415  -0.0000994092  -0.0001233037  -0.0000073155
        0.0000641002   0.0002071794   0.0000071033  -0.0000727081  -0.0000352484
       -0.0000176150   0.0000279155  -0.0000987817   0.0000095567  -0.1068192630
        0.2294275316  -0.0791221847   0.0134498806  -0.0240742467   0.0045509510
       -0.0017195758   0.0050765570  -0.0017452597  -0.0001016787  -0.0001827462
       -0.0001220651  -0.0000255005  -0.0000393714   0.0001251041  -0.0000161485
       -0.0001048500  -0.0000323416   0.0002439359   0.0000768525  -0.0001883602
       -0.0001799003  -0.0010694285  -0.0005155386  -0.0007738969   0.0003333734
       -0.0000230123   0.0000752468   0.0000719677  -0.0000226525  -0.0000437730
        0.0000196083   0.0000681214   0.0000052674   0.0000034541   0.0000008246
        0.0000020893  -0.0000008405   0.0000035237   0.0000029928  -0.0000046732
        0.0000013885  -0.0000061474   0.0000052554   0.0000033227
       -0.0414720603   0.0677669237  -0.0665208165  -0.0075773719   0.0223354146
       -0.0143922884   0.0021552534   0.0019415989  -0.0021634655   0.0003446411
       -0.0008437266  -0.0013899404  -0.0002164602  -0.0000656357  -0.0000195982
       -0.0001155360  -0.0007515559  -0.0002995447  -0.0012221631   0.0000418598
       -0.0000927471  -0.0002914257  -0.0000056132   0.0003432835   0.0000632741
       -0.0000309759   0.0000830655  -0.0001178475   0.0000867995  -0.0000613949
        0.0000795168  -0.0000095922   0.0000781574  -0.0000333836  -0.0000040769
       -0.0000022169  -0.0000204741  -0.0000146456  -0.0000079915  -0.0000162598
        0.0000028441  -0.0000023317   0.0000385492  -0.0000042363   0.0000014766
       -0.0000121259  -0.0000386025   0.0000069304   0.0000024987  -0.0000060645
       -0.0000048356  -0.0000036044   0.0000268864  -0.0000168175   0.0449457721
       -0.0791221847   0.0808226976   0.0107717526  -0.0201103682   0.0067820778
       -0.0075400374   0.0085659394  -0.0034907762   0.0001043847   0.0003447805
        0.0002199909   0.0000768721   0.0000949675  -0.0002083647  -0.0000429514
        0.0002071885   0.0000816641  -0.0000598686  -0.0000429332  -0.0000089243
        0.0000300268  -0.0003817613   0.0001116952   0.0001078765   0.0000465261
        0.0001893626  -0.0000549734  -0.0000382517   0.0000256415   0.0000730707
        0.0000304986  -0.0000783661   0.0000207685  -0.0000180744   0.0000087387
       -0.0000122304   0.0000002322  -0.0000016949  -0.0000076074  -0.0000018929
       -0.0000002504   0.0000021234  -0.0000022680   0.0000075836
       -0.0426554725   0.0101309461   0.0118433392  -0.0005617542   0.0097117946
        0.0118263642  -0.0007981736  -0.0000356843   0.0007959109   0.0002851811
       -0.0004888938  -0.0000948599   0.0000003381   0.0000171551  -0.0000056575
        0.0004591432  -0.0008177277  -0.0002813869  -0.0006885545  -0.0005393187
        0.0005444301  -0.0008107933   0.0004333429   0.0013199293  -0.0002001562
        0.0000534964  -0.0001555081   0.0000878647  -0.0000765638   0.0001098007
       -0.0000161515   0.0000608456  -0.0000308567   0.0000112131  -0.0000084847
        0.0000020861  -0.0000224030  -0.0000145578  -0.0000093167   0.0000003512
        0.0000146117  -0.0000080229  -0.0000488525  -0.0000399213  -0.0000161219
        0.0000015053   0.0000549611   0.0000249042   0.0000011845  -0.0000034219
       -0.0000124355   0.0000133450  -0.0000234380  -0.0000207162  -0.0010344811
        0.0134498806   0.0107717526   0.0479423022  -0.0100037162  -0.0128948362
       -0.0008725713  -0.0214027949  -0.0227992537  -0.0000798837   0.0000480279
        0.0000656795  -0.0000277503  -0.0000450461   0.0000892485  -0.0000443718
        0.0001372048   0.0000261092   0.0000863241  -0.0000383915  -0.0000668196
       -0.0013093766  -0.0007121031  -0.0007844493   0.0002207049   0.0001305636
       -0.0002768221   0.0000206084   0.0000367924   0.0000075633   0.0000236346
       -0.0000105445   0.0000067556   0.0000063787  -0.0000114621   0.0000067624
        0.0000086231  -0.0000058268   0.0000035134   0.0000082124   0.0000002022
        0.0000016309  -0.0000061684  -0.0000019278   0.0000112830
        0.0088527053  -0.1470925221  -0.1173905542  -0.0002351319   0.0084923389
        0.0070185487  -0.0004731400  -0.0005523968   0.0010955210   0.0001908289
       -0.0005892893   0.0002738505   0.0000178144  -0.0000372854   0.0001105232
       -0.0000188029  -0.0006099399  -0.0001226625  -0.0005374297   0.0005524815
       -0.0002267557  -0.0006034896   0.0001907562   0.0006977651   0.0001192607
       -0.0000208252   0.0000683156  -0.0000873393   0.0000973048  -0.0000641333
       -0.0000074073  -0.0000375808   0.0000251130  -0.0000253028   0.0000154568
       -0.0000028811   0.0000115015   0.0000196302   0.0000035288  -0.0000009129
       -0.0000119727   0.0000046504   0.0000576081   0.0000501857   0.0000085194
       -0.0000475903  -0.0000591829  -0.0000063023   0.0000427573   0.0000166595
        0.0000113494   0.0000041664   0.0000142786  -0.0000070005   0.0040592804
       -0.0240742467  -0.0201103682  -0.0100037162   0.1706624543   0.1367679969
       -0.0015262036  -0.0071639955  -0.0082944158  -0.0000115117   0.0000613158
        0.0000551289  -0.0000483677  -0.0000054276   0.0000739053   0.0000053272
        0.0001102808   0.0000164926  -0.0001787705  -0.0000227065   0.0001888601
        0.0003745729   0.0004954609   0.0000589525   0.0001205606  -0.0004448601
       -0.0002598570  -0.0000198032  -0.0000127969   0.0000086762  -0.0000170129
       -0.0000348590   0.0000006303  -0.0000152298  -0.0000067774  -0.0000047647
        0.0000009807  -0.0000043098  -0.0000024384   0.0000012532   0.0000008106
       -0.0000004179  -0.0000014554   0.0000015600   0.0000042239
        0.0091903705  -0.1211836074  -0.1670256840   0.0058966137  -0.0118698472
       -0.0261012699   0.0024066088   0.0004486901  -0.0013325862  -0.0000579294
        0.0016982492  -0.0002653945  -0.0003359463  -0.0000689251  -0.0000429518
       -0.0006744428   0.0006926979   0.0003367046  -0.0010792437  -0.0000023765
       -0.0011506504  -0.0005542995  -0.0004857865   0.0008122641   0.0002474478
       -0.0000634614   0.0001972615  -0.0001893354   0.0001458557  -0.0001506787
        0.0000252171  -0.0000790259   0.0000656885  -0.0000588792   0.0000303740
       -0.0000112841   0.0000369317   0.0000426938   0.0000020924   0.0000017307
       -0.0000417883   0.0000136774   0.0000822088   0.0001156846   0.0000033442
       -0.0000474174  -0.0001993497   0.0000004727   0.0000573731   0.0000440565
        0.0000032013  -0.0000364189   0.0000815151  -0.0000118048  -0.0005451142
        0.0045509510   0.0067820778  -0.0128948362   0.1367679969   0.1970428626
       -0.0022677107  -0.0099291002  -0.0092844884   0.0002273090  -0.0004177251
       -0.0000741799   0.0000352044   0.0000880694  -0.0001921153   0.0000678914
       -0.0002386175  -0.0001012607  -0.0001519878  -0.0000248422   0.0000533211
        0.0003915002   0.0000549419   0.0004380281   0.0002914083  -0.0001020201
        0.0000120154  -0.0000334453  -0.0000635083   0.0000077096  -0.0000322311
        0.0000055695  -0.0000252015  -0.0000089428  -0.0000006728  -0.0000045161
       -0.0000030112  -0.0000008280  -0.0000023460  -0.0000020388   0.0000011072
       -0.0000004360   0.0000154151   0.0000030294   0.0000061269
       -0.2502002266  -0.0558400010  -0.0655153096  -0.0198329318  -0.0067061665
       -0.0007815604   0.0010176761   0.0010297402  -0.0018736136  -0.0001546974
        0.0002000895  -0.0002983907   0.0002569298   0.0001142188  -0.0001447779
       -0.0004482266   0.0000955153  -0.0004441497  -0.0017892724  -0.0017955172
        0.0027101880  -0.0000632813  -0.0002318648   0.0002623442  -0.0005813108
        0.0000360944   0.0002806535   0.0002977493  -0.0002807901   0.0000928133
       -0.0000433069   0.0001339068   0.0000122156   0.0000857689  -0.0000562754
        0.0000195776  -0.0000461540  -0.0000486097   0.0000010144  -0.0000014183
        0.0000516748  -0.0000130361  -0.0001160332  -0.0001180114   0.0000084138
        0.0001026792   0.0002271403  -0.0000326457  -0.0000848083  -0.0000562755
       -0.0000024880   0.0000159758  -0.0000772451   0.0000355569  -0.0186175460
       -0.0017195758  -0.0075400374  -0.0008725713  -0.0015262036  -0.0022677107
        0.2901994991   0.0667150190   0.0747856653   0.0006823429  -0.0001078167
        0.0004986424   0.0000852465   0.0000349659  -0.0000353267   0.0000054697
       -0.0000442975   0.0000315233   0.0000776895  -0.0000184659   0.0000563788
       -0.0001025281   0.0001472676   0.0002010015   0.0001640426  -0.0001514661
        0.0000360115  -0.0000168413   0.0000447109  -0.0000402109  -0.0000062321
       -0.0000470900  -0.0000326119   0.0000034993   0.0000024229   0.0000001937
        0.0000024526   0.0000010391   0.0000016482   0.0000004245  -0.0000002464
        0.0000003499  -0.0000200595  -0.0000078868  -0.0000123227
       -0.0557290106  -0.0598062500  -0.0173427989  -0.0120799130  -0.0034453344
       -0.0023081969  -0.0005354837  -0.0000113627  -0.0007904666   0.0000180217
        0.0000641241  -0.0001657380   0.0000780388   0.0000475218  -0.0000341996
       -0.0004693949   0.0003029764  -0.0001559070  -0.0016012170  -0.0001174525
        0.0021341349   0.0001025335   0.0000727675   0.0002534522  -0.0001675132
       -0.0001303736   0.0001482504   0.0000872953  -0.0000717309   0.0000229263
       -0.0000149386   0.0000441036  -0.0000147913   0.0000416569  -0.0000138182
        0.0000056979  -0.0000237054  -0.0000199357  -0.0000006046  -0.0000117574
        0.0000329156  -0.0000075574  -0.0000238975  -0.0000652511   0.0000051293
        0.0000301962   0.0001168334  -0.0000154249  -0.0000302622  -0.0000259873
       -0.0000019736   0.0000179606  -0.0000536217   0.0000143787   0.0244869124
        0.0050765570   0.0085659394  -0.0214027949  -0.0071639955  -0.0099291002
        0.0667150190   0.0651733938   0.0188276972   0.0003404962  -0.0000820456
        0.0007296914   0.0000412283   0.0000133260  -0.0000321543   0.0000279025
       -0.0000139852  -0.0000004465   0.0000044501   0.0000940905   0.0000104138
        0.0002548031  -0.0000573568   0.0000274352  -0.0001043402   0.0000394928
        0.0000483805  -0.0000239813   0.0000242310  -0.0000096669  -0.0000094634
       -0.0000233921   0.0000170508  -0.0000027161   0.0000028305   0.0000006543
       -0.0000022004  -0.0000003501   0.0000001046  -0.0000002782  -0.0000020098
        0.0000001379  -0.0000136467  -0.0000009109  -0.0000024482
       -0.0662341111  -0.0179973159  -0.0633153388   0.0210389441   0.0062901894
        0.0051909863   0.0025171863   0.0004220181   0.0005130736  -0.0000783261
       -0.0000927865   0.0002057131   0.0000502591  -0.0000003547   0.0000989318
        0.0010371009   0.0001834573  -0.0000326347   0.0020550792   0.0021222495
       -0.0036530907  -0.0006018695  -0.0001845446  -0.0000835395   0.0001513232
        0.0001183616  -0.0002168468   0.0000387104  -0.0000113163  -0.0000127011
        0.0000017112   0.0000079032  -0.0000020761   0.0000390749  -0.0000158570
        0.0000148930  -0.0000091524  -0.0000156636   0.0000015929  -0.0000030181
        0.0000128668   0.0000009382   0.0000013026  -0.0000352084   0.0000247986
        0.0000519953   0.0000547902  -0.0000029567  -0.0000544744  -0.0000279877
       -0.0000073152  -0.0000112063  -0.0000133129   0.0000072448  -0.0115304878
       -0.0017452597  -0.0034907762  -0.0227992537  -0.0082944158  -0.0092844884
        0.0747856653   0.0188276972   0.0748495816  -0.0003701799   0.0003849486
       -0.0010918140  -0.0000290201  -0.0000471921   0.0000822387  -0.0000537400
       -0.0000248058   0.0000316155  -0.0000953225  -0.0000027023   0.0001050545
       -0.0000046392   0.0001528973   0.0001613819   0.0000754760  -0.0001167368
       -0.0000416819   0.0000501739  -0.0000012761  -0.0000360585  -0.0000162287
        0.0000298746  -0.0000124194   0.0000005815   0.0000060963   0.0000005189
       -0.0000074461   0.0000037123  -0.0000026321  -0.0000063854   0.0000001321
       -0.0000006429   0.0000102778   0.0000095417  -0.0000015504
        0.0011426629   0.0002150725   0.0019596348  -0.0188304217  -0.0037346440
       -0.0034272224  -0.2839345947  -0.0562794543  -0.0218451522  -0.0176369856
       -0.0045614396   0.0001104488  -0.0002850994  -0.0028966256   0.0024388284
        0.0012798869   0.0002163911  -0.0000962698  -0.0004126907  -0.0009505068
       -0.0032842073  -0.0009554163  -0.0002266464   0.0000006484  -0.0006225837
        0.0006348972   0.0000336318   0.0005090697  -0.0004879847   0.0001946157
       -0.0000858843   0.0002510998  -0.0000341520   0.0001800026  -0.0000962867
        0.0000334604  -0.0001083338  -0.0000865964  -0.0000096525  -0.0000194291
        0.0000937577  -0.0000300784  -0.0001967816  -0.0001938699   0.0000129421
        0.0001826227   0.0003563869  -0.0000167648  -0.0001551882  -0.0000880298
       -0.0000220335   0.0000244015  -0.0001180327   0.0000262881   0.0000376474
       -0.0001016787   0.0001043847  -0.0000798837  -0.0000115117   0.0002273090
        0.0006823429   0.0003404962  -0.0003701799   0.3196873431   0.0670094538
        0.0244747697   0.0006895485   0.0009052210  -0.0002025193  -0.0010303703
       -0.0002687586   0.0000166443  -0.0001823767   0.0000323067  -0.0002656570
        0.0000301015  -0.0000304946   0.0000262254  -0.0000330849   0.0000297929
        0.0000008478   0.0001324647   0.0001199911  -0.0000444133   0.0000177386
       -0.0000798361  -0.0000065091  -0.0000004545   0.0000096367   0.0000012877
       -0.0000002811   0.0000006316   0.0000008396  -0.0000012914  -0.0000000674
       -0.0000010150  -0.0000246814  -0.0000026713  -0.0000069801
        0.0015898946  -0.0017475821  -0.0004953911   0.0033283881   0.0013888843
        0.0004061150  -0.0562646562  -0.0472580988  -0.0013489005  -0.0125565722
       -0.0028038216  -0.0002192397  -0.0025652861   0.0053162751   0.0041652416
        0.0002467350   0.0003750034   0.0004772025  -0.0010225795   0.0061383050
        0.0027361539   0.0002247294  -0.0000257178   0.0000257111   0.0000842112
       -0.0012412661  -0.0005453130   0.0003575270  -0.0000988457   0.0000525555
        0.0000066402   0.0000936197  -0.0000490519   0.0000538591  -0.0000253589
        0.0000242084  -0.0000378281  -0.0000335731  -0.0000080063  -0.0000006618
        0.0000551992   0.0000100067  -0.0000163074  -0.0001267738   0.0000387236
        0.0000545175   0.0001638548   0.0000035906  -0.0000639229  -0.0000435857
       -0.0000204497   0.0000102257  -0.0000810233   0.0000159448  -0.0000607199
       -0.0001827462   0.0003447805   0.0000480279   0.0000613158  -0.0004177251
       -0.0001078167  -0.0000820456   0.0003849486   0.0670094538   0.0423545845
       -0.0045212836   0.0004635627  -0.0020344353  -0.0010886643  -0.0007780812
       -0.0000465333   0.0000639667   0.0001140065  -0.0000400634   0.0000080577
        0.0000117556  -0.0000130156  -0.0000381513   0.0000305880   0.0000108451
        0.0000087655  -0.0000989895  -0.0000527645  -0.0000047997  -0.0000371088
       -0.0000169879  -0.0000084709  -0.0000016141  -0.0000011669   0.0000047359
       -0.0000039552  -0.0000011703  -0.0000050916   0.0000003117  -0.0000045958
        0.0000042449  -0.0000183347   0.0000032848  -0.0000044146
       -0.0015635409  -0.0014372290   0.0004408034  -0.0244397261  -0.0046889468
       -0.0034154163  -0.0219642847  -0.0015378517  -0.0441626027   0.0225999820
        0.0055359958   0.0008767030   0.0021022772   0.0040550332  -0.0022896882
        0.0000994027   0.0003840080  -0.0005736889  -0.0027880674   0.0029469992
       -0.0033640825  -0.0013497032  -0.0003799681  -0.0002166417   0.0000164558
       -0.0003699219   0.0000144003   0.0001764059  -0.0000821170  -0.0000488223
       -0.0000099959   0.0000509132   0.0000351936   0.0000188141  -0.0000238168
        0.0000103810  -0.0000199908  -0.0000216056  -0.0000035724   0.0000088240
        0.0000177355   0.0000082873  -0.0000137427  -0.0000412881   0.0000283274
        0.0000387629   0.0000471508  -0.0000114059  -0.0000242724  -0.0000202430
       -0.0000152224  -0.0000048115  -0.0000012714   0.0000115676   0.0001271253
       -0.0001220651   0.0002199909   0.0000656795   0.0000551289  -0.0000741799
        0.0004986424   0.0007296914  -0.0010918140   0.0244747697  -0.0045212836
        0.0536665118   0.0010392039  -0.0008012684   0.0003724410   0.0011697436
        0.0003366392  -0.0000769592  -0.0001910529   0.0000172207  -0.0003418548
       -0.0000210561  -0.0000063372   0.0000851073   0.0000122428  -0.0000251469
        0.0000157928  -0.0000759900  -0.0000639860  -0.0000635119   0.0000157706
       -0.0000258331  -0.0000417138   0.0000031168  -0.0000020016   0.0000033683
        0.0000011980   0.0000001046  -0.0000034480   0.0000013568  -0.0000003023
        0.0000019520  -0.0000035392  -0.0000041367   0.0000037970
        0.0002079989  -0.0000958647   0.0005786982  -0.0001364878  -0.0026363635
        0.0018860336   0.0063538259  -0.0025062519   0.0107694620  -0.1042381818
        0.0212641487  -0.1074811832  -0.0170580523   0.0049140645  -0.0261712515
       -0.0040823543  -0.0028588388  -0.0000711586  -0.0002002207  -0.0002579361
        0.0005549941   0.0000382273   0.0003924200   0.0000980417  -0.0019347254
        0.0006976906  -0.0013457857   0.0002980465  -0.0006820751  -0.0000523939
       -0.0000405240   0.0002609284  -0.0000727857   0.0001580642  -0.0000785775
        0.0000478001  -0.0001072004  -0.0000733454  -0.0000124229  -0.0000356455
        0.0000815632   0.0000065774  -0.0003224723  -0.0001536309   0.0000526833
        0.0001725089   0.0003957983  -0.0000385910  -0.0001624212  -0.0000989461
       -0.0000237677   0.0000604026  -0.0001235233   0.0000618411  -0.0000475242
       -0.0000255005   0.0000768721  -0.0000277503  -0.0000483677   0.0000352044
        0.0000852465   0.0000412283  -0.0000290201   0.0006895485   0.0004635627
        0.0010392039   0.1198488667  -0.0197983497   0.1205382117   0.0005176832
        0.0008680043  -0.0003626305  -0.0000038167  -0.0000081498   0.0000568380
        0.0000265950  -0.0000346239   0.0000208728  -0.0000724069   0.0000394558
       -0.0000627157   0.0000606854   0.0001537699  -0.0000770888  -0.0000017576
       -0.0000796036   0.0000029836   0.0000016893   0.0000017187   0.0000036025
       -0.0000005107  -0.0000002119  -0.0000064501  -0.0000092953   0.0000016930
       -0.0000007916  -0.0000380415  -0.0000158859  -0.0000218834
        0.0003886559  -0.0002414287   0.0005465338  -0.0028891679   0.0054475654
        0.0040427234   0.0054412111  -0.0020663184   0.0112013497   0.0212587884
       -0.0445105846   0.0442174595  -0.0025291506   0.0014546011  -0.0045751747
       -0.0023633664   0.0068494425   0.0016453206  -0.0006646494  -0.0000610219
        0.0001150730   0.0004059467  -0.0013474330  -0.0004143940  -0.0004570266
       -0.0000371758  -0.0003696099  -0.0001258116   0.0000063627   0.0000030258
        0.0000086805  -0.0000196431   0.0000111774  -0.0000049646   0.0000002725
       -0.0000152281   0.0000000796   0.0000004360   0.0000019919  -0.0000174320
        0.0000220546  -0.0000038317   0.0000180049   0.0000057165  -0.0000075485
       -0.0000230835   0.0000188116  -0.0000051271   0.0000189275  -0.0000072242
        0.0000047536   0.0000127783  -0.0000146152   0.0000039978  -0.0000608973
       -0.0000393714   0.0000949675  -0.0000450461  -0.0000054276   0.0000880694
        0.0000349659   0.0000133260  -0.0000471921   0.0009052210  -0.0020344353
       -0.0008012684  -0.0197983497   0.0387458958  -0.0544598574   0.0004468284
       -0.0021440432  -0.0012959248  -0.0000049031   0.0000066375  -0.0000657049
       -0.0001134379   0.0000088118  -0.0001932411   0.0001659071  -0.0000706570
        0.0002739600   0.0000373591   0.0000482773  -0.0000028978  -0.0000175758
       -0.0000229182   0.0000027532  -0.0000044231  -0.0000031875   0.0000010851
       -0.0000045587  -0.0000009672   0.0000052132  -0.0000034942  -0.0000013086
        0.0000006563  -0.0000160158  -0.0000004502  -0.0000031107
       -0.0005590146   0.0001640248  -0.0012678786   0.0025294268   0.0041257017
       -0.0020900681  -0.0114911868   0.0057933256  -0.0231264516  -0.1075930185
        0.0441379674  -0.2294299691  -0.0036139588   0.0007410979  -0.0041658522
       -0.0005362827   0.0021054638   0.0020544203   0.0004718656  -0.0000738391
        0.0007347075   0.0001095806  -0.0005206714  -0.0000583269  -0.0010555000
        0.0004043065  -0.0002711126   0.0004851078  -0.0005730677   0.0000704647
       -0.0000663840   0.0002261219  -0.0000079605   0.0001669270  -0.0000938628
        0.0000366122  -0.0000981246  -0.0000847715  -0.0000087130  -0.0000099710
        0.0000770002  -0.0000110612  -0.0002108696  -0.0001823848   0.0000288426
        0.0001886878   0.0003347118  -0.0000197730  -0.0001653247  -0.0000965812
       -0.0000368710   0.0000221521  -0.0000980226   0.0000284148   0.0001014490
        0.0001251041  -0.0002083647   0.0000892485   0.0000739053  -0.0001921153
       -0.0000353267  -0.0000321543   0.0000822387  -0.0002025193  -0.0010886643
        0.0003724410   0.1205382117  -0.0544598574   0.2570359693   0.0008395511
       -0.0010249646   0.0005750574  -0.0000490758  -0.0000305981  -0.0000192467
       -0.0000031620  -0.0000062335  -0.0000764983   0.0000758947   0.0000100716
        0.0001037824   0.0000585610   0.0000659552  -0.0000985583   0.0000296239
       -0.0000389599  -0.0000337080   0.0000064222   0.0000113283   0.0000022344
       -0.0000013275   0.0000042514  -0.0000026646  -0.0000045391   0.0000012353
       -0.0000012407  -0.0000171242   0.0000030605   0.0000012490
        0.0000432892   0.0002954244   0.0001929619  -0.0002966015   0.0001751654
       -0.0006455017  -0.0053174460  -0.0026097809  -0.0013170772  -0.0165064774
       -0.0120892596   0.0233450987  -0.1060216472  -0.0511735765   0.0977345582
        0.0060778878   0.0042916456  -0.0091371925  -0.0006066535  -0.0008469154
       -0.0028448268   0.0002269598   0.0002398363  -0.0005715049   0.0011517381
        0.0009622642  -0.0005306746  -0.0004086541   0.0004320315  -0.0000990905
        0.0000978951  -0.0001009960   0.0000307509  -0.0001209950   0.0000366224
       -0.0000257973   0.0000201811   0.0000117982   0.0000071109  -0.0000480086
        0.0000463740  -0.0000069426   0.0001076453   0.0000631770   0.0000342472
       -0.0002656783  -0.0000282936  -0.0001248122   0.0002119611   0.0000485499
        0.0000759756   0.0000695344  -0.0000349602   0.0001699361   0.0000234672
       -0.0000161485  -0.0000429514  -0.0000443718   0.0000053272   0.0000678914
        0.0000054697   0.0000279025  -0.0000537400  -0.0010303703  -0.0007780812
        0.0011697436   0.0005176832   0.0004468284   0.0008395511   0.1220508731
        0.0609328858  -0.1077930186   0.0000903428   0.0000265425   0.0000245260
       -0.0000425122   0.0000251190  -0.0001146610  -0.0000164190  -0.0000105488
       -0.0000660695   0.0000189194  -0.0001453791  -0.0003039267  -0.0000049422
       -0.0001029320   0.0000250776   0.0000045404  -0.0000371734   0.0000054812
        0.0000081104  -0.0000218704   0.0000043576   0.0000165073  -0.0000118397
        0.0000060012  -0.0000122283  -0.0000597389  -0.0000554816
        0.0003987424  -0.0012699010  -0.0005084814   0.0003505393   0.0001196809
       -0.0001165042  -0.0028556980   0.0066296834   0.0015469047  -0.0045775005
       -0.0028091585   0.0054071755  -0.0504116517  -0.0728701407   0.0813037916
       -0.0047806155  -0.0019080185   0.0059306200  -0.0004787687   0.0056338751
        0.0030290498  -0.0002388923  -0.0001992758   0.0003183381   0.0012144667
       -0.0020068317  -0.0018260804  -0.0000888222   0.0003998140  -0.0000900457
        0.0000582106  -0.0001223770  -0.0000512773  -0.0000901030   0.0000336623
       -0.0000063469   0.0000413788   0.0000155151  -0.0000051454  -0.0000404692
        0.0000310505   0.0000206490   0.0002265463   0.0000545761   0.0000216500
       -0.0001814605  -0.0000462679   0.0000075724   0.0001624673   0.0000098233
        0.0000247089  -0.0000155115  -0.0000796617   0.0000227634  -0.0000552363
       -0.0001048500   0.0002071885   0.0001372048   0.0001102808  -0.0002386175
       -0.0000442975  -0.0000139852  -0.0000248058  -0.0002687586  -0.0000465333
        0.0003366392   0.0008680043  -0.0021440432  -0.0010249646   0.0609328858
        0.0706244758  -0.0946723495   0.0000065563   0.0000196151  -0.0000461440
        0.0000391775  -0.0000055881   0.0001598284   0.0000105828  -0.0000152456
        0.0000537080  -0.0001311227   0.0000009030   0.0002289911  -0.0001057007
        0.0000083953   0.0000062534  -0.0000113261  -0.0000111923   0.0000033825
       -0.0000035124  -0.0000113181  -0.0000024731   0.0000025171  -0.0000017435
        0.0000069126  -0.0000698326  -0.0000252185  -0.0000228911
        0.0001566472  -0.0005138798  -0.0001147404  -0.0005875756  -0.0003126167
        0.0005007933  -0.0007473597   0.0020050202   0.0018903833   0.0006242521
        0.0001463711   0.0003579834   0.0980940478   0.0808262324  -0.1978538219
        0.0123886003   0.0117577280  -0.0238018097  -0.0036841030   0.0027031795
       -0.0029215681   0.0007302158   0.0004607848  -0.0011293303   0.0015147159
       -0.0005018960   0.0020411874   0.0001131971   0.0000460066  -0.0005301264
        0.0000733362  -0.0000418262   0.0001778480   0.0000149315  -0.0000760605
        0.0000281279  -0.0000071555  -0.0000605667   0.0000059213   0.0000268962
        0.0000554539   0.0000249611   0.0000807230  -0.0001713265   0.0001083392
       -0.0000611788   0.0002182263  -0.0001394649   0.0000159533  -0.0000534235
       -0.0000088774   0.0000973303  -0.0001070829   0.0001719633  -0.0000562445
       -0.0000323416   0.0000816641   0.0000261092   0.0000164926  -0.0001012607
        0.0000315233  -0.0000004465   0.0000316155   0.0000166443   0.0000639667
       -0.0000769592  -0.0003626305  -0.0012959248   0.0005750574  -0.1077930186
       -0.0946723495   0.2217781321   0.0000604572  -0.0000073653   0.0000816359
       -0.0001319335   0.0000413390  -0.0002630890  -0.0000610064   0.0000441692
       -0.0001518780  -0.0006798691  -0.0004443247  -0.0006536709   0.0000538696
       -0.0000554399  -0.0000948606   0.0000264520  -0.0000179596   0.0000055912
        0.0000034127  -0.0000041001  -0.0000087554   0.0000126735  -0.0000135992
        0.0000069248   0.0000100869  -0.0000024399  -0.0000179169
       -0.0002135309  -0.0000138290  -0.0002603641  -0.0009239333  -0.0003331510
       -0.0029235735  -0.0007760382  -0.0000244369  -0.0000548388   0.0001137831
       -0.0000458144   0.0001838424  -0.0003065132  -0.0001032970   0.0002222845
       -0.0006002900  -0.0003069698   0.0011816409  -0.0171985312  -0.0062885434
       -0.0055941229  -0.2321004319  -0.1020536586  -0.0001085192   0.0011378111
        0.0003511134   0.0022094058  -0.0000769794  -0.0002249351   0.0004928395
       -0.0002579621   0.0010642070   0.0007622836   0.0003331660  -0.0000754610
        0.0001029128  -0.0002961006  -0.0001177204  -0.0000681032  -0.0001851563
        0.0003085698  -0.0000763657  -0.0002069641  -0.0001801123   0.0002129157
        0.0000848603  -0.0001228212   0.0000291820  -0.0000474412   0.0000546421
       -0.0000810902   0.0000151331   0.0000932465  -0.0000287535  -0.0000439431
        0.0002439359  -0.0000598686   0.0000863241  -0.0001787705  -0.0001519878
        0.0000776895   0.0000044501  -0.0000953225  -0.0001823767   0.0001140065
       -0.0001910529  -0.0000038167  -0.0000049031  -0.0000490758   0.0000903428
        0.0000065563   0.0000604572   0.2703705194   0.1185879705   0.0002507208
       -0.0207025541  -0.0092526176   0.0037323289   0.0019304953  -0.0009288397
        0.0006430675   0.0000317475  -0.0002020278  -0.0001931757  -0.0001210570
       -0.0002256994  -0.0001168047  -0.0000183992  -0.0000483692  -0.0000114502
       -0.0000083449  -0.0000324668  -0.0000182675   0.0000008119  -0.0000296661
       -0.0000177486  -0.0000023201  -0.0000345880   0.0000166036
       -0.0000426030   0.0001121353  -0.0001140765   0.0000482946   0.0003703703
        0.0008409694   0.0001940200   0.0001344115   0.0002445770   0.0000608879
        0.0000153214  -0.0000300493  -0.0000020477  -0.0001000313  -0.0000074481
       -0.0002342188   0.0002347310   0.0002287851   0.0022749598   0.0017826363
       -0.0005491748  -0.1018708805  -0.0977112913  -0.0014536077   0.0009395430
       -0.0001998196   0.0005302789  -0.0005519594   0.0013589113  -0.0004497669
        0.0002774542  -0.0007097930  -0.0002101716   0.0000241835  -0.0002435343
        0.0000046125   0.0000870228  -0.0001297359   0.0000808991  -0.0000281029
        0.0002164709  -0.0000294717   0.0004002164   0.0000506900   0.0001863743
       -0.0002832332   0.0004753826  -0.0000448936   0.0000411148  -0.0001801575
       -0.0000133149   0.0002649679  -0.0002765234  -0.0001405328   0.0002215909
        0.0000768525  -0.0000429332  -0.0000383915  -0.0000227065  -0.0000248422
       -0.0000184659   0.0000940905  -0.0000027023   0.0000323067  -0.0000400634
        0.0000172207  -0.0000081498   0.0000066375  -0.0000305981   0.0000265425
        0.0000196151  -0.0000073653   0.1185879705   0.1102130511  -0.0005062846
        0.0094830046   0.0055909112  -0.0005005280  -0.0293607047  -0.0207413752
        0.0016664975  -0.0000438324  -0.0001667479   0.0002577887  -0.0002783070
       -0.0001901523   0.0000181148  -0.0000681004   0.0000143484   0.0000178228
       -0.0000502621  -0.0000136716  -0.0000117498  -0.0000343090  -0.0000127082
        0.0000003747  -0.0000505121  -0.0000282555   0.0000751963
        0.0006668034   0.0001744906  -0.0000872607  -0.0026038367   0.0010974396
       -0.0048880270  -0.0012827152   0.0001887337   0.0001063069   0.0000789589
       -0.0000219577   0.0001204099  -0.0001401704   0.0000114101   0.0004778434
       -0.0011192225  -0.0008621337   0.0004377292  -0.0242784810  -0.0123486728
       -0.0013543107   0.0000404829  -0.0006633267  -0.0431711378  -0.0007364714
        0.0020402504  -0.0010932286   0.0031474578  -0.0017150297  -0.0015204643
        0.0001858867  -0.0003548700  -0.0004434754   0.0003695994  -0.0001117696
        0.0000845134  -0.0002000048  -0.0001178230  -0.0000267664  -0.0000397126
        0.0000801522   0.0000482189  -0.0000049304  -0.0002583854   0.0000488425
        0.0005679927   0.0005960478   0.0000347442  -0.0004996796  -0.0002703011
       -0.0001511488  -0.0000663295  -0.0000958597   0.0000686213   0.0001218933
       -0.0001883602  -0.0000089243  -0.0000668196   0.0001888601   0.0000533211
        0.0000563788   0.0000104138   0.0001050545  -0.0002656570   0.0000080577
       -0.0003418548   0.0000568380  -0.0000657049  -0.0000192467   0.0000245260
       -0.0000461440   0.0000816359   0.0002507208  -0.0005062846   0.0523987527
        0.0215285052   0.0102219361  -0.0013359416   0.0046117212   0.0028029905
        0.0008630703   0.0000171340   0.0000667574  -0.0003948178  -0.0001678803
       -0.0000390626  -0.0000299296  -0.0000576984   0.0001054071  -0.0000297681
       -0.0000597964   0.0000401987  -0.0000247529  -0.0000926995   0.0000292711
       -0.0000153953  -0.0000427937   0.0000032691   0.0000073866
       -0.0006469404  -0.0013562821  -0.0018949797  -0.0004783896  -0.0006549247
       -0.0008024972  -0.0000766066   0.0004249633   0.0003538580   0.0000646632
        0.0000428210  -0.0001321857   0.0000378293   0.0006042378  -0.0001061565
       -0.0010857230   0.0004725742  -0.0018400114   0.0085500645  -0.0052272321
       -0.0069213432  -0.1219862139   0.0500175139   0.1000650264  -0.0002738675
        0.0000260513   0.0004661847   0.0000715448  -0.0000833628   0.0002046570
       -0.0001302593   0.0000720313   0.0002401823   0.0001777228  -0.0001103999
        0.0000936582  -0.0000573663  -0.0001088970   0.0000010605  -0.0000287424
        0.0001236862  -0.0000123840   0.0001634880  -0.0001023237   0.0000958129
        0.0001119908   0.0002764621   0.0000064128  -0.0000963212  -0.0001125823
       -0.0000406474   0.0000307806  -0.0000439364  -0.0000234395  -0.0002273755
       -0.0001799003   0.0000300268  -0.0013093766   0.0003745729   0.0003915002
       -0.0001025281   0.0002548031  -0.0000046392   0.0000301015   0.0000117556
       -0.0000210561   0.0000265950  -0.0001134379  -0.0000031620  -0.0000425122
        0.0000391775  -0.0001319335  -0.0207025541   0.0094830046   0.0215285052
        0.1420578193  -0.0587611310  -0.1166881553  -0.0038457086   0.0046582516
        0.0052303597   0.0000087668   0.0000357804  -0.0000391582  -0.0001734924
       -0.0000399565  -0.0000527308  -0.0000107174  -0.0000091971  -0.0000046528
       -0.0000154526  -0.0000028770  -0.0000065521  -0.0000124758   0.0000027211
       -0.0000008672  -0.0000287431  -0.0000139674   0.0000193071
       -0.0001688830  -0.0000319160   0.0003441230  -0.0002024131   0.0007771005
       -0.0006902064   0.0000735160  -0.0001463969   0.0001965766  -0.0000136288
        0.0000118324  -0.0000240689  -0.0000101060  -0.0001865954   0.0003822097
        0.0002917060  -0.0001335181   0.0005727076  -0.0012670120   0.0017473901
        0.0038072112   0.0492136755  -0.0731701200  -0.0659620467   0.0000807409
       -0.0001221005   0.0004741699  -0.0001331913   0.0001333253  -0.0001047879
       -0.0000764914  -0.0001927771  -0.0001852130  -0.0000593437   0.0000639301
       -0.0000176217   0.0000306649   0.0000070952   0.0000304551   0.0000069359
        0.0000179342   0.0000086883   0.0001004261   0.0000807797   0.0000513262
       -0.0001042383  -0.0000775821  -0.0000117184   0.0001294310   0.0000424043
        0.0000126851   0.0000300675   0.0000378799  -0.0000227535  -0.0003187106
       -0.0010694285  -0.0003817613  -0.0007121031   0.0004954609   0.0000549419
        0.0001472676  -0.0000573568   0.0001528973  -0.0000304946  -0.0000130156
       -0.0000063372  -0.0000346239   0.0000088118  -0.0000062335   0.0000251190
       -0.0000055881   0.0000413390  -0.0092526176   0.0055909112   0.0102219361
       -0.0587611310   0.0832888872   0.0745410154   0.0208898889  -0.0171025754
       -0.0234469166  -0.0000189632  -0.0000106320  -0.0000312972   0.0001535783
        0.0000076931   0.0000113563  -0.0000159505   0.0000278425  -0.0000223589
        0.0000166034  -0.0000039974  -0.0000032015   0.0000105782   0.0000034057
       -0.0000031742  -0.0000202972  -0.0000190841   0.0000160585
        0.0003440231  -0.0000948211   0.0007084891   0.0013683650   0.0005872310
       -0.0005696956   0.0003140108   0.0006898431   0.0004705723   0.0004000837
        0.0000500151   0.0000296201  -0.0002478148   0.0014655204  -0.0005682013
       -0.0023921269  -0.0010488454  -0.0032896841   0.0121255693  -0.0079646047
       -0.0287827352   0.1024554919  -0.0662928194  -0.1686824478  -0.0000045669
       -0.0003245641   0.0003025855  -0.0002075553   0.0000806725  -0.0002617091
        0.0000614994  -0.0001428377   0.0000008301  -0.0000565487   0.0000611399
       -0.0000249816   0.0000318211   0.0000664222  -0.0000014818  -0.0000062912
       -0.0000684020   0.0000153273   0.0000570958   0.0001523054   0.0000318268
       -0.0000906334  -0.0003241600  -0.0000062914   0.0001185258   0.0000907141
       -0.0000004055  -0.0000538048   0.0001477062   0.0000012330  -0.0001515089
       -0.0005155386   0.0001116952  -0.0007844493   0.0000589525   0.0004380281
        0.0002010015   0.0000274352   0.0001613819   0.0000262254  -0.0000381513
        0.0000851073   0.0000208728  -0.0001932411  -0.0000764983  -0.0001146610
        0.0001598284  -0.0002630890   0.0037323289  -0.0005005280  -0.0013359416
       -0.1166881553   0.0745410154   0.1987701567  -0.0003834176  -0.0006563193
        0.0027417864  -0.0000843539  -0.0001343508   0.0000146820  -0.0000105971
        0.0001316515  -0.0000360135  -0.0000139332   0.0000015297   0.0000072686
        0.0000083278  -0.0000080802   0.0000024058   0.0000075543   0.0000049152
        0.0000008874   0.0000176216  -0.0000096343   0.0000052920
       -0.0002100981   0.0008309443  -0.0005474595  -0.0001852207  -0.0000307066
       -0.0008812817   0.0002120026  -0.0006882607  -0.0005340125  -0.0002672977
       -0.0000761141   0.0000807176   0.0004035276  -0.0007449611  -0.0001632557
       -0.0016776776   0.0003129458  -0.0005500765  -0.0027406697   0.0135945038
       -0.0049922194  -0.0459405614   0.0364708926  -0.0063869252   0.0006775126
        0.0005422566   0.0007229947   0.0000771754  -0.0003913258  -0.0004227705
        0.0000871384  -0.0000318949   0.0002058376  -0.0004451740   0.0001581788
       -0.0000640354   0.0000479601   0.0001855677  -0.0000464408   0.0000483574
       -0.0002719199   0.0000606524  -0.0000831153   0.0002766047  -0.0000816565
       -0.0000981773  -0.0004548732   0.0000076439   0.0002197980   0.0001594656
        0.0000202063  -0.0000981748   0.0002338342  -0.0000376314  -0.0006872030
       -0.0007738969   0.0001078765   0.0002207049   0.0001205606   0.0002914083
        0.0001640426  -0.0001043402   0.0000754760  -0.0000330849   0.0000305880
        0.0000122428  -0.0000724069   0.0001659071   0.0000758947  -0.0000164190
        0.0000105828  -0.0000610064   0.0019304953  -0.0293607047   0.0046117212
       -0.0038457086   0.0208898889  -0.0003834176   0.0520490231  -0.0411587657
        0.0084851534  -0.0000454038  -0.0000110446   0.0000518047   0.0002053895
        0.0000344179   0.0003698957   0.0000279457   0.0000742995  -0.0000323950
        0.0000443235   0.0000061620   0.0000010467   0.0000320649   0.0000292730
        0.0000008463  -0.0000010688  -0.0000280655   0.0000031652
       -0.0004920593   0.0004667841  -0.0006601155  -0.0012532583  -0.0002489570
        0.0005455417  -0.0002593316   0.0000340573   0.0001737406  -0.0000242377
        0.0000623151  -0.0001531203  -0.0000194961   0.0004499239   0.0001531974
        0.0014508383  -0.0002042473  -0.0001157470   0.0037616244  -0.0047324246
        0.0079331075   0.0336904003  -0.2646112568   0.0372614936  -0.0003578807
       -0.0000779541  -0.0002970673   0.0002175568  -0.0004688908   0.0002933800
       -0.0001910174   0.0000019915  -0.0004119967   0.0001084347   0.0001664240
        0.0000286335  -0.0000185544   0.0000080482   0.0000057229   0.0000218994
       -0.0000045011  -0.0000065889  -0.0002497471  -0.0002022749   0.0000216828
        0.0002316825   0.0002006505   0.0000300813  -0.0001646676  -0.0000193245
       -0.0000319328  -0.0000272020  -0.0000781933   0.0000662728   0.0004857565
        0.0003333734   0.0000465261   0.0001305636  -0.0004448601  -0.0001020201
       -0.0001514661   0.0000394928  -0.0001167368   0.0000297929   0.0000108451
       -0.0000251469   0.0000394558  -0.0000706570   0.0000100716  -0.0000105488
       -0.0000152456   0.0000441692  -0.0009288397  -0.0207413752   0.0028029905
        0.0046582516  -0.0171025754  -0.0006563193  -0.0411587657   0.3068558190
       -0.0463601676   0.0001413808   0.0001659042  -0.0002050269   0.0002228014
        0.0002759606  -0.0002206757   0.0000649633  -0.0000582791  -0.0000161263
        0.0000132961  -0.0000000307  -0.0000012818   0.0000115988  -0.0000210972
       -0.0000072780   0.0000267753   0.0000305548  -0.0000292635
        0.0000104302   0.0004014029   0.0005598398   0.0005720086   0.0008330648
       -0.0006776883   0.0004049881  -0.0010927539  -0.0004326710   0.0001616862
        0.0000678258  -0.0000591003   0.0002358296  -0.0012031305  -0.0011904755
       -0.0024584285   0.0001906504  -0.0017994834  -0.0071212186   0.0270291507
       -0.0110136555  -0.0062458085   0.0415554012  -0.0444133088   0.0005195269
        0.0002537758   0.0004440565  -0.0005249245   0.0007071480  -0.0003127140
        0.0003135702   0.0000109931   0.0002670895   0.0002466935  -0.0001928952
        0.0000815491  -0.0001907781  -0.0002028779  -0.0000532173  -0.0001477303
        0.0002425990  -0.0000535788   0.0002947138  -0.0001713419   0.0000632910
        0.0000104899   0.0000989810  -0.0000109766  -0.0000675299  -0.0000798610
       -0.0000201744   0.0000213138  -0.0000132613  -0.0000084695  -0.0000679695
       -0.0000230123   0.0001893626  -0.0002768221  -0.0002598570   0.0000120154
        0.0000360115   0.0000483805  -0.0000416819   0.0000008478   0.0000087655
        0.0000157928  -0.0000627157   0.0002739600   0.0001037824  -0.0000660695
        0.0000537080  -0.0001518780   0.0006430675   0.0016664975   0.0008630703
        0.0052303597  -0.0234469166   0.0027417864   0.0084851534  -0.0463601676
        0.0559670797  -0.0000431656  -0.0000978029   0.0001233840   0.0001822694
       -0.0002196225  -0.0012278399   0.0000179826  -0.0000606279   0.0000403063
       -0.0000735203  -0.0000008587  -0.0000210185  -0.0000361443  -0.0000083660
        0.0000020319  -0.0000041174  -0.0000089509   0.0000134938
       -0.0002555316  -0.0000175546  -0.0000799628  -0.0011952463   0.0004414701
        0.0009876624   0.0001333999  -0.0000426417   0.0001254726  -0.0002117047
        0.0004947391   0.0000416570  -0.0001553856  -0.0003467984   0.0010461276
       -0.0133155445  -0.0236899955   0.0094185010  -0.0029804279  -0.0016324960
       -0.0012972203   0.0001623596  -0.0000709276  -0.0003360107  -0.0644319481
       -0.0806566951   0.0256316232   0.0094630419   0.0183813897  -0.0058530955
       -0.0036820595   0.0048857087  -0.0018187808   0.0015433242   0.0007391020
        0.0004310481  -0.0008329267  -0.0009320628  -0.0000602961  -0.0004301863
        0.0010515850  -0.0002066445  -0.0005491784  -0.0020725794   0.0004007604
       -0.0037183306   0.0066828105  -0.0022788737   0.0010426497  -0.0010667744
        0.0005269678  -0.0031133092  -0.0051248233   0.0007309634   0.0000047150
        0.0000752468  -0.0000549734   0.0000206084  -0.0000198032  -0.0000334453
       -0.0000168413  -0.0000239813   0.0000501739   0.0001324647  -0.0000989895
       -0.0000759900   0.0000606854   0.0000373591   0.0000585610   0.0000189194
       -0.0001311227  -0.0006798691   0.0000317475  -0.0000438324   0.0000171340
        0.0000087668  -0.0000189632  -0.0000843539  -0.0000454038   0.0001413808
       -0.0000431656   0.0820253878   0.0842563519  -0.0269489155  -0.0000650106
       -0.0000418876   0.0000242917  -0.0002237225   0.0003220980  -0.0000323104
       -0.0000076097  -0.0000098397  -0.0000136486  -0.0000278921   0.0000922002
        0.0000096573   0.0006101891  -0.0015596734   0.0003969550
        0.0000315137  -0.0000291817  -0.0000678248   0.0000351466   0.0002246981
        0.0003753986   0.0001459496   0.0001761575  -0.0003814486  -0.0006348771
        0.0002055969   0.0003817245   0.0018123580   0.0000951110   0.0005995285
       -0.0076195827  -0.0052381064   0.0013841058   0.0006184971   0.0001290278
       -0.0005295578   0.0002948044   0.0000565316  -0.0002179173  -0.0833461227
       -0.3204360714   0.1111828961   0.0071135947  -0.0297904801   0.0085310120
        0.0022425521   0.0016170396   0.0014369034   0.0014192829  -0.0017840357
        0.0004879520  -0.0011402866  -0.0005115004  -0.0001335405  -0.0000730025
        0.0002775381  -0.0002699883  -0.0032294572  -0.0023293019  -0.0004744012
        0.0000609175   0.0066893927  -0.0009330636   0.0001064186  -0.0014667001
        0.0003756748  -0.0012304234  -0.0039496142  -0.0000679134   0.0000048732
        0.0000719677  -0.0000382517   0.0000367924  -0.0000127969  -0.0000635083
        0.0000447109   0.0000242310  -0.0000012761   0.0001199911  -0.0000527645
       -0.0000639860   0.0001537699   0.0000482773   0.0000659552  -0.0001453791
        0.0000009030  -0.0004443247  -0.0002020278  -0.0001667479   0.0000667574
        0.0000357804  -0.0000106320  -0.0001343508  -0.0000110446   0.0001659042
       -0.0000978029   0.0842563519   0.3568438135  -0.1212418117   0.0002695797
        0.0005582915   0.0001249195   0.0002571785  -0.0000511582  -0.0000654734
       -0.0000818377   0.0001511387   0.0000146600  -0.0002011507   0.0001698945
       -0.0000740939  -0.0011448709  -0.0016764230   0.0002730473
        0.0000852222   0.0000633946   0.0000032855   0.0007793186   0.0005406602
       -0.0000713250  -0.0005000279  -0.0001968521  -0.0000856217   0.0006122448
        0.0003699752  -0.0001292891  -0.0026040231   0.0000081710  -0.0000773182
        0.0086994898  -0.0000510372  -0.0013153754   0.0001173586  -0.0000490655
        0.0004842756   0.0004127967  -0.0001954683   0.0000592173   0.0169387638
        0.1179501792  -0.0463478457   0.0047205355   0.0023158185  -0.0029996169
       -0.0008936961   0.0018104533   0.0027724665   0.0008699097  -0.0002152248
        0.0015461462  -0.0007505668  -0.0006291139   0.0000398882  -0.0002156872
        0.0010570355   0.0001458638   0.0000831247  -0.0017380967  -0.0008734216
       -0.0008603356   0.0026398604  -0.0006945857  -0.0002815430  -0.0004080379
        0.0000710346   0.0004194939  -0.0022316241  -0.0008403048   0.0000020826
       -0.0000226525   0.0000256415   0.0000075633   0.0000086762   0.0000077096
       -0.0000402109  -0.0000096669  -0.0000360585  -0.0000444133  -0.0000047997
       -0.0000635119  -0.0000770888  -0.0000028978  -0.0000985583  -0.0003039267
        0.0002289911  -0.0006536709  -0.0001931757   0.0002577887  -0.0003948178
       -0.0000391582  -0.0000312972   0.0000146820   0.0000518047  -0.0002050269
        0.0001233840  -0.0269489155  -0.1212418117   0.0495335968  -0.0001868100
       -0.0001021662  -0.0000643379   0.0000419310  -0.0000601237  -0.0004800211
       -0.0000102389  -0.0000379870  -0.0001646411   0.0000228546  -0.0000304873
       -0.0000231963   0.0000853230   0.0002124335   0.0005863264
       -0.0000656151  -0.0000621807   0.0000392826  -0.0001933955   0.0000546617
        0.0001977472  -0.0001704181  -0.0000053178  -0.0001930843  -0.0001807180
        0.0000371809  -0.0000699240   0.0001340746   0.0001376194  -0.0000695324
        0.0005807452   0.0015669878  -0.0005035369  -0.0009283329   0.0008444743
        0.0009913909  -0.0003820628   0.0004842235   0.0008115456  -0.0003610051
        0.0011772653   0.0005230713  -0.0092347097  -0.0063458798  -0.0011432571
       -0.2705977900  -0.0782564819  -0.0407821992  -0.0246262689  -0.0050216161
       -0.0040862699  -0.0016524219   0.0036892460  -0.0024561220   0.0007940117
        0.0001455737   0.0001507317   0.0005586680  -0.0017472216  -0.0010012927
       -0.0002368776   0.0006639433  -0.0000793833  -0.0003321696  -0.0003912884
       -0.0000185465   0.0000452143  -0.0001629367   0.0000548644   0.0000059533
       -0.0000437730   0.0000730707   0.0000236346  -0.0000170129  -0.0000322311
       -0.0000062321  -0.0000094634  -0.0000162287   0.0000177386  -0.0000371088
        0.0000157706  -0.0000017576  -0.0000175758   0.0000296239  -0.0000049422
       -0.0001057007   0.0000538696  -0.0001210570  -0.0002783070  -0.0001678803
       -0.0001734924   0.0001535783  -0.0000105971   0.0002053895   0.0002228014
        0.0001822694  -0.0000650106   0.0002695797  -0.0001868100   0.3074825031
        0.0837834776   0.0468390886   0.0006804064  -0.0005069294   0.0007783788
       -0.0012100340  -0.0003101029  -0.0002252029   0.0000199941   0.0000593378
        0.0003211727  -0.0000040222   0.0000289462  -0.0000197797
       -0.0001309052  -0.0000226104   0.0000575807   0.0004188145   0.0001685456
       -0.0001306665   0.0000428599   0.0000601168  -0.0000484038  -0.0000435890
       -0.0000466861   0.0000378024   0.0003718674  -0.0000831085   0.0006005381
        0.0002853354  -0.0014572620   0.0004098880   0.0015528817  -0.0004387237
       -0.0009853343   0.0000440599   0.0000387287  -0.0002807097  -0.0004134565
        0.0010537447  -0.0002285238  -0.0286996086  -0.0108748856  -0.0043581963
       -0.0778823820  -0.0689111531  -0.0117240471   0.0180397321   0.0051116212
        0.0029522127   0.0029343301  -0.0016141671   0.0016281777   0.0005549041
       -0.0004799015   0.0001430103  -0.0007216666  -0.0054519255   0.0013896057
       -0.0009728553   0.0005981655  -0.0001851011  -0.0006609392  -0.0008276421
       -0.0000531293   0.0000899336  -0.0001057419   0.0000278904  -0.0000150690
        0.0000196083   0.0000304986  -0.0000105445  -0.0000348590   0.0000055695
       -0.0000470900  -0.0000233921   0.0000298746  -0.0000798361  -0.0000169879
       -0.0000258331  -0.0000796036  -0.0000229182  -0.0000389599  -0.0001029320
        0.0000083953  -0.0000554399  -0.0002256994  -0.0001901523  -0.0000390626
       -0.0000399565   0.0000076931   0.0001316515   0.0000344179   0.0002759606
       -0.0002196225  -0.0000418876   0.0005582915  -0.0001021662   0.0837834776
        0.0818564163   0.0112237769   0.0010702325   0.0007781739  -0.0001807051
        0.0009359908   0.0001521883   0.0001496844   0.0000605554  -0.0000658216
       -0.0001498425  -0.0000513717  -0.0000197110  -0.0000120178
        0.0000023766   0.0000005862  -0.0000149823   0.0001540799   0.0000342655
        0.0001369064  -0.0000685997  -0.0000097813  -0.0000016613  -0.0001128747
        0.0000390667  -0.0000753769  -0.0001575313   0.0001158562  -0.0002265666
        0.0002147885  -0.0004904614  -0.0000192422   0.0005095729  -0.0004742807
        0.0007429235   0.0002999415  -0.0002363775  -0.0007205521   0.0007795292
       -0.0005989404  -0.0011811884   0.0013956152   0.0014734890   0.0012827866
       -0.0411075519  -0.0117515164  -0.0384839552  -0.0068953687  -0.0017761544
       -0.0011627014  -0.0021795818   0.0020574895   0.0077935219   0.0002021985
       -0.0000599249  -0.0000491184  -0.0007557665   0.0012217126   0.0058326061
        0.0001815970   0.0000817903  -0.0005161725  -0.0000513927   0.0000046978
        0.0001182241   0.0000083675  -0.0000529903  -0.0000274229   0.0000718049
        0.0000681214  -0.0000783661   0.0000067556   0.0000006303  -0.0000252015
       -0.0000326119   0.0000170508  -0.0000124194  -0.0000065091  -0.0000084709
       -0.0000417138   0.0000029836   0.0000027532  -0.0000337080   0.0000250776
        0.0000062534  -0.0000948606  -0.0001168047   0.0000181148  -0.0000299296
       -0.0000527308   0.0000113563  -0.0000360135   0.0003698957  -0.0002206757
       -0.0012278399   0.0000242917   0.0001249195  -0.0000643379   0.0468390886
        0.0112237769   0.0324054156   0.0005884582  -0.0005665482  -0.0028971731
       -0.0004170934  -0.0000387256   0.0002310415   0.0002819830  -0.0002329872
       -0.0015708009  -0.0000039886   0.0000159046   0.0000478787
       -0.0000246953  -0.0000067600   0.0000132130   0.0000188501   0.0000157711
       -0.0000137228  -0.0000159695  -0.0000018968  -0.0000217133  -0.0000190283
       -0.0000091975   0.0000085455  -0.0000077220  -0.0000072314   0.0000051602
        0.0001643112   0.0000193432  -0.0000532674   0.0000403181   0.0000270542
       -0.0000224820  -0.0000276695   0.0000333464   0.0000490737   0.0001464576
        0.0011334009  -0.0001233513  -0.0021152630   0.0025460961  -0.0024328833
        0.0037174294   0.0202707752  -0.0017691013  -0.0567425387  -0.0578177321
        0.0027293878  -0.0074811518  -0.0274002681   0.0015252830  -0.0052131359
       -0.0022667385  -0.0019700054  -0.0004387896   0.0004195627  -0.0001064429
       -0.0000537609   0.0002290996   0.0003184121   0.0000267048  -0.0001372911
       -0.0000462075  -0.0000020369  -0.0000677142   0.0000073974  -0.0000088854
        0.0000052674   0.0000207685   0.0000063787  -0.0000152298  -0.0000089428
        0.0000034993  -0.0000027161   0.0000005815  -0.0000004545  -0.0000016141
        0.0000031168   0.0000016893  -0.0000044231   0.0000064222   0.0000045404
       -0.0000113261   0.0000264520  -0.0000183992  -0.0000681004  -0.0000576984
       -0.0000107174  -0.0000159505  -0.0000139332   0.0000279457   0.0000649633
        0.0000179826  -0.0002237225   0.0002571785   0.0000419310   0.0006804064
        0.0010702325   0.0005884582   0.0675657347   0.0637829727   0.0004995894
        0.0005292203  -0.0006550077   0.0005458638  -0.0005572365  -0.0013962242
        0.0002547084   0.0000276910   0.0000103580  -0.0000225957
        0.0000205972   0.0000343409  -0.0000169571  -0.0000531322  -0.0000071577
        0.0000106054   0.0000192916   0.0000080337   0.0000094284   0.0000099176
        0.0000115169  -0.0000252190   0.0001035927   0.0000252547   0.0000000540
       -0.0004516295  -0.0001128474   0.0000191658   0.0000390533  -0.0000220691
        0.0000548902   0.0000092666   0.0000512316  -0.0000428455   0.0001024514
       -0.0016544307   0.0003180048   0.0028943846  -0.0009166282   0.0017203062
       -0.0028923207  -0.0234657478   0.0022238299  -0.0576064717  -0.2869292072
        0.0187435585  -0.0039835114  -0.0112258872   0.0008454101  -0.0027372466
        0.0003925821   0.0001753815   0.0003626805   0.0004420641  -0.0000296965
        0.0003345294   0.0009655279  -0.0002911392  -0.0002977063  -0.0003224761
        0.0000175716   0.0001019861  -0.0003297174   0.0000831815   0.0000192529
        0.0000034541  -0.0000180744  -0.0000114621  -0.0000067774  -0.0000006728
        0.0000024229   0.0000028305   0.0000060963   0.0000096367  -0.0000011669
       -0.0000020016   0.0000017187  -0.0000031875   0.0000113283  -0.0000371734
       -0.0000111923  -0.0000179596  -0.0000483692   0.0000143484   0.0001054071
       -0.0000091971   0.0000278425   0.0000015297   0.0000742995  -0.0000582791
       -0.0000606279   0.0003220980  -0.0000511582  -0.0000601237  -0.0005069294
        0.0007781739  -0.0005665482   0.0637829727   0.3222155147  -0.0230699618
        0.0006542071   0.0007927621  -0.0001973031  -0.0001890024  -0.0006625345
        0.0000498341  -0.0000402077   0.0000149866   0.0000035470
       -0.0000072658  -0.0000028236  -0.0000096801  -0.0000429897  -0.0000201949
        0.0000096605   0.0000014303  -0.0000090530   0.0000201661   0.0000191176
       -0.0000069721  -0.0000250312  -0.0000034574   0.0000189797  -0.0000281826
        0.0000460044   0.0000707940   0.0001782570   0.0000599053  -0.0000470707
       -0.0000005259   0.0000201454   0.0000180897   0.0000189027   0.0003258993
        0.0001359662  -0.0002611689  -0.0027804567   0.0020617883   0.0086947081
        0.0013140797   0.0062781060   0.0005437808   0.0017349303   0.0187239302
       -0.0373586897  -0.0004083467  -0.0030443529   0.0020734455  -0.0019130481
       -0.0000027296   0.0065985096   0.0000019328   0.0004024922  -0.0003283890
        0.0000968842  -0.0007444543  -0.0017908330   0.0001067134   0.0000971354
        0.0003709532  -0.0001294984   0.0001823440  -0.0000395665   0.0000028807
        0.0000008246   0.0000087387   0.0000067624  -0.0000047647  -0.0000045161
        0.0000001937   0.0000006543   0.0000005189   0.0000012877   0.0000047359
        0.0000033683   0.0000036025   0.0000010851   0.0000022344   0.0000054812
        0.0000033825   0.0000055912  -0.0000114502   0.0000178228  -0.0000297681
       -0.0000046528  -0.0000223589   0.0000072686  -0.0000323950  -0.0000161263
        0.0000403063  -0.0000323104  -0.0000654734  -0.0004800211   0.0007783788
       -0.0001807051  -0.0028971731   0.0004995894  -0.0230699618   0.0267893284
        0.0004035495  -0.0005077662  -0.0019031644  -0.0000407721  -0.0002808926
       -0.0003596709  -0.0000221254   0.0000075690   0.0001506420
       -0.0000497583  -0.0000049615   0.0000348546   0.0000806964   0.0000051805
       -0.0000146300  -0.0000013409   0.0000084487  -0.0000068052   0.0000099394
        0.0000038929   0.0000224831  -0.0000407727  -0.0000064112   0.0000454310
        0.0002666958   0.0001164365   0.0000733307  -0.0000168875  -0.0000052382
       -0.0000395393  -0.0000659600   0.0000645224   0.0000802005  -0.0003843343
        0.0001933817   0.0001504729   0.0005222619  -0.0011146600   0.0001739015
       -0.0050249463  -0.0022431309  -0.0019160494  -0.0227152345   0.0187619544
       -0.0064868126  -0.1774543204   0.1237472734  -0.0428154378   0.0035615793
       -0.0025517696   0.0011126730   0.0008775580  -0.0012640940  -0.0010868862
       -0.0000745256  -0.0007247279  -0.0000420157   0.0002027837   0.0001804479
        0.0000174798  -0.0001225458   0.0002126001  -0.0000040876   0.0000116885
        0.0000020893  -0.0000122304   0.0000086231   0.0000009807  -0.0000030112
        0.0000024526  -0.0000022004  -0.0000074461  -0.0000002811  -0.0000039552
        0.0000011980  -0.0000005107  -0.0000045587  -0.0000013275   0.0000081104
       -0.0000035124   0.0000034127  -0.0000083449  -0.0000502621  -0.0000597964
       -0.0000154526   0.0000166034   0.0000083278   0.0000443235   0.0000132961
       -0.0000735203  -0.0000076097  -0.0000818377  -0.0000102389  -0.0012100340
        0.0009359908  -0.0004170934   0.0005292203   0.0006542071   0.0004035495
        0.2002408371  -0.1361590928   0.0500944927   0.0008027510  -0.0006354363
        0.0007436623   0.0000233381  -0.0000614572   0.0000314580
        0.0000163740   0.0000143077  -0.0000092544  -0.0000264838   0.0000054529
        0.0000046235   0.0000093081   0.0000051011  -0.0000070673  -0.0000075755
        0.0000011630  -0.0000087014   0.0000679744   0.0000122599  -0.0000005360
       -0.0002085140  -0.0000898353  -0.0000494380   0.0000395618   0.0000157694
        0.0000258378   0.0000199709   0.0000334342  -0.0000152967   0.0003248143
       -0.0001220344  -0.0000489090  -0.0009978270   0.0002415841  -0.0001767889
       -0.0018747927   0.0004720629   0.0004459177  -0.0046815527   0.0048405514
       -0.0014944426   0.1234448219  -0.1569346434   0.0391130178   0.0210068628
       -0.0230745424   0.0067645262  -0.0020808632  -0.0054250531   0.0015018911
        0.0016741904   0.0005432648   0.0002829215  -0.0003592387  -0.0001693598
       -0.0000408172   0.0000421860  -0.0010270039   0.0001552539   0.0000016474
       -0.0000008405   0.0000002322  -0.0000058268  -0.0000043098  -0.0000008280
        0.0000010391  -0.0000003501   0.0000037123   0.0000006316  -0.0000011703
        0.0000001046  -0.0000002119  -0.0000009672   0.0000042514  -0.0000218704
       -0.0000113181  -0.0000041001  -0.0000324668  -0.0000136716   0.0000401987
       -0.0000028770  -0.0000039974  -0.0000080802   0.0000061620  -0.0000000307
       -0.0000008587  -0.0000098397   0.0001511387  -0.0000379870  -0.0003101029
        0.0001521883  -0.0000387256  -0.0006550077   0.0007927621  -0.0005077662
       -0.1361590928   0.1790357182  -0.0455429863   0.0007430185   0.0006674351
       -0.0003766093   0.0000355804  -0.0001050658   0.0000267039
       -0.0000048307   0.0000026789   0.0000057306   0.0000505662   0.0000309327
        0.0000144601   0.0000025615   0.0000121437  -0.0000416840  -0.0000581801
        0.0000060057   0.0000184040  -0.0000335226  -0.0000348410   0.0000350414
        0.0000037518  -0.0001384056  -0.0002715376  -0.0000072434   0.0000592652
        0.0000642868  -0.0000103942   0.0000216859   0.0000020326   0.0002418320
       -0.0001910364  -0.0007335369   0.0001021522  -0.0001589698   0.0003848749
       -0.0019403371   0.0004200916   0.0057961672  -0.0033161175   0.0027072595
       -0.0011101873  -0.0428482334   0.0389580494  -0.0444198615  -0.0021342211
        0.0028792483  -0.0015122967  -0.0006878652   0.0016691093   0.0076332329
       -0.0004586465  -0.0002139987   0.0007521627   0.0001365383   0.0000670583
        0.0000328474  -0.0000008075   0.0001397212  -0.0003679855   0.0000026641
        0.0000035237  -0.0000016949   0.0000035134  -0.0000024384  -0.0000023460
        0.0000016482   0.0000001046  -0.0000026321   0.0000008396  -0.0000050916
       -0.0000034480  -0.0000064501   0.0000052132  -0.0000026646   0.0000043576
       -0.0000024731  -0.0000087554  -0.0000182675  -0.0000117498  -0.0000247529
       -0.0000065521  -0.0000032015   0.0000024058   0.0000010467  -0.0000012818
       -0.0000210185  -0.0000136486   0.0000146600  -0.0001646411  -0.0002252029
        0.0001496844   0.0002310415   0.0005458638  -0.0001973031  -0.0019031644
        0.0500944927  -0.0455429863   0.0384380807   0.0005505493  -0.0006231292
       -0.0027309961   0.0000281431  -0.0000195294  -0.0000875651
       -0.0000414424  -0.0000091167   0.0000269702   0.0000661047  -0.0000042974
       -0.0000093998  -0.0000061953   0.0000039933  -0.0000050252  -0.0000062478
       -0.0000076608  -0.0000069527  -0.0001624170  -0.0000298879   0.0000335699
        0.0001059259   0.0002669885  -0.0001181859  -0.0000229213  -0.0000074661
       -0.0000389694  -0.0000509290   0.0000150132   0.0000613395  -0.0015809291
       -0.0003835648  -0.0000492532  -0.0013874593   0.0033565453  -0.0017681212
        0.0007414187   0.0001776014   0.0001381484   0.0008008239  -0.0020862166
       -0.0010773712  -0.0081030361  -0.0040101321  -0.0010600329  -0.2692814986
       -0.0791590193  -0.0282639951  -0.0252393079  -0.0037290851  -0.0040730007
       -0.0021413155  -0.0013960817   0.0001605253   0.0020325431  -0.0008029251
        0.0005355985  -0.0000800381  -0.0001322121   0.0000101076   0.0000065674
        0.0000029928  -0.0000076074   0.0000082124   0.0000012532  -0.0000020388
        0.0000004245  -0.0000002782  -0.0000063854  -0.0000012914   0.0000003117
        0.0000013568  -0.0000092953  -0.0000034942  -0.0000045391   0.0000165073
        0.0000025171   0.0000126735   0.0000008119  -0.0000343090  -0.0000926995
       -0.0000124758   0.0000105782   0.0000075543   0.0000320649   0.0000115988
       -0.0000361443  -0.0000278921  -0.0002011507   0.0000228546   0.0000199941
        0.0000605554   0.0002819830  -0.0005572365  -0.0001890024  -0.0000407721
        0.0008027510   0.0007430185   0.0005505493   0.3039897361   0.0877296592
        0.0347910091   0.0000880429  -0.0001967269   0.0000262539
       -0.0000046844   0.0000094779   0.0000051514   0.0000143159   0.0000155587
       -0.0000094944   0.0000014623   0.0000013092  -0.0000007303   0.0000157172
        0.0000159683   0.0000136446   0.0000814076   0.0000106656   0.0000114149
        0.0002343553  -0.0001396820   0.0000773893   0.0000022784   0.0000030686
        0.0000119793   0.0000080348   0.0000323230  -0.0000220417   0.0011095735
        0.0000493952   0.0001183301   0.0020848961  -0.0025240507   0.0017228295
        0.0004334370  -0.0003368353   0.0001197483  -0.0015024833  -0.0053038103
        0.0016924661  -0.0277356886  -0.0109577999  -0.0028284147  -0.0789385082
       -0.0701011104  -0.0080813642   0.0167218720   0.0057512255   0.0021629820
        0.0034430086  -0.0002340975   0.0003313941  -0.0006851854  -0.0018817156
        0.0001570591  -0.0011580876   0.0010448919  -0.0004508853   0.0000040794
       -0.0000046732  -0.0000018929   0.0000002022   0.0000008106   0.0000011072
       -0.0000002464  -0.0000020098   0.0000001321  -0.0000000674  -0.0000045958
       -0.0000003023   0.0000016930  -0.0000013086   0.0000012353  -0.0000118397
       -0.0000017435  -0.0000135992  -0.0000296661  -0.0000127082   0.0000292711
        0.0000027211   0.0000034057   0.0000049152   0.0000292730  -0.0000210972
       -0.0000083660   0.0000922002   0.0001698945  -0.0000304873   0.0000593378
       -0.0000658216  -0.0002329872  -0.0013962242  -0.0006625345  -0.0002808926
       -0.0006354363   0.0006674351  -0.0006231292   0.0877296592   0.0845468568
        0.0060859976   0.0000285930  -0.0000666925   0.0000375401
       -0.0000051098  -0.0000038526   0.0000016647   0.0000012012  -0.0000187986
       -0.0000057072  -0.0000020737  -0.0000017730   0.0000043556   0.0000083080
       -0.0000141691  -0.0000001403  -0.0000298360  -0.0000008056  -0.0000011019
        0.0000016243   0.0001407713   0.0000649360  -0.0000104937  -0.0000138588
       -0.0000112653   0.0000131662   0.0000075287   0.0000070517  -0.0004693898
       -0.0001349033   0.0001476688  -0.0021051429   0.0014413216   0.0059242714
       -0.0000081292   0.0004625764  -0.0001647768  -0.0009272000   0.0016139771
        0.0082172110   0.0020396139   0.0006933813   0.0019953176  -0.0282969508
       -0.0077376550  -0.0391183401  -0.0061958483  -0.0010829795   0.0004251654
       -0.0006031779  -0.0008939325  -0.0027513918   0.0004817346   0.0000139150
        0.0001134382   0.0000294927  -0.0000028206   0.0000195472  -0.0000005998
        0.0000013885  -0.0000002504   0.0000016309  -0.0000004179  -0.0000004360
        0.0000003499   0.0000001379  -0.0000006429  -0.0000010150   0.0000042449
        0.0000019520  -0.0000007916   0.0000006563  -0.0000012407   0.0000060012
        0.0000069126   0.0000069248  -0.0000177486   0.0000003747  -0.0000153953
       -0.0000008672  -0.0000031742   0.0000008874   0.0000008463  -0.0000072780
        0.0000020319   0.0000096573  -0.0000740939  -0.0000231963   0.0003211727
       -0.0001498425  -0.0015708009   0.0002547084   0.0000498341  -0.0003596709
        0.0007436623  -0.0003766093  -0.0027309961   0.0347910091   0.0060859976
        0.0296565359  -0.0000298048  -0.0000060539   0.0001663930
       -0.0000092949   0.0000100728  -0.0000065756   0.0000106948   0.0000181219
        0.0000237120  -0.0000230863  -0.0000029051   0.0000062159   0.0000304788
        0.0000433639  -0.0000186088  -0.0000894033   0.0000794022  -0.0000195066
        0.0002666875  -0.0003898780   0.0002118609  -0.0001822238  -0.0000765841
       -0.0000094099   0.0000502616   0.0000678126  -0.0000177878  -0.0014195736
       -0.0004566931  -0.0001798331  -0.0001094062   0.0003681952  -0.0000816833
       -0.0000262809   0.0001069420   0.0001299369   0.0000879873  -0.0000975849
        0.0000190529  -0.0003004342  -0.0000856095   0.0000865467   0.0000159174
        0.0012128942  -0.0003358343  -0.0020279480   0.0015183671  -0.0017668683
        0.0187669586   0.0215044032   0.0000215564   0.0001549983  -0.0023018534
        0.0014719940  -0.1137905202  -0.1562395838   0.0022830442   0.0000002493
       -0.0000061474   0.0000021234  -0.0000061684  -0.0000014554   0.0000154151
       -0.0000200595  -0.0000136467   0.0000102778  -0.0000246814  -0.0000183347
       -0.0000035392  -0.0000380415  -0.0000160158  -0.0000171242  -0.0000122283
       -0.0000698326   0.0000100869  -0.0000023201  -0.0000505121  -0.0000427937
       -0.0000287431  -0.0000202972   0.0000176216  -0.0000010688   0.0000267753
       -0.0000041174   0.0006101891  -0.0011448709   0.0000853230  -0.0000040222
       -0.0000513717  -0.0000039886   0.0000276910  -0.0000402077  -0.0000221254
        0.0000233381   0.0000355804   0.0000281431   0.0000880429   0.0000285930
       -0.0000298048   0.0979820099   0.1360628604  -0.0018633095
        0.0000184619  -0.0000173385  -0.0000120302  -0.0000298416   0.0000276266
        0.0000268921  -0.0000188559  -0.0000144221   0.0000169107   0.0000184995
        0.0000115068  -0.0000539232   0.0000540731   0.0000278642   0.0000109914
       -0.0000772658  -0.0002233813   0.0000806793   0.0000309456  -0.0000472553
        0.0000282819   0.0000966920   0.0000146528  -0.0000552900   0.0008423758
       -0.0000364067  -0.0000767952  -0.0016841743   0.0010962947  -0.0005102221
        0.0000002969  -0.0002948343   0.0000112954  -0.0006682886   0.0000268771
       -0.0001200843   0.0011077043   0.0004737043   0.0000487996   0.0003866274
       -0.0024987859   0.0006147078   0.0041417330   0.0021426517   0.0013033391
        0.0017181694  -0.0381269210   0.0073697052  -0.0015903159   0.0022275995
       -0.0014622292  -0.1384650980  -0.3066659802   0.0157733978  -0.0000013142
        0.0000052554  -0.0000022680  -0.0000019278   0.0000015600   0.0000030294
       -0.0000078868  -0.0000009109   0.0000095417  -0.0000026713   0.0000032848
       -0.0000041367  -0.0000158859  -0.0000004502   0.0000030605  -0.0000597389
       -0.0000252185  -0.0000024399  -0.0000345880  -0.0000282555   0.0000032691
       -0.0000139674  -0.0000190841  -0.0000096343  -0.0000280655   0.0000305548
       -0.0000089509  -0.0015596734  -0.0016764230   0.0002124335   0.0000289462
       -0.0000197110   0.0000159046   0.0000103580   0.0000149866   0.0000075690
       -0.0000614572  -0.0001050658  -0.0000195294  -0.0001967269  -0.0000666925
       -0.0000060539   0.1360628604   0.3437627176  -0.0231962207
       -0.0000112485  -0.0000046534  -0.0000110397   0.0000580600   0.0000249502
        0.0000002679  -0.0000186354   0.0000127001  -0.0000596060  -0.0000075945
        0.0000208505   0.0000064875  -0.0000252024  -0.0000169637   0.0000386462
        0.0002207471  -0.0000373697  -0.0000284339  -0.0000538247  -0.0000070740
        0.0000009772  -0.0000075421  -0.0000447905  -0.0000658818  -0.0005332271
       -0.0004534042   0.0001136790   0.0001593448  -0.0000268723   0.0001988076
        0.0000896931  -0.0000870600  -0.0005700870   0.0000627247  -0.0000054860
        0.0000471595  -0.0001672492  -0.0001522925  -0.0004982701  -0.0001118592
        0.0009004621   0.0004049418  -0.0023538043   0.0007514313   0.0039346271
        0.0034925800   0.0120925381   0.0020120672   0.0012576901  -0.0016412931
       -0.0040674608  -0.0005583616   0.0115050539  -0.0173343977   0.0000050359
        0.0000033227   0.0000075836   0.0000112830   0.0000042239   0.0000061269
       -0.0000123227  -0.0000024482  -0.0000015504  -0.0000069801  -0.0000044146
        0.0000037970  -0.0000218834  -0.0000031107   0.0000012490  -0.0000554816
       -0.0000228911  -0.0000179169   0.0000166036   0.0000751963   0.0000073866
        0.0000193071   0.0000160585   0.0000052920   0.0000031652  -0.0000292635
        0.0000134938   0.0003969550   0.0002730473   0.0005863264  -0.0000197797
       -0.0000120178   0.0000478787  -0.0000225957   0.0000035470   0.0001506420
        0.0000314580   0.0000267039  -0.0000875651   0.0000262539   0.0000375401
        0.0001663930  -0.0018633095  -0.0231962207   0.0149883793
