{
   "temperature":     298.150000000000,
   "unit": "hartree",
   "energy":     -27.122972311701,
   "free energy":     -26.988471344357,
   "G(T)":       0.134500967344,
   "ZPVE":       0.171531065520,
   "number of imags":0,
   "point group": "c1",
   "gradient norm":       0.000030764395
}
