{
   "temperature":     298.150000000000,
   "unit": "hartree",
   "energy":     -27.122989888914,
   "free energy":     -26.988303969002,
   "G(T)":       0.134685919912,
   "ZPVE":       0.171574501689,
   "number of imags":0,
   "point group": "c1",
   "gradient norm":       0.000040607552
}
