{
   "temperature":     298.150000000000,
   "unit": "hartree",
   "energy":     -17.085815972282,
   "free energy":     -16.968613202101,
   "G(T)":       0.117202770181,
   "ZPVE":       0.147579893043,
   "number of imags":0,
   "point group": "c1",
   "gradient norm":       0.000024300173
}
