{
    "partname": "prescreening",
    "runtime": 11.293490940704942,
    "results": {
        "CONF7": {
            "xtb_gsolv": {
                "gsolv": -0.006759961494001487,
                "energy_xtb_gas": -20.953632086151,
                "energy_xtb_solv": -20.960392047645
            },
            "sp": {
                "energy": -322.969347980012
            },
            "gtot": -322.97610794150603,
            "bmw": 0.1355671367687131
        },
        "CONF3": {
            "xtb_gsolv": {
                "gsolv": -0.006432349770001622,
                "energy_xtb_gas": -20.954190651664,
                "energy_xtb_solv": -20.960623001434
            },
            "sp": {
                "energy": -322.968742802054
            },
            "gtot": -322.97517515182403,
            "bmw": 0.050477852401578864
        },
        "CONF1": {
            "xtb_gsolv": {
                "gsolv": -0.00626294394700011,
                "energy_xtb_gas": -20.954388619852,
                "energy_xtb_solv": -20.960651563799
            },
            "sp": {
                "energy": -322.969473551801
            },
            "gtot": -322.975736495748,
            "bmw": 0.09147474375398378
        },
        "CONF2": {
            "xtb_gsolv": {
                "gsolv": -0.0062626152999989415,
                "energy_xtb_gas": -20.954388648064,
                "energy_xtb_solv": -20.960651263364
            },
            "sp": {
                "energy": -322.96957195909
            },
            "gtot": -322.97583457439,
            "bmw": 0.10148789719809667
        },
        "CONF5": {
            "xtb_gsolv": {
                "gsolv": -0.006474759900999771,
                "energy_xtb_gas": -20.954002063526,
                "energy_xtb_solv": -20.960476823427
            },
            "sp": {
                "energy": -322.969851107138
            },
            "gtot": -322.976325867039,
            "bmw": 0.1707627854158479
        },
        "CONF8": {
            "xtb_gsolv": {
                "gsolv": -0.00625782696299737,
                "energy_xtb_gas": -20.953846855891,
                "energy_xtb_solv": -20.960104682854
            },
            "sp": {
                "energy": -322.968781877172
            },
            "gtot": -322.975039704135,
            "bmw": 0.043731990493378226
        },
        "CONF4": {
            "xtb_gsolv": {
                "gsolv": -0.00641909476100011,
                "energy_xtb_gas": -20.954064249568,
                "energy_xtb_solv": -20.960483344329
            },
            "sp": {
                "energy": -322.96984665292
            },
            "gtot": -322.976265747681,
            "bmw": 0.1602286744004626
        },
        "CONF9": {
            "xtb_gsolv": {
                "gsolv": -0.006179863435001209,
                "energy_xtb_gas": -20.953656982593,
                "energy_xtb_solv": -20.959836846028
            },
            "sp": {
                "energy": -322.969382806421
            },
            "gtot": -322.975562669856,
            "bmw": 0.07609337128855644
        },
        "CONF6": {
            "xtb_gsolv": {
                "gsolv": -0.00651967537400111,
                "energy_xtb_gas": -20.953954403826,
                "energy_xtb_solv": -20.9604740792
            },
            "sp": {
                "energy": -322.96980293911
            },
            "gtot": -322.97632261448405,
            "bmw": 0.17017554827938236
        }
    },
    "settings": {
        "threshold": 4.0,
        "func": "pbe-d4",
        "basis": "def2-sv(p)",
        "prog": "orca",
        "gfnv": "gfn2",
        "run": true,
        "template": false
    },
    "nconf_in": 9,
    "nconf_out": 9
}