{
    "partname": "screening",
    "runtime": 54.270270948298275,
    "results": {
        "CONF7": {
            "gsolv": {
                "gsolv": -0.00622863546101371,
                "energy_gas": -323.579923305707,
                "energy_solv": -323.586151941168
            },
            "gtot": -323.586151941168,
            "bmw": 0.1554657140166451
        },
        "CONF8": {
            "gsolv": {
                "gsolv": -0.0055742837359957775,
                "energy_gas": -323.580289586439,
                "energy_solv": -323.585863870175
            },
            "gtot": -323.585863870175,
            "bmw": 0.11458588966271764
        },
        "CONF2": {
            "gsolv": {
                "gsolv": -0.005019631865025076,
                "energy_gas": -323.580805722116,
                "energy_solv": -323.585825353981
            },
            "gtot": -323.585825353981,
            "bmw": 0.11000563140909092
        },
        "CONF3": {
            "gsolv": {
                "gsolv": -0.005410319806003372,
                "energy_gas": -323.580175761663,
                "energy_solv": -323.585586081469
            },
            "gtot": -323.585586081469,
            "bmw": 0.08538020257565647
        },
        "CONF1": {
            "gsolv": {
                "gsolv": -0.005030702038993695,
                "energy_gas": -323.580808092251,
                "energy_solv": -323.58583879429
            },
            "gtot": -323.58583879429,
            "bmw": 0.11158274274682678
        },
        "CONF6": {
            "gsolv": {
                "gsolv": -0.005427194891012732,
                "energy_gas": -323.580491290155,
                "energy_solv": -323.585918485046
            },
            "gtot": -323.585918485046,
            "bmw": 0.12140938041585214
        },
        "CONF4": {
            "gsolv": {
                "gsolv": -0.005282128406975062,
                "energy_gas": -323.580594384528,
                "energy_solv": -323.585876512935
            },
            "gtot": -323.585876512935,
            "bmw": 0.11613052999960265
        },
        "CONF5": {
            "gsolv": {
                "gsolv": -0.005345686302973718,
                "energy_gas": -323.58054940411,
                "energy_solv": -323.585895090413
            },
            "gtot": -323.585895090413,
            "bmw": 0.11843810673721247
        },
        "CONF9": {
            "gsolv": {
                "gsolv": -0.0055936173550321655,
                "energy_gas": -323.579763598936,
                "energy_solv": -323.585357216291
            },
            "gtot": -323.585357216291,
            "bmw": 0.06700180243639574
        }
    },
    "settings": {
        "threshold": 3.5,
        "func": "r2scan-3c",
        "basis": "def2-tzvp",
        "prog": "orca",
        "sm": "smd",
        "gfnv": "gfn2",
        "run": true,
        "implicit": false,
        "template": false
    },
    "nconf_in": 9,
    "nconf_out": 9
}