{
   "temperature":     298.150000000000,
   "unit": "hartree",
   "energy":     -56.026069425224,
   "free energy":     -55.823197294440,
   "G(T)":       0.202872130784,
   "ZPVE":       0.248457276566,
   "number of imags":0,
   "point group": "c1",
   "gradient norm":       0.000050548979
}
