{
    "partname": "prescreening",
    "runtime": 67.67391984164715,
    "results": {
        "CONF10": {
            "xtb_gsolv": {
                "gsolv": -0.017403548254002033,
                "energy_xtb_gas": -56.000093234858,
                "energy_xtb_solv": -56.017496783112
            },
            "sp": {
                "energy": -896.121423851568
            },
            "gtot": -896.138827399822,
            "bmw": 0.014406306497468307
        },
        "CONF9": {
            "xtb_gsolv": {
                "gsolv": -0.01698652414099655,
                "energy_xtb_gas": -56.000588588021,
                "energy_xtb_solv": -56.017575112162
            },
            "sp": {
                "energy": -896.12190615039
            },
            "gtot": -896.138892674531,
            "bmw": 0.015437498843465437
        },
        "CONF5": {
            "xtb_gsolv": {
                "gsolv": -0.015685765816002117,
                "energy_xtb_gas": -56.002485144823,
                "energy_xtb_solv": -56.018170910639
            },
            "sp": {
                "energy": -896.123235089624
            },
            "gtot": -896.13892085544,
            "bmw": 0.015905204556954846
        },
        "CONF3": {
            "xtb_gsolv": {
                "gsolv": -0.01775753139999381,
                "energy_xtb_gas": -56.000603481612,
                "energy_xtb_solv": -56.018361013012
            },
            "sp": {
                "energy": -896.123236551049
            },
            "gtot": -896.140994082449,
            "bmw": 0.1429412819787229
        },
        "CONF2": {
            "xtb_gsolv": {
                "gsolv": -0.017751660796996305,
                "energy_xtb_gas": -56.000905711694,
                "energy_xtb_solv": -56.018657372491
            },
            "sp": {
                "energy": -896.121983519759
            },
            "gtot": -896.139735180556,
            "bmw": 0.037679305098343156
        },
        "CONF1": {
            "xtb_gsolv": {
                "gsolv": -0.017067574674001662,
                "energy_xtb_gas": -56.001595579393,
                "energy_xtb_solv": -56.018663154067
            },
            "sp": {
                "energy": -896.122807741807
            },
            "gtot": -896.139875316481,
            "bmw": 0.04370800140459869
        },
        "CONF4": {
            "xtb_gsolv": {
                "gsolv": -0.016084241913993935,
                "energy_xtb_gas": -56.002264343055,
                "energy_xtb_solv": -56.018348584969
            },
            "sp": {
                "energy": -896.123727438562
            },
            "gtot": -896.139811680476,
            "bmw": 0.04085925203000132
        },
        "CONF6": {
            "xtb_gsolv": {
                "gsolv": -0.017221516908001888,
                "energy_xtb_gas": -56.000940971111,
                "energy_xtb_solv": -56.018162488019
            },
            "sp": {
                "energy": -896.122325231299
            },
            "gtot": -896.139546748207,
            "bmw": 0.030862421883905637
        },
        "CONF12": {
            "xtb_gsolv": {
                "gsolv": -0.017324351377993708,
                "energy_xtb_gas": -55.999948765368,
                "energy_xtb_solv": -56.017273116746
            },
            "sp": {
                "energy": -896.122846723912
            },
            "gtot": -896.1401710752899,
            "bmw": 0.05978614948385169
        },
        "CONF13": {
            "xtb_gsolv": {
                "gsolv": -0.018059814402000995,
                "energy_xtb_gas": -55.999091782281,
                "energy_xtb_solv": -56.017151596683
            },
            "sp": {
                "energy": -896.12243831666
            },
            "gtot": -896.140498131062,
            "bmw": 0.08453485763129569
        },
        "CONF7": {
            "xtb_gsolv": {
                "gsolv": -0.018094574084003057,
                "energy_xtb_gas": -55.999790428702,
                "energy_xtb_solv": -56.017885002786
            },
            "sp": {
                "energy": -896.122831516992
            },
            "gtot": -896.140926091076,
            "bmw": 0.1330098507190799
        },
        "CONF14": {
            "xtb_gsolv": {
                "gsolv": -0.017737967503997254,
                "energy_xtb_gas": -55.999369469323,
                "energy_xtb_solv": -56.017107436827
            },
            "sp": {
                "energy": -896.120810295635
            },
            "gtot": -896.138548263139,
            "bmw": 0.010719108417866321
        },
        "CONF8": {
            "xtb_gsolv": {
                "gsolv": -0.015551392870001735,
                "energy_xtb_gas": -56.0020388205,
                "energy_xtb_solv": -56.01759021337
            },
            "sp": {
                "energy": -896.125651263988
            },
            "gtot": -896.1412026568579,
            "bmw": 0.17827697649064944
        },
        "CONF15": {
            "xtb_gsolv": {
                "gsolv": -0.017928196675001118,
                "energy_xtb_gas": -55.999167030025,
                "energy_xtb_solv": -56.0170952267
            },
            "sp": {
                "energy": -896.123056069238
            },
            "gtot": -896.1409842659131,
            "bmw": 0.1414628419908811
        },
        "CONF11": {
            "xtb_gsolv": {
                "gsolv": -0.017949152566004045,
                "energy_xtb_gas": -55.999347222579,
                "energy_xtb_solv": -56.017296375145
            },
            "sp": {
                "energy": -896.118806797295
            },
            "gtot": -896.1367559498609,
            "bmw": 0.0016060224870053951
        },
        "CONF21": {
            "xtb_gsolv": {
                "gsolv": -0.017908471518005342,
                "energy_xtb_gas": -55.998147553157,
                "energy_xtb_solv": -56.016056024675
            },
            "sp": {
                "energy": -896.119855506231
            },
            "gtot": -896.137763977749,
            "bmw": 0.0046710267604749165
        },
        "CONF18": {
            "xtb_gsolv": {
                "gsolv": -0.015707780073000777,
                "energy_xtb_gas": -56.001128758696,
                "energy_xtb_solv": -56.016836538769
            },
            "sp": {
                "energy": -896.122857048612
            },
            "gtot": -896.138564828685,
            "bmw": 0.010908832849685135
        },
        "CONF20": {
            "xtb_gsolv": {
                "gsolv": -0.017040706424999996,
                "energy_xtb_gas": -55.999371737807,
                "energy_xtb_solv": -56.016412444232
            },
            "sp": {
                "energy": -896.120050714107
            },
            "gtot": -896.137091420532,
            "bmw": 0.002291170713397173
        },
        "CONF16": {
            "xtb_gsolv": {
                "gsolv": -0.01786870512100336,
                "energy_xtb_gas": -55.999152201243,
                "energy_xtb_solv": -56.017020906364
            },
            "sp": {
                "energy": -896.120000997991
            },
            "gtot": -896.1378697031121,
            "bmw": 0.0052244750096088685
        },
        "CONF19": {
            "xtb_gsolv": {
                "gsolv": -0.01726457902200451,
                "energy_xtb_gas": -55.999413431829,
                "energy_xtb_solv": -56.016678010851
            },
            "sp": {
                "energy": -896.12199013985
            },
            "gtot": -896.139254718872,
            "bmw": 0.02265196112774864
        },
        "CONF17": {
            "xtb_gsolv": {
                "gsolv": -0.017764514359001282,
                "energy_xtb_gas": -55.999134062201,
                "energy_xtb_solv": -56.01689857656
            },