{
    "partname": "screening",
    "runtime": 561.293181351386,
    "results": {
        "CONF19": {
            "gsolv": {
                "gsolv": -0.020270256626076844,
                "energy_gas": -897.784665448281,
                "energy_solv": -897.804935704907
            },
            "gtot": -897.804935704907,
            "bmw": 0.01861268661366034
        },
        "CONF9": {
            "gsolv": {
                "gsolv": -0.021148040094999487,
                "energy_gas": -897.78445163404,
                "energy_solv": -897.805599674135
            },
            "gtot": -897.805599674135,
            "bmw": 0.03760224454994915
        },
        "CONF3": {
            "gsolv": {
                "gsolv": -0.021942624093981067,
                "energy_gas": -897.785490401681,
                "energy_solv": -897.807433025775
            },
            "gtot": -897.807433025775,
            "bmw": 0.26211818445339075
        },
        "CONF6": {
            "gsolv": {
                "gsolv": -0.02117621246497947,
                "energy_gas": -897.784357964744,
                "energy_solv": -897.805534177209
            },
            "gtot": -897.805534177209,
            "bmw": 0.03508223626077388
        },
        "CONF1": {
            "gsolv": {
                "gsolv": -0.020770361496943224,
                "energy_gas": -897.784936640121,
                "energy_solv": -897.805707001618
            },
            "gtot": -897.805707001618,
            "bmw": 0.04212898485992901
        },
        "CONF15": {
            "gsolv": {
                "gsolv": -0.02112180350206927,
                "energy_gas": -897.785526751827,
                "energy_solv": -897.806648555329
            },
            "gtot": -897.806648555329,
            "bmw": 0.11419989986135637
        },
        "CONF12": {
            "gsolv": {
                "gsolv": -0.019787328295024054,
                "energy_gas": -897.785177473353,
                "energy_solv": -897.804964801648
            },
            "gtot": -897.804964801648,
            "bmw": 0.019195199911103644
        },
        "CONF7": {
            "gsolv": {
                "gsolv": -0.019473229061986785,
                "energy_gas": -897.784341744621,
                "energy_solv": -897.803814973683
            },
            "gtot": -897.803814973683,
            "bmw": 0.005679477526599395
        },
        "CONF5": {
            "gsolv": {
                "gsolv": -0.020055930168041414,
                "energy_gas": -897.786359710702,
                "energy_solv": -897.80641564087
            },
            "gtot": -897.80641564087,
            "bmw": 0.08923443696994023
        },
        "CONF18": {
            "gsolv": {
                "gsolv": -0.019428840549039705,
                "energy_gas": -897.784837266791,
                "energy_solv": -897.80426610734
            },
            "gtot": -897.80426610734,
            "bmw": 0.009158313457143071
        },
        "CONF4": {
            "gsolv": {
                "gsolv": -0.01966957597505825,
                "energy_gas": -897.786554170501,
                "energy_solv": -897.806223746476
            },
            "gtot": -897.806223746476,
            "bmw": 0.07282276697074351
        },
        "CONF10": {
            "gsolv": {
                "gsolv": -0.02322581549105962,
                "energy_gas": -897.782551253152,
                "energy_solv": -897.805777068643
            },
            "gtot": -897.805777068643,
            "bmw": 0.0453742641623979
        },
        "CONF14": {
            "gsolv": {
                "gsolv": -0.02213003467102226,
                "energy_gas": -897.782131272851,
                "energy_solv": -897.804261307522
            },
            "gtot": -897.804261307522,
            "bmw": 0.009111874728350268
        },
        "CONF13": {
            "gsolv": {
                "gsolv": -0.021053309411968257,
                "energy_gas": -897.784835185469,
                "energy_solv": -897.805888494881
            },
            "gtot": -897.805888494881,
            "bmw": 0.05105780223569948
        },
        "CONF8": {
            "gsolv": {
                "gsolv": -0.0190212913889809,
                "energy_gas": -897.78692978796,
                "energy_solv": -897.805951079349
            },
            "gtot": -897.805951079349,
            "bmw": 0.05455681135705974
        },
        "CONF2": {
            "gsolv": {
                "gsolv": -0.022380185548968257,
                "energy_gas": -897.784280284756,
                "energy_solv": -897.806660470305
            },
            "gtot": -897.806660470305,
            "bmw": 0.11565015859522312
        },
        "CONF16": {
            "gsolv": {
                "gsolv": -0.020930772677957066,
                "energy_gas": -897.781167127506,
                "energy_solv": -897.802097900184
            },
            "gtot": -897.802097900184,
            "bmw": 0.0009215295085600503
        },
        "CONF21": {
            "gsolv": {
                "gsolv": -0.021464618742925268,
                "energy_gas": -897.782189731477,
                "energy_solv": -897.80365435022
            },
            "gtot": -897.80365435022,
            "bmw": 0.004791005909928783
        },
        "CONF17": {
            "gsolv": {
                "gsolv": -0.022799574614964513,
                "energy_gas": -897.781546710787,
                "energy_solv": -897.804346285402
            },
            "gtot": -897.804346285402,
            "bmw": 0.009969993140144153
        },
        "CONF20": {
            "gsolv": {
                "gsolv": -0.021198361829988244,
                "energy_gas": -897.7818209616,
                "energy_solv": -897.80301932343
            },
            "gtot": -897.80301932343,
            "bmw": 0.0024453138185101778
        },
        "CONF11": {
            "gsolv": {
                "gsolv": -0.019537336137091188,
                "energy_gas": -897.78145851555,
                "energy_solv": -897.800995851687
            },
            "gtot": -897.800995851687,
            "bmw": 0.0002868151095373383
        }
    },
    "settings": {
        "threshold": 3.5,
        "func": "r2scan-3c",
        "basis": "def2-tzvp",
        "prog": "orca",
        "sm": "smd",
        "gfnv": "gfn2",
        "run": true,
        "implicit": false,
        "template": false
    },
    "nconf_in": 21,
    "nconf_out": 21
}