{
   "temperature":     298.150000000000,
   "unit": "hartree",
   "energy":     -25.861209066896,
   "free energy":     -25.755662277531,
   "G(T)":       0.105546789365,
   "ZPVE":       0.139606155961,
   "number of imags":0,
   "point group": "c1",
   "gradient norm":       0.000104995619
}
