{
   "temperature":     298.150000000000,
   "unit": "hartree",
   "energy":     -56.019086932673,
   "free energy":     -55.817124152663,
   "G(T)":       0.201962780011,
   "ZPVE":       0.248285612890,
   "number of imags":0,
   "point group": "c1",
   "gradient norm":       0.000042306755
}
