{
   "temperature":     298.150000000000,
   "unit": "hartree",
   "energy":     -17.083367043522,
   "free energy":     -16.966817763610,
   "G(T)":       0.116549279912,
   "ZPVE":       0.147270150799,
   "number of imags":0,
   "point group": "c1",
   "gradient norm":       0.000021241835
}
