{
   "temperature":     298.150000000000,
   "unit": "hartree",
   "energy":     -27.122330254933,
   "free energy":     -26.990074797386,
   "G(T)":       0.132255457548,
   "ZPVE":       0.170929795733,
   "number of imags":0,
   "point group": "c1",
   "gradient norm":       0.000118839374
}
