{
   "temperature":     298.150000000000,
   "unit": "hartree",
   "energy":     -23.235966678554,
   "free energy":     -23.084953351694,
   "G(T)":       0.151013326859,
   "ZPVE":       0.186072924484,
   "number of imags":0,
   "point group": "c2",
   "gradient norm":       0.000056375597
}
