{
   "temperature":     298.150000000000,
   "unit": "hartree",
   "energy":     -16.971927102218,
   "free energy":     -16.883938238378,
   "G(T)":       0.087988863840,
   "ZPVE":       0.120901402040,
   "number of imags":0,
   "point group": "cs",
   "gradient norm":       0.000075513782
}
