{
   "temperature":     298.150000000000,
   "unit": "hartree",
   "energy":     -27.123636717970,
   "free energy":     -26.988325347106,
   "G(T)":       0.135311370864,
   "ZPVE":       0.171657055117,
   "number of imags":0,
   "point group": "c1",
   "gradient norm":       0.000049081823
}
