{
   "temperature":     298.150000000000,
   "unit": "hartree",
   "energy":     -27.126512613160,
   "free energy":     -26.991628842207,
   "G(T)":       0.134883770953,
   "ZPVE":       0.171417159345,
   "number of imags":0,
   "point group": "c1",
   "gradient norm":       0.000031225102
}
