{
   "temperature":     298.150000000000,
   "unit": "hartree",
   "energy":     -27.122852171542,
   "free energy":     -26.987841673390,
   "G(T)":       0.135010498152,
   "ZPVE":       0.171630208809,
   "number of imags":0,
   "point group": "c1",
   "gradient norm":       0.000035996015
}
