{
   "temperature":     298.150000000000,
   "unit": "hartree",
   "energy":     -17.087515463383,
   "free energy":     -16.970396939796,
   "G(T)":       0.117118523587,
   "ZPVE":       0.147408440860,
   "number of imags":0,
   "point group": "cs",
   "gradient norm":       0.000042579569
}
