{
   "temperature":     298.150000000000,
   "unit": "hartree",
   "energy":     -14.712589176775,
   "free energy":     -14.631731676140,
   "G(T)":       0.080857500636,
   "ZPVE":       0.110593416390,
   "number of imags":0,
   "point group": "cs",
   "gradient norm":       0.000043465574
}
