{
   "temperature":     298.150000000000,
   "unit": "hartree",
   "energy":     -27.122928326208,
   "free energy":     -26.988708992175,
   "G(T)":       0.134219334033,
   "ZPVE":       0.171444593815,
   "number of imags":0,
   "point group": "c1",
   "gradient norm":       0.000050018845
}
