{
   "temperature":     298.150000000000,
   "unit": "hartree",
   "energy":     -27.122935542593,
   "free energy":     -26.988820464778,
   "G(T)":       0.134115077815,
   "ZPVE":       0.171448808210,
   "number of imags":0,
   "point group": "c1",
   "gradient norm":       0.000040801853
}
