{
   "temperature":     298.150000000000,
   "unit": "hartree",
   "energy":     -27.122778649751,
   "free energy":     -26.989163656935,
   "G(T)":       0.133614992817,
   "ZPVE":       0.171192664875,
   "number of imags":0,
   "point group": "c1",
   "gradient norm":       0.000186096869
}
