{
   "temperature":     298.150000000000,
   "unit": "hartree",
   "energy":     -20.872624656845,
   "free energy":     -20.756116424482,
   "G(T)":       0.116508232362,
   "ZPVE":       0.149684806817,
   "number of imags":0,
   "point group": "c1",
   "gradient norm":       0.000041382123
}
