{
   "temperature":     298.150000000000,
   "unit": "hartree",
   "energy":     -23.428166521481,
   "free energy":     -23.260736909506,
   "G(T)":       0.167429611975,
   "ZPVE":       0.201693961520,
   "number of imags":0,
   "point group": "c1",
   "gradient norm":       0.000116497807
}
