{
   "temperature":     298.150000000000,
   "unit": "hartree",
   "energy":     -27.122331589546,
   "free energy":     -26.988835675233,
   "G(T)":       0.133495914313,
   "ZPVE":       0.171372053926,
   "number of imags":0,
   "point group": "c1",
   "gradient norm":       0.000032211661
}
