{
   "temperature":     298.150000000000,
   "unit": "hartree",
   "energy":     -16.971248982868,
   "free energy":     -16.883133822888,
   "G(T)":       0.088115159981,
   "ZPVE":       0.121060789668,
   "number of imags":0,
   "point group": "c1",
   "gradient norm":       0.000057663440
}
