{
   "temperature":     298.150000000000,
   "unit": "hartree",
   "energy":     -56.020175146746,
   "free energy":     -55.818190793222,
   "G(T)":       0.201984353524,
   "ZPVE":       0.248223569846,
   "number of imags":0,
   "point group": "c1",
   "gradient norm":       0.000079348645
}
