{
   "temperature":     298.150000000000,
   "unit": "hartree",
   "energy":     -27.122718155979,
   "free energy":     -26.988046034539,
   "G(T)":       0.134672121440,
   "ZPVE":       0.171619698010,
   "number of imags":0,
   "point group": "c1",
   "gradient norm":       0.000074258746
}
