{
   "temperature":     298.150000000000,
   "unit": "hartree",
   "energy":     -20.871340015931,
   "free energy":     -20.754545832683,
   "G(T)":       0.116794183248,
   "ZPVE":       0.149873772119,
   "number of imags":0,
   "point group": "c1",
   "gradient norm":       0.000035729077
}
