{
   "temperature":     298.150000000000,
   "unit": "hartree",
   "energy":     -49.346459845734,
   "free energy":     -49.148244717297,
   "G(T)":       0.198215128437,
   "ZPVE":       0.242425289381,
   "number of imags":0,
   "point group": "c1",
   "gradient norm":       0.000038261971
}
