{
   "temperature":     298.150000000000,
   "unit": "hartree",
   "energy":     -27.123174436560,
   "free energy":     -26.988795762288,
   "G(T)":       0.134378674273,
   "ZPVE":       0.171390652788,
   "number of imags":0,
   "point group": "c1",
   "gradient norm":       0.000040567746
}
