{
   "temperature":     298.150000000000,
   "unit": "hartree",
   "energy":     -56.019976294062,
   "free energy":     -55.817580391535,
   "G(T)":       0.202395902528,
   "ZPVE":       0.248526377883,
   "number of imags":0,
   "point group": "c1",
   "gradient norm":       0.000080126039
}
