{
   "temperature":     298.150000000000,
   "unit": "hartree",
   "energy":     -49.347157393766,
   "free energy":     -49.149452741833,
   "G(T)":       0.197704651932,
   "ZPVE":       0.242348411607,
   "number of imags":0,
   "point group": "c1",
   "gradient norm":       0.000061977348
}
