{
    "partname": "prescreening",
    "runtime": 14.758234831504524,
    "results": {
        "CONF2": {
            "xtb_gsolv": {
                "gsolv": -0.001341445981001499,
                "energy_xtb_gas": -20.871344370343,
                "energy_xtb_solv": -20.872685816324
            },
            "sp": {
                "energy": -656.512752746625
            },
            "gtot": -656.514094192606,
            "bmw": 0.0997645786708807
        },
        "CONF4": {
            "xtb_gsolv": {
                "gsolv": -0.0013450360459970057,
                "energy_xtb_gas": -20.870727093527,
                "energy_xtb_solv": -20.872072129573
            },
            "sp": {
                "energy": -656.51187523772
            },
            "gtot": -656.513220273766,
            "bmw": 0.03953680142369188
        },
        "CONF11": {
            "xtb_gsolv": {
                "gsolv": -0.0013395476849993315,
                "energy_xtb_gas": -20.869471467689,
                "energy_xtb_solv": -20.870811015374
            },
            "sp": {
                "energy": -656.51054186136
            },
            "gtot": -656.511881409045,
            "bmw": 0.00957560865085182
        },
        "CONF5": {
            "xtb_gsolv": {
                "gsolv": -0.0013232958150020124,
                "energy_xtb_gas": -20.870680394214,
                "energy_xtb_solv": -20.872003690029
            },
            "sp": {
                "energy": -656.512624376692
            },
            "gtot": -656.513947672507,
            "bmw": 0.0854243715292836
        },
        "CONF9": {
            "xtb_gsolv": {
                "gsolv": -0.0013463940649991457,
                "energy_xtb_gas": -20.869908278927,
                "energy_xtb_solv": -20.871254672992
            },
            "sp": {
                "energy": -656.512468200635
            },
            "gtot": -656.5138145947,
            "bmw": 0.07419424814708805
        },
        "CONF12": {
            "xtb_gsolv": {
                "gsolv": -0.001235830081999012,
                "energy_xtb_gas": -20.868741818969,
                "energy_xtb_solv": -20.869977649051
            },
            "sp": {
                "energy": -656.510421707045
            },
            "gtot": -656.511657537127,
            "bmw": 0.007554268800138341
        },
        "CONF6": {
            "xtb_gsolv": {
                "gsolv": -0.0013300016279984561,
                "energy_xtb_gas": -20.870652347275,
                "energy_xtb_solv": -20.871982348903
            },
            "sp": {
                "energy": -656.51320064813
            },
            "gtot": -656.5145306497581,
            "bmw": 0.1583918262385815
        },
        "CONF8": {
            "xtb_gsolv": {
                "gsolv": -0.0013045637500006535,
                "energy_xtb_gas": -20.870019864021,
                "energy_xtb_solv": -20.871324427771
            },
            "sp": {
                "energy": -656.511371672845
            },
            "gtot": -656.512676236595,
            "bmw": 0.022220905609580874
        },
        "CONF3": {
            "xtb_gsolv": {
                "gsolv": -0.0013837199939992217,
                "energy_xtb_gas": -20.870715513288,
                "energy_xtb_solv": -20.872099233282
            },
            "sp": {
                "energy": -656.512716395863
            },
            "gtot": -656.514100115857,
            "bmw": 0.10039240993104051
        },
        "CONF13": {
            "xtb_gsolv": {
                "gsolv": -0.0013480456979984012,
                "energy_xtb_gas": -20.868360683075,
                "energy_xtb_solv": -20.869708728773
            },
            "sp": {
                "energy": -656.509347284351
            },
            "gtot": -656.510695330049,
            "bmw": 0.002726514516279634
        },
        "CONF7": {
            "xtb_gsolv": {
                "gsolv": -0.0013112767530003566,
                "energy_xtb_gas": -20.870568483617,
                "energy_xtb_solv": -20.87187976037
            },
            "sp": {
                "energy": -656.512020887372
            },
            "gtot": -656.513332164125,
            "bmw": 0.0445110187194338
        },
        "CONF10": {
            "xtb_gsolv": {
                "gsolv": -0.0013418806000018435,
                "energy_xtb_gas": -20.869908689274,
                "energy_xtb_solv": -20.871250569874
            },
            "sp": {
                "energy": -656.512480853664
            },
            "gtot": -656.513822734264,
            "bmw": 0.0748366224420572
        },
        "CONF1": {
            "xtb_gsolv": {
                "gsolv": -0.0013604757840006698,
                "energy_xtb_gas": -20.87143201761,
                "energy_xtb_solv": -20.872792493394
            },
            "sp": {
                "energy": -656.51368362588
            },
            "gtot": -656.5150441016641,
            "bmw": 0.2728376467113067
        },
        "CONF14": {
            "xtb_gsolv": {
                "gsolv": -0.0013532001640008673,
                "energy_xtb_gas": -20.868349690577,
                "energy_xtb_solv": -20.869702890741
            },
            "sp": {
                "energy": -656.50897649904
            },
            "gtot": -656.510329699204,
            "bmw": 0.0018510973839371448
        },
        "CONF15": {
            "xtb_gsolv": {
                "gsolv": -0.0013577420540009655,
                "energy_xtb_gas": -20.868168623617,
                "energy_xtb_solv": -20.869526365671
            },
            "sp": {
                "energy": -656.508554974792
            },
            "gtot": -656.509912716846,
            "bmw": 0.0011902293594085256
        },
        "CONF16": {
            "xtb_gsolv": {
                "gsolv": -0.001233443935998224,
                "energy_xtb_gas": -20.868045676632,
                "energy_xtb_solv": -20.869279120568
            },
            "sp": {
                "energy": -656.509972681738
            },
            "gtot": -656.511206125674,
            "bmw": 0.004683359956700108
        },
        "CONF17": {
            "xtb_gsolv": {
                "gsolv": -0.001234147172997524,
                "energy_xtb_gas": -20.866385875024,
                "energy_xtb_solv": -20.867620022197
            },
            "sp": {
                "energy": -656.507403727347
            },
            "gtot": -656.50863787452,
            "bmw": 0.0003084919097393598
        }
    },
    "settings": {
        "threshold": 4.0,
        "func": "pbe-d4",
        "basis": "def2-sv(p)",
        "prog": "orca",
        "gfnv": "gfn2",
        "run": true,
        "template": false
    },
    "nconf_in": 17,
    "nconf_out": 16
}