{
    "partname": "screening",
    "runtime": 46.27268746122718,
    "results": {
        "CONF2": {
            "gsolv": {
                "gsolv": -0.001566507184065813,
                "energy_gas": -657.268864591223,
                "energy_solv": -657.270431098407
            },
            "gtot": -657.270431098407,
            "bmw": 0.2460366815798913
        },
        "CONF1": {
            "gsolv": {
                "gsolv": -0.0011988690440603023,
                "energy_gas": -657.268883002942,
                "energy_solv": -657.270081871986
            },
            "gtot": -657.270081871986,
            "bmw": 0.16996786779777373
        },
        "CONF3": {
            "gsolv": {
                "gsolv": -0.0012632343589302764,
                "energy_gas": -657.267919128178,
                "energy_solv": -657.269182362537
            },
            "gtot": -657.269182362537,
            "bmw": 0.0655573091956188
        },
        "CONF4": {
            "gsolv": {
                "gsolv": -0.0016236451390341244,
                "energy_gas": -657.267719901751,
                "energy_solv": -657.26934354689
            },
            "gtot": -657.26934354689,
            "bmw": 0.0777608125433412
        },
        "CONF6": {
            "gsolv": {
                "gsolv": -0.0011561904900645459,
                "energy_gas": -657.268291616423,
                "energy_solv": -657.269447806913
            },
            "gtot": -657.269447806913,
            "bmw": 0.08683945336712093
        },
        "CONF7": {
            "gsolv": {
                "gsolv": -0.0016079675309583763,
                "energy_gas": -657.267896277458,
                "energy_solv": -657.269504244989
            },
            "gtot": -657.269504244989,
            "bmw": 0.09218851069242175
        },
        "CONF15": {
            "gsolv": {
                "gsolv": -0.0017730338420278713,
                "energy_gas": -657.264404649914,
                "energy_solv": -657.266177683756
            },
            "gtot": -657.266177683756,
            "bmw": 0.0027199727151884985
        },
        "CONF5": {
            "gsolv": {
                "gsolv": -0.0013190638790092635,
                "energy_gas": -657.267864654299,
                "energy_solv": -657.269183718178
            },
            "gtot": -657.269183718178,
            "bmw": 0.06565150273392761
        },
        "CONF11": {
            "gsolv": {
                "gsolv": -0.0011694914090867314,
                "energy_gas": -657.265099344677,
                "energy_solv": -657.266268836086
            },
            "gtot": -657.266268836086,
            "bmw": 0.0029956544585018592
        },
        "CONF10": {
            "gsolv": {
                "gsolv": -0.001362076931059164,
                "energy_gas": -657.267816310443,
                "energy_solv": -657.269178387374
            },
            "gtot": -657.269178387374,
            "bmw": 0.06528188276732481
        },
        "CONF12": {
            "gsolv": {
                "gsolv": -0.0009487119160667135,
                "energy_gas": -657.265005632583,
                "energy_solv": -657.265954344499
            },
            "gtot": -657.265954344499,
            "bmw": 0.002147017578999262
        },
        "CONF8": {
            "gsolv": {
                "gsolv": -0.0017335764119934538,
                "energy_gas": -657.267302415884,
                "energy_solv": -657.269035992296
            },
            "gtot": -657.269035992296,
            "bmw": 0.05614298108569584
        },
        "CONF14": {
            "gsolv": {
                "gsolv": -0.0016789661430038905,
                "energy_gas": -657.265004000161,
                "energy_solv": -657.266682966304
            },
            "gtot": -657.266682966304,
            "bmw": 0.0046449220662416555
        },
        "CONF9": {
            "gsolv": {
                "gsolv": -0.0013756144559238237,
                "energy_gas": -657.26767488426,
                "energy_solv": -657.269050498716
            },
            "gtot": -657.269050498716,
            "bmw": 0.05701222105988249
        },
        "CONF13": {
            "gsolv": {
                "gsolv": -0.0013619896840282308,
                "energy_gas": -657.2647372281,
                "energy_solv": -657.266099217784
            },
            "gtot": -657.266099217784,
            "bmw": 0.0025030682916586627
        },
        "CONF16": {
            "gsolv": {
                "gsolv": -0.0011607449370103495,
                "energy_gas": -657.264956064666,
                "energy_solv": -657.266116809603
            },
            "gtot": -657.266116809603,
            "bmw": 0.0025501420664115443
        }
    },
    "settings": {
        "threshold": 3.5,
        "func": "r2scan-3c",
        "basis": "def2-tzvp",
        "prog": "orca",
        "sm": "smd",
        "gfnv": "gfn2",
        "run": true,
        "implicit": false,
        "template": false
    },
    "nconf_in": 16,
    "nconf_out": 16
}