{
   "temperature":     298.150000000000,
   "unit": "hartree",
   "energy":     -27.122331319797,
   "free energy":     -26.989072781698,
   "G(T)":       0.133258538099,
   "ZPVE":       0.171362323444,
   "number of imags":0,
   "point group": "c1",
   "gradient norm":       0.000039285610
}
