{
   "temperature":     298.150000000000,
   "unit": "hartree",
   "energy":     -27.122506093996,
   "free energy":     -26.989094635423,
   "G(T)":       0.133411458572,
   "ZPVE":       0.171327012713,
   "number of imags":0,
   "point group": "c1",
   "gradient norm":       0.000048208386
}
