{
   "temperature":     298.150000000000,
   "unit": "hartree",
   "energy":     -27.122507036017,
   "free energy":     -26.989518482291,
   "G(T)":       0.132988553726,
   "ZPVE":       0.171310994989,
   "number of imags":0,
   "point group": "c1",
   "gradient norm":       0.000036467831
}
