{
   "temperature":     298.150000000000,
   "unit": "hartree",
   "energy":     -56.018909074197,
   "free energy":     -55.817484714586,
   "G(T)":       0.201424359611,
   "ZPVE":       0.247931659596,
   "number of imags":0,
   "point group": "c1",
   "gradient norm":       0.000073762821
}
