{
   "temperature":     298.150000000000,
   "unit": "hartree",
   "energy":     -49.347810120508,
   "free energy":     -49.149428595948,
   "G(T)":       0.198381524560,
   "ZPVE":       0.242511532188,
   "number of imags":0,
   "point group": "c1",
   "gradient norm":       0.000186451960
}
