{
   "temperature":     298.150000000000,
   "unit": "hartree",
   "energy":     -20.873693340098,
   "free energy":     -20.757505964453,
   "G(T)":       0.116187375645,
   "ZPVE":       0.149654433027,
   "number of imags":0,
   "point group": "c1",
   "gradient norm":       0.000031829161
}
