{
   "temperature":     298.150000000000,
   "unit": "hartree",
   "energy":     -27.122783806541,
   "free energy":     -26.989307665384,
   "G(T)":       0.133476141156,
   "ZPVE":       0.171186116140,
   "number of imags":0,
   "point group": "c1",
   "gradient norm":       0.000057256335
}
