{
   "temperature":     298.150000000000,
   "unit": "hartree",
   "energy":     -27.122287792992,
   "free energy":     -26.988877073747,
   "G(T)":       0.133410719245,
   "ZPVE":       0.171377407051,
   "number of imags":0,
   "point group": "c1",
   "gradient norm":       0.000063707839
}
