$hessian                                                                        
        0.4957474454   0.0260089419  -0.0172958272  -0.1524626811   0.0631774146
       -0.0435028608   0.0000014870   0.0029956744  -0.0015869929   0.0004184600
       -0.0009762788   0.0005525138  -0.0002975885   0.0004718744  -0.0002490649
       -0.0026000875  -0.0027908780   0.0017295432  -0.0303558198   0.0134627951
       -0.0099252332   0.0004802368   0.0008591148  -0.0000991683  -0.0018363258
        0.0011040657  -0.0003823909   0.0002654211  -0.0005482117  -0.0002852250
       -0.0000527933   0.0002307777   0.0000719126   0.0001520590  -0.0000549193
       -0.0000131396  -0.0000721653  -0.0000556971  -0.0000192579  -0.0000177364
        0.0000149440   0.0000204021  -0.0002469047  -0.0000935300   0.0000357403
        0.0002858159   0.0002408760   0.0000649239  -0.0001126955  -0.0000784926
       -0.0000232329  -0.0002598418  -0.0000891822  -0.0000397697  -0.2243159564
       -0.0832467410   0.0660215749  -0.0432018690  -0.0175220594  -0.0036581445
       -0.0413319886  -0.0018893041   0.0079125679   0.0014055364  -0.0016615246
        0.0010302812   0.0001074318  -0.0001758825   0.0000794700   0.0001122297
        0.0000217676  -0.0000165440   0.0001014890   0.0002463027  -0.0000428772
       -0.0003342435   0.0002897570  -0.0005531897  -0.0015784309  -0.0000336172
        0.0001579336   0.0000802283   0.0000941492   0.0000393784  -0.0000081332
       -0.0000652592  -0.0000382562  -0.0000173050   0.0000344133   0.0000083758
       -0.0000413516   0.0000231702   0.0000000249  -0.0000496275   0.0000065873
        0.0000018575   0.0000357049  -0.0000010479   0.0000046746
        0.0260089419   0.4991064383  -0.0011819387   0.0578258343  -0.1064358174
        0.0317719639   0.0188742863  -0.0197232074   0.0151604547  -0.0020574910
       -0.0006679554   0.0051465038   0.0004098237  -0.0006475305   0.0002906390
       -0.0023628741   0.0025720252   0.0026790231   0.0000383706   0.0029473928
       -0.0022013424  -0.0006769823  -0.0007402095  -0.0010820718  -0.0003269685
        0.0002014275  -0.0001989250  -0.0002694517   0.0000488741  -0.0000339363
       -0.0000275380  -0.0001040065  -0.0000770106  -0.0000791718   0.0000284377
        0.0000136170   0.0000435196   0.0000580812   0.0000224034   0.0000396792
       -0.0000760546  -0.0000065401  -0.0000143895   0.0001826576   0.0000351681
       -0.0000025847  -0.0003195987  -0.0000492849  -0.0000749672   0.0002063714
        0.0000094275   0.0001000151   0.0000795887   0.0000132503  -0.0825159622
       -0.0813868473   0.0286884160  -0.0154741535  -0.2558743967  -0.0723945069
       -0.0011505989  -0.0384773085  -0.0048739815   0.0018423285  -0.0001208331
       -0.0013257177   0.0009429355  -0.0009044976   0.0006018059   0.0001188908
       -0.0003771879  -0.0007204411  -0.0002752708   0.0000899669   0.0001181273
       -0.0003664691   0.0002109327  -0.0001318339  -0.0006434840   0.0002042766
       -0.0003612351   0.0000182281  -0.0000903668   0.0000435365   0.0000089720
        0.0000286812   0.0000406263   0.0000021824  -0.0000050255  -0.0000026519
        0.0000264605  -0.0000028862   0.0000014356   0.0000180930   0.0000056976
        0.0000021202  -0.0000002040  -0.0000171199   0.0000028993
       -0.0172958272  -0.0011819387   0.4906192689  -0.0380843563   0.0307184875
       -0.0812253728  -0.0121386079   0.0147200457  -0.0067969100   0.0012310405
        0.0050187249   0.0041738093  -0.0005784987   0.0001046489  -0.0002037660
        0.0014554903   0.0035054139   0.0054382307  -0.0012775557  -0.0017404805
        0.0015688918   0.0000784787  -0.0010839977  -0.0027573026  -0.0002028784
       -0.0002022794   0.0000417917   0.0003481362  -0.0002022185  -0.0000574660
       -0.0000553212   0.0001018804   0.0000453103   0.0000754677  -0.0000307450
       -0.0000229389  -0.0000406085  -0.0000418972  -0.0000081336   0.0000065153
        0.0000343393   0.0000059145  -0.0000476199  -0.0000981057  -0.0000205291
        0.0000866898   0.0001419542   0.0000198738  -0.0000257713  -0.0000644160
        0.0000272082  -0.0000941939  -0.0000385429   0.0000036144   0.0653978822
        0.0289422332  -0.0669772923  -0.0037032842  -0.0740933015  -0.0636196568
        0.0044238537  -0.0029209588  -0.2781951707  -0.0010154661  -0.0014006777
       -0.0014553369  -0.0005444542   0.0004438792  -0.0005043641   0.0000500454
       -0.0008263143  -0.0011033840   0.0002177563  -0.0005422185   0.0005084266
        0.0000876210   0.0001221863  -0.0000635268   0.0016568555   0.0005370615
        0.0006760029  -0.0000247045   0.0000735233  -0.0000715689   0.0000300674
       -0.0000203007  -0.0000382799  -0.0000022490   0.0000146865   0.0000029495
       -0.0000141154   0.0000091725   0.0000033726  -0.0000128609   0.0000013747
       -0.0000038917   0.0000124733  -0.0000012189  -0.0000097739
       -0.1524626811   0.0578258343  -0.0380843563   0.6212656248   0.0184105555
        0.0052953502  -0.0996359963  -0.0045952112  -0.0001510459   0.0462317684
        0.0072057416  -0.0022525018  -0.0257763583  -0.0269834626   0.0168706938
       -0.0616487783   0.0395620360  -0.0303597198  -0.2783146518  -0.0878116906
        0.0471307557  -0.0098873644  -0.0094153427   0.0051002605   0.0038769717
        0.0031399600  -0.0006521188  -0.0037285578   0.0017740288  -0.0006569743
        0.0002056410  -0.0009299417  -0.0002447078  -0.0005546467   0.0000977320
        0.0003147733   0.0002384626   0.0002433287   0.0000332738  -0.0000995875
       -0.0002955212   0.0000456102   0.0005833177   0.0010637728   0.0003003892
       -0.0004901715  -0.0015403976  -0.0004106164   0.0000693268   0.0008327500
        0.0001301959   0.0007220526   0.0003241979   0.0001340531  -0.0269290596
        0.0123311729  -0.0088914853   0.0001679102   0.0050759802  -0.0010734614
       -0.0008402110   0.0033460410  -0.0055541182  -0.0104082397  -0.0232469339
        0.0147705482  -0.0026597589   0.0030645515  -0.0022943850   0.0001441659
       -0.0005462783   0.0006316641   0.0000086287   0.0012579934   0.0002630866
        0.0001670091  -0.0003287810   0.0002201849   0.0001357976   0.0012246974
       -0.0011776722  -0.0001734041  -0.0009305791   0.0007157795  -0.0002274532
       -0.0000484992  -0.0000739330  -0.0000045048  -0.0000653093  -0.0000089668
        0.0000512261  -0.0000174042  -0.0000761809   0.0000287989   0.0000086464
        0.0000182629  -0.0000552770  -0.0000336678  -0.0000126380
        0.0631774146  -0.1064358174   0.0307184875   0.0184105555   0.4977246785
       -0.2246549649  -0.0713499214  -0.2332127962   0.1148215142   0.0563697675
       -0.0373874437   0.0271403173  -0.0298371603  -0.0248449890   0.0123279948
       -0.0061425855   0.0351851784  -0.0257036052  -0.0265763909  -0.0927468345
        0.0273269721  -0.0235642029  -0.0104234091   0.0066622283   0.0057751532
        0.0008256535   0.0040160658  -0.0000130078   0.0005650015   0.0005821801
       -0.0003355025   0.0000779883   0.0000739611   0.0001692593  -0.0000573673
        0.0001198682  -0.0001456341  -0.0001518853  -0.0000878400  -0.0000704584
        0.0001802741  -0.0000521124   0.0003078805  -0.0001633386  -0.0001968980
       -0.0001050209   0.0000902285   0.0000513145   0.0002213714  -0.0000222800
       -0.0000418171  -0.0000079750  -0.0000171983   0.0000173873  -0.0067203305
        0.0057192495  -0.0034103247   0.0229527965  -0.0210031497   0.0115428075
        0.0015597766  -0.0022516893   0.0050121849  -0.0042839146  -0.0082422440
        0.0056180161   0.0023573741   0.0013942057   0.0044122404  -0.0005810306
        0.0000029388  -0.0000676370  -0.0008414737  -0.0019779945   0.0010784995
       -0.0006664280  -0.0029863954   0.0020173149  -0.0003085831   0.0006416905
        0.0002941264   0.0002041989  -0.0003500273   0.0004545376   0.0000300190
       -0.0001230993  -0.0000561619   0.0000015498  -0.0000143481   0.0000244644
       -0.0000039445   0.0000007189  -0.0000313528   0.0000186410  -0.0000054561
       -0.0000121572  -0.0000021928   0.0000099570   0.0000023885
       -0.0435028608   0.0317719639  -0.0812253728   0.0052953502  -0.2246549649
        0.2917048501   0.0439497748   0.1173995778  -0.1211150989  -0.0352511303
        0.0247219287  -0.0178795903   0.0188242739   0.0128347406  -0.0114060951
        0.0005867753  -0.0236735159   0.0131322120   0.0085191026   0.0248080789
       -0.0654333073   0.0140414837   0.0078610442  -0.0028358907  -0.0026088380
        0.0044273729   0.0027552279  -0.0013140396  -0.0002185244   0.0008903324
        0.0001953230  -0.0003174213  -0.0000427834  -0.0002295988   0.0001182541
       -0.0001434025   0.0001731248   0.0001430175   0.0000942762  -0.0000028586
       -0.0001453751  -0.0001554531  -0.0001512625   0.0004415243  -0.0000580198
       -0.0000358283  -0.0002481825  -0.0001010108  -0.0000468536   0.0001646596
        0.0000162549   0.0001636849   0.0000499367   0.0000650059   0.0055316395
       -0.0044131067   0.0030889789   0.0059282408  -0.0015849599   0.0031409174
       -0.0238256266   0.0181801372  -0.0146421507   0.0023290983   0.0046679985
       -0.0023975430  -0.0020208242   0.0043753966   0.0045481927   0.0003896402
       -0.0000017804   0.0000934973   0.0006276019   0.0004041532  -0.0005754973
        0.0014769482   0.0027121553  -0.0018110116   0.0005609867  -0.0001730415
        0.0001020618   0.0004255348   0.0003033493   0.0000820088  -0.0000016397
        0.0000486637   0.0000933073  -0.0000036527   0.0000086496  -0.0000282049
        0.0000082469  -0.0000123495   0.0000503924  -0.0000184927   0.0000170385
       -0.0000120920  -0.0000133242  -0.0000164194   0.0000050083
        0.0000014870   0.0188742863  -0.0121386079  -0.0996359963  -0.0713499214
        0.0439497748   0.6722096019   0.0048542762   0.0230486169  -0.2256477588
        0.1305562122  -0.0939218210  -0.0639252461  -0.0051810391  -0.0011358305
       -0.0015603118   0.0182569049  -0.0122299140   0.0017622837  -0.0274641783
        0.0181698029  -0.0044604064  -0.0012306147   0.0006418744  -0.0019593779
       -0.0007928862   0.0007290665   0.0005549498  -0.0001529024   0.0002501495
       -0.0002760976   0.0001016898   0.0000718614   0.0000837343  -0.0000955086
        0.0000788037  -0.0000495712  -0.0000626870  -0.0000471992  -0.0000184829
        0.0001421313   0.0000239409   0.0002052605  -0.0000924183   0.0000832283
        0.0000859878   0.0001628802   0.0000709206  -0.0000364615  -0.0000785425
       -0.0000029397  -0.0000365392  -0.0000168523  -0.0000175780   0.0008825466
        0.0024423065  -0.0015554806  -0.0021204268   0.0025105822  -0.0013459997
       -0.0017287226   0.0019505773  -0.0016328166  -0.2724150553  -0.0688357133
        0.0342750333   0.0039660457  -0.0023142033   0.0024180620  -0.0050595777
       -0.0019112970   0.0004446231  -0.0001841213  -0.0000453491   0.0002850611
       -0.0003472148  -0.0008177894   0.0003653632  -0.0001236338   0.0003576498
       -0.0003010415   0.0000735971   0.0002977885  -0.0004832836  -0.0002042854
       -0.0000649931  -0.0000905760  -0.0000238264   0.0000049728   0.0000243419
       -0.0000093050   0.0000173531  -0.0000262371  -0.0000103042   0.0000009027
        0.0000081907   0.0000072283  -0.0000236177  -0.0000093900
        0.0029956744  -0.0197232074   0.0147200457  -0.0045952112  -0.2332127962
        0.1173995778   0.0048542762   0.4917644026  -0.2449395618   0.0647149109
       -0.1519147760   0.0727375917   0.0440839185   0.0370334759  -0.0211572891
        0.0168385795  -0.0397899623   0.0248989135  -0.0727097092  -0.0100930278
        0.0042302836  -0.0007452657   0.0035181228   0.0029863792  -0.0017460360
       -0.0004913920  -0.0009743278   0.0005181572  -0.0004401989   0.0003293757
        0.0002696798   0.0000001472   0.0000239217  -0.0001427709   0.0001254863
       -0.0002024708   0.0001321331   0.0001745173   0.0000905284   0.0001517023
       -0.0002090446  -0.0000887186  -0.0002720671   0.0000901919  -0.0000355682
        0.0001348935  -0.0001371951  -0.0000291848  -0.0001543137   0.0000764911
       -0.0000070992  -0.0000579998   0.0000304975  -0.0000108203  -0.0017803183
        0.0004938554  -0.0003933046   0.0012804697  -0.0012735824   0.0009072963
        0.0004287446  -0.0008878317  -0.0000496780  -0.0688046194  -0.0611694934
        0.0151063333   0.0176184758  -0.0162084174   0.0114407541  -0.0025156786
        0.0027414386   0.0030777930   0.0000534569   0.0004047216  -0.0002988557
       -0.0004885448  -0.0010734393   0.0004333217   0.0000399742  -0.0001340021
       -0.0001556041  -0.0001439196   0.0001616324  -0.0002358424   0.0000209399
        0.0001240788   0.0001355772   0.0000001576   0.0000225710  -0.0000131763
        0.0000070726  -0.0000017726   0.0000620768  -0.0000003142   0.0000074411
       -0.0000048844   0.0000135518  -0.0000089327   0.0000166165
       -0.0015869929   0.0151604547  -0.0067969100  -0.0001510459   0.1148215142
       -0.1211150989   0.0230486169  -0.2449395618   0.2710944895  -0.0496362146
        0.0756734250  -0.0979302293  -0.0328479340  -0.0236751179   0.0155587477
       -0.0106070972   0.0236801341  -0.0219537290   0.0478932200   0.0053649121
       -0.0020739781  -0.0001352832   0.0026409756   0.0054244012   0.0009595855
        0.0001040700   0.0006450389  -0.0003227386   0.0002740302  -0.0002234565
       -0.0002218974   0.0000395348   0.0001014295   0.0000610277  -0.0001162440
        0.0001547487  -0.0000800886  -0.0000895744  -0.0000700943  -0.0000896833
        0.0001294250   0.0000631252   0.0002026534  -0.0000232086   0.0000456432
       -0.0000449173   0.0000270256  -0.0000022609   0.0000402282  -0.0000201048
        0.0000290301   0.0000389310  -0.0000146565   0.0000132347   0.0010900172
       -0.0003096365   0.0000780200  -0.0002417529   0.0002533336  -0.0005058544
       -0.0009243517   0.0007615916  -0.0005219092   0.0341193053   0.0152179802
       -0.0408541400  -0.0115366070   0.0110156211  -0.0068321166   0.0007693888
        0.0033986802   0.0056064175   0.0006293507   0.0015147847  -0.0008030171
       -0.0001123678  -0.0004349907   0.0006484316  -0.0002434445  -0.0002744358
        0.0002791597   0.0000908250  -0.0000794466   0.0000749229  -0.0001422654
       -0.0000927930  -0.0000922033  -0.0000058115  -0.0000147950   0.0000125445
       -0.0000090132   0.0000033628  -0.0000482130   0.0000027065  -0.0000049521
        0.0000081043  -0.0000063492   0.0000086624  -0.0000142786
        0.0004184600  -0.0020574910   0.0012310405   0.0462317684   0.0563697675
       -0.0352511303  -0.2256477588   0.0647149109  -0.0496362146   0.6602141421
        0.0174000075   0.0178639389  -0.3184580226  -0.0362546346   0.0070028804
       -0.0010350527  -0.0753862909   0.0512560930  -0.0593906655   0.0098201628
       -0.0089404344  -0.0002709199  -0.0002277222   0.0001200782   0.0035475009
        0.0000944126  -0.0022554125  -0.0006306935   0.0005289677   0.0000067891
        0.0008869492  -0.0003601790  -0.0001283779  -0.0002232662   0.0003082883
       -0.0001980457   0.0002515580   0.0002988240   0.0001444468   0.0001421260
       -0.0004275156  -0.0001210654  -0.0001495399   0.0003855792  -0.0000908261
       -0.0001315509  -0.0005498206  -0.0001695605  -0.0000069720   0.0001930311
        0.0000160356   0.0000750587   0.0000877555   0.0000383798   0.0000501715
       -0.0000844105   0.0000465743  -0.0000771381   0.0000029991  -0.0002983038
       -0.0001755302   0.0003359017  -0.0001572290  -0.0252914525   0.0149353768
       -0.0109826039  -0.0550567303  -0.0447463584   0.0275013780  -0.0244051402
       -0.0046775451   0.0017982481  -0.0000266002  -0.0001781280   0.0000664522
        0.0000486668  -0.0002292047   0.0000316948   0.0000386142   0.0000672145
       -0.0000738812  -0.0005227117  -0.0005339468   0.0006407367  -0.0004333316
        0.0001930316   0.0004794686  -0.0000113918  -0.0000203424  -0.0000309826
        0.0000267250  -0.0000368077   0.0000782909   0.0000161353   0.0000090972
       -0.0000058157  -0.0000034077   0.0000250697   0.0000173576
       -0.0009762788  -0.0006679554   0.0050187249   0.0072057416  -0.0373874437
        0.0247219287   0.1305562122  -0.1519147760   0.0756734250   0.0174000075
        0.5044347568  -0.2570334653  -0.1009584422  -0.0967238080   0.0301502013
       -0.0273204521  -0.0100502236   0.0041583904   0.0104460494   0.0006227126
       -0.0024840056  -0.0003334577  -0.0008303423   0.0000654110  -0.0016113727
       -0.0022198976   0.0050580774  -0.0005736462  -0.0003634222   0.0003801896
        0.0004412022  -0.0003551125  -0.0003262551  -0.0003432408   0.0001030640
       -0.0000289479   0.0002105909   0.0002727532   0.0001464564   0.0001182637
       -0.0002901294  -0.0001546109  -0.0001066466   0.0004522279  -0.0001669658
       -0.0000942761  -0.0004847615  -0.0001524808  -0.0000347220   0.0002711840
       -0.0000158116   0.0002385678   0.0001159561   0.0001322239  -0.0004085681
        0.0000427163  -0.0000440781   0.0000114723   0.0002013459   0.0002269905
        0.0009302115  -0.0010887481   0.0005957708  -0.0056611682   0.0039813389
       -0.0026287831  -0.0440838054  -0.2122108558   0.1170088838   0.0151632901
        0.0040199656  -0.0011271126   0.0000495723   0.0000823912   0.0001216837
        0.0001739094   0.0000815961  -0.0000451756  -0.0000965732   0.0001714004
       -0.0001020852  -0.0003036950  -0.0003889900   0.0007534486  -0.0000759699
        0.0001324948   0.0001449434   0.0000064306   0.0000108086  -0.0000487420
        0.0000344403  -0.0000054878   0.0000165736   0.0000164167   0.0000168075
       -0.0000183792  -0.0000200633  -0.0000315660   0.0000035757
        0.0005525138   0.0051465038   0.0041738093  -0.0022525018   0.0271403173
       -0.0178795903  -0.0939218210   0.0727375917  -0.0979302293   0.0178639389
       -0.2570334653   0.2838926982   0.0503103243   0.0338871101  -0.0638836689
        0.0194271724   0.0017763571  -0.0010903837  -0.0101320753  -0.0020665916
       -0.0025947809   0.0002134868   0.0003760855  -0.0002444021  -0.0023081093
        0.0064092785   0.0031368498   0.0007388988  -0.0011535086   0.0004546064
        0.0001976517   0.0003441414  -0.0000699500   0.0002439815  -0.0000392869
       -0.0001723574  -0.0000648766  -0.0000549321   0.0000082653   0.0000419108
        0.0000152050  -0.0000797252  -0.0005127824  -0.0004230646  -0.0001380551
       -0.0000064768   0.0007232932   0.0001518762   0.0004534141  -0.0001086565
        0.0000259036  -0.0002700350  -0.0001662102  -0.0000406257   0.0001845544
       -0.0000783073   0.0000212613  -0.0011451082   0.0011799852  -0.0008533664
        0.0005402483  -0.0004777776   0.0006044432   0.0026096488  -0.0018677780
        0.0014184829   0.0282030275   0.1166780960  -0.1101171688  -0.0120442782
       -0.0030488168   0.0012207875  -0.0000424748  -0.0000839493  -0.0000650683
       -0.0001184205  -0.0000542109   0.0000460508   0.0000514200  -0.0000875394
        0.0000555795   0.0011577312   0.0003864064  -0.0001833800   0.0000785846
       -0.0001267661   0.0000825402  -0.0000230564   0.0000299675   0.0000080827
       -0.0000298523  -0.0000014225   0.0000439729  -0.0000227973   0.0000053057
       -0.0000071436   0.0000261578   0.0000366394   0.0000046861
       -0.0002975885   0.0004098237  -0.0005784987  -0.0257763583  -0.0298371603
        0.0188242739  -0.0639252461   0.0440839185  -0.0328479340  -0.3184580226
       -0.1009584422   0.0503103243   0.6820357125   0.0145281116   0.0321571525
       -0.0902939602  -0.0004642369  -0.0027856942   0.0413010923   0.0078433735
       -0.0022175047  -0.0027647103   0.0028232881  -0.0022397722  -0.0237199903
       -0.0327467871   0.0177939619   0.0032023951  -0.0038772063   0.0014740966
       -0.0021960842   0.0010439924   0.0006891446   0.0009843414  -0.0006683166
        0.0002641545  -0.0005333099  -0.0004465887  -0.0002401436  -0.0000823659
        0.0006221824  -0.0000745005  -0.0001219725  -0.0008889932  -0.0004052525
        0.0008588187   0.0016960990   0.0005934309  -0.0006720541  -0.0012665154
       -0.0003329630  -0.0009193583  -0.0004554497  -0.0001343170   0.0003064301
        0.0000249840  -0.0000476676   0.0002357953  -0.0000848343   0.0001134542
        0.0001291770  -0.0000831624   0.0001029834  -0.0028674953   0.0024325665
       -0.0022411058  -0.0080441248  -0.0036395573   0.0026035286  -0.1839575877
        0.0980008160  -0.0829890167  -0.0001753941  -0.0001412502  -0.0000459297
       -0.0003540493  -0.0001208216   0.0001031027   0.0001753030   0.0008934297
       -0.0005345585  -0.0031439204   0.0003513318   0.0016860080  -0.0008375129
        0.0006845339   0.0009630714  -0.0000122793   0.0000757034   0.0000934474
       -0.0000952174   0.0000599305  -0.0000538601  -0.0000640355   0.0000190179
       -0.0000087731   0.0000835725   0.0000862193   0.0000053570
        0.0004718744  -0.0006475305   0.0001046489  -0.0269834626  -0.0248449890
        0.0128347406  -0.0051810391   0.0370334759  -0.0236751179  -0.0362546346
       -0.0967238080   0.0338871101   0.0145281116   0.4735026403  -0.2479137266
       -0.0545714909  -0.2232552560   0.1139184952   0.0487084760  -0.0330050707
        0.0252331900   0.0024222850   0.0020092593   0.0033515878  -0.0230278420
       -0.0153468516   0.0105857179   0.0025351638  -0.0018202119  -0.0001208317
        0.0006839905  -0.0004525708   0.0002546375  -0.0002485190  -0.0001266733
       -0.0001829459   0.0001534580   0.0000367619   0.0000730607   0.0001308181
        0.0000517237   0.0000178892   0.0004266602   0.0005852245   0.0000456492
        0.0006634769  -0.0004027762  -0.0002160550  -0.0009350974   0.0001369798
        0.0000214091   0.0000910215   0.0000618847   0.0000452340  -0.0000889442
        0.0000208608  -0.0000315617   0.0002550731   0.0001748549   0.0000892097
        0.0001409131  -0.0000319852  -0.0001083533   0.0028461744   0.0010099598
        0.0042625686  -0.0239417405  -0.0090426378   0.0051235398   0.0987099564
       -0.1101806274   0.0626010125   0.0000537056   0.0008128699  -0.0003446580
       -0.0001346988  -0.0000244312  -0.0001974035  -0.0002025371  -0.0008872594
        0.0005345472  -0.0012173117   0.0009072474  -0.0000691252  -0.0000804982
        0.0003976788  -0.0001379007  -0.0000102055   0.0000483535  -0.0000400889
        0.0000324373   0.0000129962   0.0000435203  -0.0000076409   0.0000183203
        0.0000273706   0.0000320666  -0.0000284128  -0.0000173706
       -0.0002490649   0.0002906390  -0.0002037660   0.0168706938   0.0123279948
       -0.0114060951  -0.0011358305  -0.0211572891   0.0155587477   0.0070028804
        0.0301502013  -0.0638836689   0.0321571525  -0.2479137266   0.2820412225
        0.0383311755   0.1210668009  -0.1244000683  -0.0310893263   0.0224486105
       -0.0173619123  -0.0016690426   0.0033744820   0.0042443361   0.0078230785
        0.0070061013  -0.0019366219  -0.0002033623  -0.0006022342  -0.0004846785
        0.0004037567  -0.0002338792  -0.0010576685   0.0000693654   0.0003370866
       -0.0002223745   0.0001480843   0.0000910871   0.0002068542   0.0001029847
       -0.0002472738  -0.0000566609  -0.0004098251   0.0002636805   0.0001695314
       -0.0000857259  -0.0002055021  -0.0002020752   0.0000893755   0.0001641003
        0.0001254426   0.0001117165   0.0000721085   0.0000791684   0.0000693380
       -0.0000163988   0.0000522874  -0.0001242689  -0.0000976329  -0.0000591126
       -0.0000798320   0.0000055152   0.0000919412  -0.0024688673   0.0043042128
        0.0044799017   0.0158595648   0.0061982844  -0.0030073913  -0.0828683252
        0.0631064410  -0.0827018949   0.0001265683   0.0011284243  -0.0007866333
        0.0000408126  -0.0006557538   0.0005092048  -0.0000280068   0.0001730143
        0.0001900845  -0.0006082377  -0.0011179830   0.0006444205   0.0017492361
       -0.0003508807  -0.0006100601   0.0000039530   0.0000577190  -0.0000323755
        0.0000655442   0.0000011043   0.0000796932   0.0000044301   0.0000288038
       -0.0000534936  -0.0000099958   0.0000021422  -0.0000062849
       -0.0026000875  -0.0023628741   0.0014554903  -0.0616487783  -0.0061425855
        0.0005867753  -0.0015603118   0.0168385795  -0.0106070972  -0.0010350527
       -0.0273204521   0.0194271724  -0.0902939602  -0.0545714909   0.0383311755
        0.6054273692   0.0160706995   0.0148708827  -0.1765183058   0.1084232980
       -0.0784934080   0.0027400808   0.0018824288  -0.0024655015  -0.2229097149
       -0.0614429570   0.0192809857  -0.0442205080   0.0099686110   0.0007338444
        0.0018274811  -0.0052456639  -0.0012809832  -0.0023989698   0.0010277710
        0.0008349939   0.0011290628   0.0009298446   0.0000889259  -0.0013400163
       -0.0019377646  -0.0002915704   0.0007972079   0.0051778878   0.0018111049
       -0.0045361335  -0.0055789698  -0.0016583319   0.0028152423   0.0031651616
        0.0005812749   0.0033675989   0.0015539205   0.0006147974  -0.0005508151
        0.0007602599  -0.0005986935   0.0005250849  -0.0003444549  -0.0001053228
        0.0003455311  -0.0000469205   0.0003893314   0.0012615916   0.0005692285
       -0.0003087773  -0.0045141785  -0.0018944716   0.0000215700   0.0023079670
        0.0192070998  -0.0126636724  -0.0004890266  -0.0025233325  -0.0000569761
       -0.0003605961  -0.0007714606   0.0017998499  -0.0006599133  -0.0013022459
        0.0006051953  -0.0075872679  -0.0137891223   0.0074286459   0.0003784977
        0.0002635946  -0.0000352592   0.0002165432  -0.0004886192  -0.0000950833
        0.0003329337  -0.0001488335  -0.0002167222   0.0000635998   0.0001952988
        0.0000376436  -0.0003121555  -0.0001214650  -0.0000222605
       -0.0027908780   0.0025720252   0.0035054139   0.0395620360   0.0351851784
       -0.0236735159   0.0182569049  -0.0397899623   0.0236801341  -0.0753862909
       -0.0100502236   0.0017763571  -0.0004642369  -0.2232552560   0.1210668009
        0.0160706995   0.5177179804  -0.2293528056   0.0549385148  -0.1415087428
        0.0596748027   0.0155284240  -0.0214568214   0.0154351247  -0.0525612424
       -0.0995352447   0.0067141785   0.0070685576   0.0128480600  -0.0005913561
        0.0021178248  -0.0017606857   0.0001054939  -0.0007364325   0.0003616616
        0.0005482378   0.0002697407   0.0003245193   0.0001174078   0.0005382520
       -0.0001169515   0.0000000972   0.0043748432  -0.0005538578  -0.0010933432
       -0.0010783036  -0.0021592872  -0.0007623527  -0.0015013161  -0.0009638055
       -0.0003870040   0.0009054323   0.0004780314   0.0003625077  -0.0006302084
        0.0002954429   0.0000462714  -0.0007848312  -0.0000194953  -0.0001569524
        0.0006324204  -0.0004559389   0.0004315392   0.0004926765  -0.0002813940
        0.0003258468  -0.0012977620   0.0030566700   0.0029722904  -0.0005535460
       -0.0150240330   0.0102358119   0.0003965984  -0.0009811153   0.0006777843
        0.0008196555   0.0003690430   0.0005735574  -0.0015491735  -0.0037884330
        0.0026761042  -0.0245222495  -0.0104501921   0.0064146927   0.0015590810
       -0.0007569184  -0.0011095304   0.0000524784  -0.0001250659  -0.0000811603
        0.0000988723  -0.0000443458  -0.0001088636   0.0003084367  -0.0001092410
       -0.0000321542  -0.0001349781  -0.0000216009   0.0000085837
        0.0017295432   0.0026790231   0.0054382307  -0.0303597198  -0.0257036052
        0.0131322120  -0.0122299140   0.0248989135  -0.0219537290   0.0512560930
        0.0041583904  -0.0010903837  -0.0027856942   0.1139184952  -0.1244000683
        0.0148708827  -0.2293528056   0.2756085462  -0.0397121724   0.0622832615
       -0.0924361434  -0.0090984612   0.0148063041  -0.0086288593   0.0277687666
        0.0085752657  -0.0354043457   0.0004594773   0.0027383459  -0.0070437126
        0.0008969656  -0.0003808387  -0.0016512684  -0.0004486488   0.0000422367
        0.0006536265   0.0003215915   0.0002117153  -0.0001624514   0.0000205722
       -0.0005918691   0.0013883847  -0.0006545117   0.0000508394   0.0030588809
        0.0005106565  -0.0008877398   0.0003407817  -0.0012540157  -0.0001753359
       -0.0000801585  -0.0000179693   0.0002170147  -0.0006584463   0.0002779647
        0.0001495329   0.0001145387  -0.0005665345   0.0006333931  -0.0002971360
        0.0011199525  -0.0003517428   0.0001865021  -0.0002288748   0.0004805729
        0.0001224498   0.0001025413   0.0031085069   0.0059742397   0.0006853847
        0.0123268370  -0.0072118099  -0.0007720644   0.0004577643  -0.0000536593
       -0.0010836590   0.0006396360  -0.0001052760   0.0004371576   0.0033438066
       -0.0017934786  -0.0012055093   0.0019105027  -0.0026649112   0.0000382214
       -0.0001152144  -0.0004084906  -0.0000221497  -0.0000517165   0.0001512517
        0.0000151699   0.0000598240  -0.0002536140  -0.0000616487  -0.0000599232
        0.0001576014  -0.0000093931  -0.0000193907  -0.0000293040
       -0.0303558198   0.0000383706  -0.0012775557  -0.2783146518  -0.0265763909
        0.0085191026   0.0017622837  -0.0727097092   0.0478932200  -0.0593906655
        0.0104460494  -0.0101320753   0.0413010923   0.0487084760  -0.0310893263
       -0.1765183058   0.0549385148  -0.0397121724   0.6452009579   0.0163505938
        0.0110598738  -0.0743172253  -0.0278692263   0.0196645565  -0.0556908768
        0.0118098341  -0.0076192217  -0.0003496918  -0.0056372894  -0.0019167365
        0.0002796527   0.0003000556   0.0000119879   0.0005396146  -0.0002655247
       -0.0003615058  -0.0000611496  -0.0001737527  -0.0000052602  -0.0001034607
       -0.0000312105   0.0001011348  -0.0023592393  -0.0002484263   0.0004818312
        0.0007563562   0.0019405939   0.0006129080   0.0000002821  -0.0006855497
       -0.0001069849  -0.0007621317  -0.0003661538  -0.0002677918  -0.0040210446
        0.0022157042  -0.0014079776  -0.0004859405  -0.0012225682   0.0004172288
       -0.0006199466  -0.0007558968   0.0008769277   0.0003392999  -0.0009231939
        0.0003620138  -0.0006196633   0.0001840318  -0.0002422772   0.0005805226
       -0.0019060008   0.0008218576  -0.0019797808  -0.0083117640   0.0030233676
       -0.0092783247  -0.0209920025   0.0144297870   0.0050504347   0.0183283146
       -0.0122496637  -0.0006733052   0.0027708524  -0.0020735770   0.0001911619
        0.0004199860   0.0000481522   0.0000049807   0.0000936775   0.0000227042
       -0.0000448060   0.0000378391   0.0000767974  -0.0001593603   0.0000625576
        0.0000296266   0.0000987509   0.0000292082   0.0000090484
        0.0134627951   0.0029473928  -0.0017404805  -0.0878116906  -0.0927468345
        0.0248080789  -0.0274641783  -0.0100930278   0.0053649121   0.0098201628
        0.0006227126  -0.0020665916   0.0078433735  -0.0330050707   0.0224486105
        0.1084232980  -0.1415087428   0.0622832615   0.0163505938   0.4681212113
       -0.2123987048  -0.0270803531  -0.1605496173   0.0694057230  -0.0007312693
        0.0076680864  -0.0000640848  -0.0004613085  -0.0009780716  -0.0003132237
       -0.0003397988   0.0010379357  -0.0000003989   0.0007669819  -0.0001479494
        0.0000737816  -0.0004374967  -0.0004050735  -0.0001888661  -0.0001879141
        0.0002027620   0.0000626841  -0.0009751516  -0.0009032021   0.0002299516
       -0.0001912126   0.0011904757   0.0001919398   0.0007241483  -0.0003825084
        0.0001538551  -0.0004858114  -0.0001961155  -0.0001896243   0.0027162086
       -0.0015276114   0.0018161545   0.0014031422  -0.0002336059   0.0000289034
        0.0007124255   0.0001111982   0.0010732120  -0.0014567302  -0.0017422522
        0.0057530074   0.0002422641   0.0007130660  -0.0004332341  -0.0012656514
       -0.0015050177   0.0054087563  -0.0091000185  -0.0270924999   0.0113594687
       -0.0047708793   0.0016889526   0.0001857000   0.0018038875  -0.0105558265
        0.0071338300  -0.0014438306  -0.0004967446  -0.0004340161   0.0000124892
       -0.0003189195  -0.0000047010  -0.0000089537   0.0000261262   0.0000599964
       -0.0000538376   0.0000320085  -0.0000243484  -0.0000715638   0.0000154970
        0.0000172449   0.0000558794   0.0000112663  -0.0000007977
       -0.0099252332  -0.0022013424   0.0015688918   0.0471307557   0.0273269721
       -0.0654333073   0.0181698029   0.0042302836  -0.0020739781  -0.0089404344
       -0.0024840056  -0.0025947809  -0.0022175047   0.0252331900  -0.0173619123
       -0.0784934080   0.0596748027  -0.0924361434   0.0110598738  -0.2123987048
        0.2823079798   0.0169492340   0.0649563805  -0.1038137789  -0.0014666012
       -0.0020666145   0.0017992761   0.0014251567   0.0005048092   0.0009937153
        0.0002575040  -0.0001566348   0.0000820857  -0.0001199336   0.0001372969
       -0.0000141972   0.0001109052   0.0001077635   0.0000386697   0.0000990192
       -0.0000164896  -0.0000545552   0.0003157983  -0.0000198605  -0.0001005212
        0.0000317005  -0.0002464870  -0.0000021284  -0.0000210828   0.0001263087
       -0.0000694809   0.0000546210   0.0000413418   0.0000637762  -0.0018532860
        0.0016542173  -0.0002258064  -0.0004705504   0.0004685796   0.0006604479
       -0.0006744631   0.0004646259  -0.0002037775   0.0006198028   0.0056506128
        0.0034942717  -0.0002066392  -0.0003930272   0.0003389057   0.0002845744
        0.0056032798   0.0033959923  -0.0025320906  -0.0095535620   0.0103644661
        0.0084233762   0.0158563622  -0.0102771707   0.0016540688   0.0168176408
       -0.0109881340   0.0004570871   0.0005109063   0.0005081469  -0.0001684906
        0.0002045486   0.0000503862  -0.0000041384  -0.0000148802  -0.0000269037
        0.0000149171  -0.0000169958   0.0000106745   0.0000445420  -0.0000149776
       -0.0000009603  -0.0000088837   0.0000136596  -0.0000001492
        0.0004802368  -0.0006769823   0.0000784787  -0.0098873644  -0.0235642029
        0.0140414837  -0.0044604064  -0.0007452657  -0.0001352832  -0.0002709199
       -0.0003334577   0.0002134868  -0.0027647103   0.0024222850  -0.0016690426
        0.0027400808   0.0155284240  -0.0090984612  -0.0743172253  -0.0270803531
        0.0169492340   0.5231463571  -0.0194072815   0.0155307324  -0.0006494288
        0.0036552248  -0.0017977221   0.0014384219  -0.0003966665  -0.0008599464
       -0.0003018111   0.0002481400   0.0001684652   0.0001613913  -0.0000260349
        0.0000428489  -0.0000425371  -0.0000007236   0.0000026725   0.0001561928
       -0.0001089460   0.0000187192  -0.0001877128   0.0000293729   0.0000965628
        0.0008930324  -0.0004282950  -0.0000271661  -0.0005820372   0.0005151716
       -0.0001470664  -0.0005517996  -0.0000856655  -0.0001072056   0.0000484620
       -0.0003685140   0.0003081165  -0.0000521183  -0.0003668960   0.0001366130
       -0.0006447142  -0.0003896290   0.0006351895  -0.0005304520  -0.0012343728
        0.0008088923   0.0001342504   0.0000011946   0.0000446537   0.0000646148
        0.0010242859  -0.0007308524  -0.0513174367  -0.0368774617  -0.0315588401
       -0.1968518607   0.0368756710   0.1079678350  -0.1861709638   0.0518803824
       -0.1110405396   0.0002995369  -0.0003000142   0.0000922202   0.0000342908
        0.0000307181  -0.0000200715  -0.0000286612   0.0000721898   0.0000081993
       -0.0000361154   0.0000492445  -0.0000014202  -0.0000462097   0.0000166344
        0.0000044968   0.0000976168   0.0000418237   0.0000447169
        0.0008591148  -0.0007402095  -0.0010839977  -0.0094153427  -0.0104234091
        0.0078610442  -0.0012306147   0.0035181228   0.0026409756  -0.0002277222
       -0.0008303423   0.0003760855   0.0028232881   0.0020092593   0.0033744820
        0.0018824288  -0.0214568214   0.0148063041  -0.0278692263  -0.1605496173
        0.0649563805  -0.0194072815   0.4695323175   0.0012404215  -0.0003837894
       -0.0015942375  -0.0015316551  -0.0009498680   0.0005286615   0.0000710198
        0.0000684341  -0.0002923005  -0.0002239512  -0.0004271977   0.0000989862
        0.0000046646   0.0002295979   0.0002784542   0.0000800688   0.0001814916
       -0.0002878384  -0.0000329089   0.0000582433   0.0006383598   0.0001387405
        0.0004844188  -0.0013407327  -0.0001157091  -0.0006624188   0.0008647008
       -0.0001531735   0.0001539693   0.0002148060   0.0000363473   0.0004099338
        0.0000048530   0.0001581314  -0.0000424310   0.0002358756   0.0001770563
       -0.0000022812   0.0003339461  -0.0002453824  -0.0000186400  -0.0003996289
        0.0001754784   0.0000254344  -0.0004503353  -0.0007787735  -0.0001675611
       -0.0008493888   0.0004879857  -0.0366581133  -0.1712796650  -0.1081634140
        0.0386431006  -0.0488553037  -0.0251207955   0.0519595891  -0.0593052197
        0.0400690939  -0.0004743448   0.0003615904   0.0006884281   0.0000321364
        0.0001085685   0.0000814139   0.0000184558  -0.0000133172  -0.0000061813
        0.0000414804   0.0000043300  -0.0000006030   0.0000400818  -0.0000040922
        0.0000022273   0.0000256334  -0.0000603722   0.0000301955
       -0.0000991683  -0.0010820718  -0.0027573026   0.0051002605   0.0066622283
       -0.0028358907   0.0006418744   0.0029863792   0.0054244012   0.0001200782
        0.0000654110  -0.0002444021  -0.0022397722   0.0033515878   0.0042443361
       -0.0024655015   0.0154351247  -0.0086288593   0.0196645565   0.0694057230
       -0.1038137789   0.0155307324   0.0012404215   0.4914588889   0.0012486108
       -0.0004060178  -0.0024954056   0.0005783833   0.0002405677  -0.0000506763
       -0.0000426959  -0.0000083048   0.0000348879  -0.0001234645   0.0000383442
        0.0000228278   0.0000562373   0.0000675585   0.0000250111   0.0000615900
       -0.0001054571   0.0000002067   0.0001284943   0.0001771092   0.0000313855
        0.0003239170  -0.0003796482  -0.0000897438  -0.0003817716   0.0002030620
        0.0001275770  -0.0000358750   0.0000224157   0.0000543803  -0.0001682372
        0.0003298743   0.0001146306   0.0005152028   0.0001567302   0.0003629134
       -0.0006461901  -0.0002086887   0.0001025035   0.0000189061   0.0002418909
       -0.0002363742   0.0000581544  -0.0007868026  -0.0010661093   0.0000809521
        0.0005896571  -0.0003976105  -0.0332494164  -0.1132709308  -0.1307745779
        0.1071899829  -0.0250843495  -0.1185208490  -0.1116698878   0.0396532631
       -0.1297136714  -0.0001404822   0.0004733665  -0.0002895047  -0.0000192775
       -0.0000316440  -0.0000650863  -0.0000182930   0.0000248179   0.0000026421
       -0.0000084822   0.0000108881   0.0000034394  -0.0000221067   0.0000088390
        0.0000057987   0.0000126887  -0.0000213446  -0.0000359878
       -0.0018363258  -0.0003269685  -0.0002028784   0.0038769717   0.0057751532
       -0.0026088380  -0.0019593779  -0.0017460360   0.0009595855   0.0035475009
       -0.0016113727  -0.0023081093  -0.0237199903  -0.0230278420   0.0078230785
       -0.2229097149  -0.0525612424   0.0277687666  -0.0556908768  -0.0007312693
       -0.0014666012  -0.0006494288  -0.0003837894   0.0012486108   0.6608916256
       -0.0071273815  -0.0641058911  -0.2419506271   0.1010220396   0.0355238202
       -0.0062219404   0.0279424108   0.0056973338   0.0093082829  -0.0044861671
       -0.0026430403  -0.0051721893  -0.0033186839  -0.0010641160  -0.0044219814
        0.0015400925   0.0002118585  -0.0537901810   0.0000598040   0.0015904084
        0.0031328157   0.0215109204   0.0062976356  -0.0002779427  -0.0144477905
       -0.0030428558  -0.0076396965  -0.0028956411  -0.0013342122  -0.0007939708
       -0.0000269880   0.0000114165  -0.0001148310   0.0001558745   0.0001299712
       -0.0001958028   0.0000531350  -0.0002686113  -0.0006971581  -0.0000641306
        0.0003781691  -0.0011222963  -0.0008123728   0.0010154008   0.0010727124
        0.0007491594   0.0001271279   0.0008564550   0.0008229439   0.0000371693
        0.0003679779  -0.0002059319  -0.0007083683  -0.0004529594  -0.0004750236
        0.0004146633  -0.0524228237  -0.0470142123  -0.0113230697  -0.0001294898
       -0.0004888130   0.0006798734   0.0000195580   0.0002494169   0.0003594547
       -0.0003742478   0.0001708880   0.0003071817  -0.0016719934   0.0009618329
        0.0002950796   0.0011419459   0.0007379856   0.0001999864
        0.0011040657   0.0002014275  -0.0002022794   0.0031399600   0.0008256535
        0.0044273729  -0.0007928862  -0.0004913920   0.0001040700   0.0000944126
       -0.0022198976   0.0064092785  -0.0327467871  -0.0153468516   0.0070061013
       -0.0614429570  -0.0995352447   0.0085752657   0.0118098341   0.0076680864
       -0.0020666145   0.0036552248  -0.0015942375  -0.0004060178  -0.0071273815
        0.6623069373   0.0642919409   0.1106032901  -0.1597387337  -0.0266824581
        0.0393090859  -0.0448095970  -0.0118891931  -0.0121280042  -0.0034776742
       -0.0023357094   0.0060288042   0.0057923401   0.0018417026  -0.0001347733
       -0.0076020379  -0.0031407776  -0.0010186221   0.0241986611   0.0057607497
        0.0055669639  -0.0208177664  -0.0043744317  -0.0215571642  -0.0005591707
       -0.0010237982   0.0018066729   0.0024334204   0.0003149943   0.0003644526
       -0.0000874692  -0.0000282479  -0.0000347788  -0.0000311745   0.0000298012
       -0.0000989147  -0.0000365739  -0.0000042377   0.0002751604  -0.0003933401
       -0.0007497540  -0.0013125488  -0.0004156840   0.0004083750  -0.0001938602
        0.0002927614  -0.0018442191   0.0001527276   0.0000572769   0.0006891853
        0.0002571756   0.0003747987  -0.0007009880   0.0007900649  -0.0000207519
        0.0001885772  -0.0474109251  -0.3465481383  -0.0444586146   0.0005296469
        0.0010677314   0.0003220946   0.0013556740  -0.0014167542  -0.0005178288
        0.0000672704  -0.0001121949   0.0001729217  -0.0006750181   0.0001343844
       -0.0000866240  -0.0002358650  -0.0000987948  -0.0000306369
       -0.0003823909  -0.0001989250   0.0000417917  -0.0006521188   0.0040160658
        0.0027552279   0.0007290665  -0.0009743278   0.0006450389  -0.0022554125
        0.0050580774   0.0031368498   0.0177939619   0.0105857179  -0.0019366219
        0.0192809857   0.0067141785  -0.0354043457  -0.0076192217  -0.0000640848
        0.0017992761  -0.0017977221  -0.0015316551  -0.0024954056  -0.0641058911
        0.0642919409   0.0707954176   0.0346851480  -0.0268436833  -0.0347028153
        0.0096209350  -0.0125369604   0.0011069025  -0.0030593912  -0.0019348993
        0.0037224560   0.0013476888   0.0018353658   0.0006125586   0.0008918014
       -0.0030064047   0.0028695641   0.0001730934   0.0030164448   0.0024398085
        0.0007574319  -0.0037833477  -0.0027383325  -0.0043607984  -0.0005552979
        0.0025751218   0.0002292980   0.0002377196   0.0012619525  -0.0001416340
        0.0000089180  -0.0000813199   0.0000667213  -0.0001217371  -0.0000707779
        0.0001027534  -0.0000247750   0.0002021492   0.0001544366  -0.0007562364
       -0.0009431111   0.0008200292   0.0002739269  -0.0001806920   0.0008682216
       -0.0025206370  -0.0007338628   0.0001911486  -0.0010295912   0.0000884567
       -0.0013030210  -0.0000874648   0.0008804636  -0.0007037236   0.0001213248
        0.0004669207  -0.0025399560  -0.0412829986  -0.0133711576   0.0006976166
        0.0011323833  -0.0013523938   0.0003622992  -0.0002368935  -0.0003490656
        0.0001044468   0.0002529497  -0.0009162077   0.0000594706  -0.0000818604
        0.0000601306  -0.0000152733   0.0000267666  -0.0001839774
        0.0002654211  -0.0002694517   0.0003481362  -0.0037285578  -0.0000130078
       -0.0013140396   0.0005549498   0.0005181572  -0.0003227386  -0.0006306935
       -0.0005736462   0.0007388988   0.0032023951   0.0025351638  -0.0002033623
       -0.0442205080   0.0070685576   0.0004594773  -0.0003496918  -0.0004613085
        0.0014251567   0.0014384219  -0.0009498680   0.0005783833  -0.2419506271
        0.1106032901   0.0346851480   0.6484260512  -0.0283033570  -0.0141757039
       -0.0859477363  -0.0042513143  -0.0001714343   0.0180331491   0.0242870661
        0.0076464445  -0.0072345490  -0.0200241966  -0.0048128503  -0.0511256732
        0.0202786991   0.0060885134  -0.2243394199  -0.0708647014  -0.0175001269
       -0.0034749337  -0.0477439965  -0.0134764621  -0.0188692580   0.0117576426
        0.0019551184   0.0120003654   0.0057744044   0.0026151241   0.0002707924
        0.0001864819  -0.0001443966   0.0000894462  -0.0002556378  -0.0000584061
        0.0001074952  -0.0000766372   0.0002708411   0.0006503334   0.0002144253
       -0.0000834241   0.0005480916   0.0006204957  -0.0005334237  -0.0001065376
        0.0001467686   0.0002665228  -0.0004480685  -0.0001626612  -0.0000124780
       -0.0005322188   0.0009069168  -0.0011707108   0.0005829632  -0.0001920307
        0.0002957390   0.0077173979   0.0125944403   0.0053583389  -0.0043624835
       -0.0271687147  -0.0086335103  -0.0035004802   0.0030365799   0.0003237636
        0.0007584091  -0.0008854099  -0.0003017816  -0.0024340851   0.0025579732
        0.0000779656  -0.0013901607  -0.0008911229  -0.0002187226
       -0.0005482117   0.0000488741  -0.0002022185   0.0017740288   0.0005650015
       -0.0002185244  -0.0001529024  -0.0004401989   0.0002740302   0.0005289677
       -0.0003634222  -0.0011535086  -0.0038772063  -0.0018202119  -0.0006022342
        0.0099686110   0.0128480600   0.0027383459  -0.0056372894  -0.0009780716
        0.0005048092  -0.0003966665   0.0005286615   0.0002405677   0.1010220396
       -0.1597387337  -0.0268436833  -0.0283033570   0.6110663316   0.1282728230
       -0.0542833158  -0.2531960348  -0.0639528696   0.0734290651  -0.0377800390
       -0.0100942071  -0.0300041925  -0.0381447692  -0.0093172349  -0.0110893053
        0.0497657653   0.0138238298  -0.0492497703  -0.1286202710  -0.0164029337
       -0.0246147685  -0.0023802719   0.0000129906   0.0063211445  -0.0011828713
       -0.0002489931  -0.0050841227  -0.0083274382  -0.0028202615  -0.0002835527
       -0.0000901068   0.0000840846  -0.0000392785   0.0001590800   0.0000474741
       -0.0000540639   0.0000563239  -0.0001904158  -0.0004468260  -0.0000443164
        0.0002418834  -0.0004348657  -0.0004544164   0.0003847115  -0.0004969959
       -0.0000463248   0.0008959706   0.0002379150   0.0002542064  -0.0000355355
        0.0006485913  -0.0006979855   0.0008222649  -0.0003464016   0.0001453440
       -0.0001531006   0.0221433749  -0.0266518869  -0.0076748212  -0.0048300861
       -0.0139358459  -0.0031136408   0.0025927811   0.0003819848  -0.0022229038
       -0.0010034337   0.0000234447  -0.0000680993   0.0035422017  -0.0008354137
       -0.0026068885  -0.0010321079  -0.0001144477  -0.0004217109
       -0.0002852250  -0.0000339363  -0.0000574660  -0.0006569743   0.0005821801
        0.0008903324   0.0002501495   0.0003293757  -0.0002234565   0.0000067891
        0.0003801896   0.0004546064   0.0014740966  -0.0001208317  -0.0004846785
        0.0007338444  -0.0005913561  -0.0070437126  -0.0019167365  -0.0003132237
        0.0009937153  -0.0008599464   0.0000710198  -0.0000506763   0.0355238202
       -0.0266824581  -0.0347028153  -0.0141757039   0.1282728230   0.1669571225
       -0.0165218698  -0.0603607999  -0.0713632383   0.0208794467  -0.0098746750
       -0.0048818283  -0.0085413219  -0.0092911634  -0.0084454811  -0.0039979205
        0.0144865300   0.0024519905  -0.0083094478  -0.0171380279  -0.0539478126
       -0.0062881107  -0.0019632285  -0.0025074439   0.0015210554   0.0006191521
       -0.0008192986  -0.0006678165  -0.0024321008   0.0015825707  -0.0000738141
       -0.0000013812  -0.0000223606   0.0000075588   0.0000277789   0.0000200339
       -0.0000450051   0.0000260133  -0.0000836673  -0.0000994764  -0.0000723547
       -0.0001684514  -0.0000784490  -0.0000155718   0.0000371959   0.0000928133
        0.0001983261  -0.0005432173   0.0000357661  -0.0000554305  -0.0000124764
        0.0002709171   0.0001186422  -0.0002243071  -0.0000662129   0.0000339449
       -0.0001714581   0.0025025868  -0.0055019160  -0.0031915311  -0.0014393824
       -0.0056412044  -0.0001851829   0.0005173854  -0.0027485595   0.0088355812
       -0.0002684592  -0.0001106029   0.0002898319   0.0009339065  -0.0018420735
        0.0059424458  -0.0004582636  -0.0003550798   0.0006751338
       -0.0000527933  -0.0000275380  -0.0000553212   0.0002056410  -0.0003355025
        0.0001953230  -0.0002760976   0.0002696798  -0.0002218974   0.0008869492
        0.0004412022   0.0001976517  -0.0021960842   0.0006839905   0.0004037567
        0.0018274811   0.0021178248   0.0008969656   0.0002796527  -0.0003397988
        0.0002575040  -0.0003018111   0.0000684341  -0.0000426959  -0.0062219404
        0.0393090859   0.0096209350  -0.0859477363  -0.0542833158  -0.0165218698
        0.6987216766  -0.0294486797   0.0082836614  -0.2789559647   0.1581080737
        0.0418187730  -0.0667425509  -0.0167275515  -0.0061574172  -0.0077409986
        0.0250301298   0.0069399292   0.0128714781  -0.0272519679  -0.0062128000
       -0.0048384254   0.0000822179   0.0002826719   0.0018834892   0.0003171683
        0.0000755453  -0.0007113853  -0.0017279015  -0.0005795461  -0.0000824629
       -0.0000195871   0.0000254480  -0.0000060753   0.0000569202   0.0000151979
       -0.0000286560   0.0000279370  -0.0000607122  -0.0001341297  -0.0000768544
       -0.0000519047  -0.0000755767  -0.0000840834   0.0001345061  -0.0005068436
       -0.0001238604   0.0005418950   0.0001276965   0.0000034776  -0.0000133484
        0.0000860078  -0.0000823143   0.0001944889  -0.0000952562   0.0000183650
       -0.0000640864  -0.0049735939   0.0008024262   0.0006411967  -0.2531925574
       -0.0956343819  -0.0402811022   0.0005355233   0.0006103631   0.0009554360
       -0.0047328260  -0.0022420951  -0.0010199195   0.0006624579   0.0006531499
       -0.0000606951  -0.0002742879  -0.0001950134  -0.0001375693
        0.0002307777  -0.0001040065   0.0001018804  -0.0009299417   0.0000779883
       -0.0003174213   0.0001016898   0.0000001472   0.0000395348  -0.0003601790
       -0.0003551125   0.0003441414   0.0010439924  -0.0004525708  -0.0002338792
       -0.0052456639  -0.0017606857  -0.0003808387   0.0003000556   0.0010379357
       -0.0001566348   0.0002481400  -0.0002923005  -0.0000083048   0.0279424108
       -0.0448095970  -0.0125369604  -0.0042513143  -0.2531960348  -0.0603607999
       -0.0294486797   0.5822059057   0.1445685549   0.0878559821  -0.1697955493
       -0.0363378028   0.0341676064   0.0500322959   0.0140910988   0.0191347082
       -0.0435022226  -0.0107910874  -0.0561889366  -0.0123665580  -0.0064749734
       -0.0017285985  -0.0086176648  -0.0037304887  -0.0056568085   0.0036056017
        0.0008512582   0.0020609678   0.0004696791   0.0003789274   0.0001300506
        0.0000497567  -0.0000384065   0.0000295357  -0.0000807898  -0.0000256897
        0.0000331087  -0.0000129129   0.0000828479   0.0002344683   0.0000933720
       -0.0000369684   0.0001944166   0.0002474535  -0.0001756165   0.0004130029
        0.0002734489  -0.0002700745  -0.0001324969  -0.0000490731   0.0000360900
       -0.0000350286   0.0002744546  -0.0003335388   0.0001288056  -0.0000115267
        0.0000933451   0.0051279437   0.0027684116   0.0000522968  -0.0961017836
       -0.0858589152  -0.0211310852   0.0234503904  -0.0190906978  -0.0060235932
       -0.0025617397   0.0002794914  -0.0017070320   0.0002742257  -0.0004650053
        0.0004788319  -0.0004611079  -0.0005947191  -0.0000476113
        0.0000719126  -0.0000770106   0.0000453103  -0.0002447078   0.0000739611
       -0.0000427834   0.0000718614   0.0000239217   0.0001014295  -0.0001283779
       -0.0003262551  -0.0000699500   0.0006891446   0.0002546375  -0.0010576685
       -0.0012809832   0.0001054939  -0.0016512684   0.0000119879  -0.0000003989
        0.0000820857   0.0001684652  -0.0002239512   0.0000348879   0.0056973338
       -0.0118891931   0.0011069025  -0.0001714343  -0.0639528696  -0.0713632383
        0.0082836614   0.1445685549   0.1523061470   0.0217193633  -0.0354864329
       -0.0519157710   0.0077630482   0.0134919563   0.0056831699   0.0054478552
       -0.0104845087  -0.0065278589  -0.0162493341  -0.0051443073   0.0003298273
       -0.0004582565  -0.0029965092   0.0066721147  -0.0008771789   0.0006699405
       -0.0006740189   0.0002918231   0.0003669596  -0.0009464507   0.0000232195
        0.0000075864  -0.0000075372   0.0000250823  -0.0000330881  -0.0000067736
        0.0000394920  -0.0000171864   0.0000526950   0.0001301067   0.0000038194
        0.0000630839   0.0000533923   0.0000057885  -0.0000190751   0.0014454034
       -0.0005899663  -0.0003096277  -0.0000192590  -0.0000091970   0.0000657014
        0.0000183542  -0.0000496298  -0.0000565348   0.0000440484  -0.0000197797
        0.0000399103   0.0013230436   0.0005465545   0.0034064046  -0.0400174508
       -0.0208423046  -0.0399409651   0.0072000283  -0.0061969095  -0.0006700532
       -0.0011550945  -0.0017053693   0.0057156676   0.0000907410  -0.0000986060
        0.0000892560  -0.0000072914   0.0000242991  -0.0005350186
        0.0001520590  -0.0000791718   0.0000754677  -0.0005546467   0.0001692593
       -0.0002295988   0.0000837343  -0.0001427709   0.0000610277  -0.0002232662
       -0.0003432408   0.0002439815   0.0009843414  -0.0002485190   0.0000693654
       -0.0023989698  -0.0007364325  -0.0004486488   0.0005396146   0.0007669819
       -0.0001199336   0.0001613913  -0.0004271977  -0.0001234645   0.0093082829
       -0.0121280042  -0.0030593912   0.0180331491   0.0734290651   0.0208794467
       -0.2789559647   0.0878559821   0.0217193633   0.6558085098  -0.0204845381
        0.0049616764  -0.2713586584  -0.0395953856  -0.0159673286   0.0141928623
       -0.0860800567  -0.0239561291  -0.0472698789   0.0191571049   0.0036524311
       -0.0014306100  -0.0151295680  -0.0033641800  -0.0070144798   0.0052918370
        0.0009259427   0.0050670832   0.0020452111   0.0007232868   0.0000917886
        0.0000462897  -0.0000329149   0.0000209002  -0.0000797341  -0.0000312710
        0.0000307393  -0.0000108264   0.0000898039   0.0002017996   0.0001076445
        0.0000126235   0.0001196550   0.0002181045  -0.0001447293  -0.0003231199
        0.0001501448   0.0004044949  -0.0000700125  -0.0001573191  -0.0000085956
       -0.0001251362   0.0002840385  -0.0000986417   0.0000734715  -0.0000025404
        0.0000642111   0.0021418707   0.0022208687   0.0008849374  -0.0269342234
        0.0136994096   0.0032225750  -0.0454362539  -0.0199633830  -0.0076752540
       -0.0251759694  -0.0084663158  -0.0026523418   0.0008620458  -0.0005618196
        0.0001619359  -0.0006021089  -0.0008051183  -0.0002401483
       -0.0000549193   0.0000284377  -0.0000307450   0.0000977320  -0.0000573673
        0.0001182541  -0.0000955086   0.0001254863  -0.0001162440   0.0003082883
        0.0001030640  -0.0000392869  -0.0006683166  -0.0001266733   0.0003370866
        0.0010277710   0.0003616616   0.0000422367  -0.0002655247  -0.0001479494
        0.0001372969  -0.0000260349   0.0000989862   0.0000383442  -0.0044861671
       -0.0034776742  -0.0019348993   0.0242870661  -0.0377800390  -0.0098746750
        0.1581080737  -0.1697955493  -0.0354864329  -0.0204845381   0.6291736472
        0.1520923029  -0.1158792764  -0.1228400620  -0.0242955759  -0.0287129996
       -0.0263261905  -0.0079805662   0.0017258295   0.0029350865   0.0022556202
       -0.0001273790  -0.0016232790  -0.0003716094  -0.0004938418   0.0010986302
        0.0001301218   0.0007381385   0.0004440591   0.0001887205  -0.0000270350
       -0.0000093514   0.0000089378  -0.0000122516   0.0000284545   0.0000098672
       -0.0000071118   0.0000020620  -0.0000301591  -0.0000725466  -0.0000173593
       -0.0000111174  -0.0000452909  -0.0000322927   0.0000559984   0.0001185818
        0.0000799933  -0.0001607266  -0.0000022905   0.0000843802   0.0000006849
        0.0000477548  -0.0000598000  -0.0000238933  -0.0000029419   0.0000164941
       -0.0000282100   0.0008265225  -0.0012151281  -0.0009556106  -0.0089618052
        0.0058841936   0.0012683020  -0.0207185602  -0.2776859826  -0.0736130517
        0.0146761562   0.0057672125   0.0018831676  -0.0009254525  -0.0048844738
       -0.0035717320   0.0001078776  -0.0001526770  -0.0000424066
       -0.0000131396   0.0000136170  -0.0000229389   0.0003147733   0.0001198682
       -0.0001434025   0.0000788037  -0.0002024708   0.0001547487  -0.0001980457
       -0.0000289479  -0.0001723574   0.0002641545  -0.0001829459  -0.0002223745
        0.0008349939   0.0005482378   0.0006536265  -0.0003615058   0.0000737816
       -0.0000141972   0.0000428489   0.0000046646   0.0000228278  -0.0026430403
       -0.0023357094   0.0037224560   0.0076464445  -0.0100942071  -0.0048818283
        0.0418187730  -0.0363378028  -0.0519157710   0.0049616764   0.1520923029
        0.1623710513  -0.0387234086  -0.0238037964  -0.0556433397  -0.0080736404
       -0.0083941299  -0.0010778272   0.0000398831   0.0025120693  -0.0044291632
       -0.0000182040  -0.0005818441  -0.0004109102  -0.0002423842   0.0003052272
        0.0002523198   0.0002898231   0.0002611241  -0.0001259772  -0.0000087348
       -0.0000031715   0.0000044210  -0.0000080477   0.0000091335   0.0000035316
       -0.0000050945   0.0000008046  -0.0000110044  -0.0000307273   0.0000154240
        0.0000324912  -0.0000307386  -0.0000351981  -0.0000002509   0.0000493335
        0.0000971290   0.0000090387   0.0000089985   0.0000260619   0.0000186988
        0.0000028111  -0.0000342037   0.0000002858   0.0000069799   0.0000101863
       -0.0000060721   0.0006252999  -0.0005613538   0.0008663652  -0.0035421128
        0.0022108306   0.0006716049  -0.0065921278  -0.0735337113  -0.0578940015
        0.0037792649   0.0015153521   0.0004145273  -0.0002854175  -0.0036134063
        0.0076954916   0.0000115072  -0.0000729156   0.0000779299
       -0.0000721653   0.0000435196  -0.0000406085   0.0002384626  -0.0001456341
        0.0001731248  -0.0000495712   0.0001321331  -0.0000800886   0.0002515580
        0.0002105909  -0.0000648766  -0.0005333099   0.0001534580   0.0001480843
        0.0011290628   0.0002697407   0.0003215915  -0.0000611496  -0.0004374967
        0.0001109052  -0.0000425371   0.0002295979   0.0000562373  -0.0051721893
        0.0060288042   0.0013476888  -0.0072345490  -0.0300041925  -0.0085413219
       -0.0667425509   0.0341676064   0.0077630482  -0.2713586584  -0.1158792764
       -0.0387234086   0.6515113503  -0.0244980973   0.0035435596  -0.0932994236
        0.0187928945   0.0053435857   0.0247750468   0.0099335710   0.0036950915
       -0.0033171779   0.0141001299   0.0033739253   0.0047628560  -0.0019474197
       -0.0003886730  -0.0039382651  -0.0025031777  -0.0008544506  -0.0000492299
       -0.0000173552   0.0000109128  -0.0000217426   0.0000457241   0.0000128685
       -0.0000199787   0.0000033442  -0.0000366118  -0.0001091340  -0.0000522986
       -0.0000192397  -0.0000796861  -0.0000794152   0.0000675445  -0.0001603362
        0.0000589478  -0.0001977823   0.0000145358   0.0000782687  -0.0000125071
        0.0000177206  -0.0001580041   0.0000801177  -0.0000306853   0.0000026186
       -0.0000173228  -0.0011293767  -0.0013642877  -0.0005694544  -0.0030831707
        0.0029739977   0.0007694857  -0.0029890333  -0.0029057354   0.0000005444
       -0.2199904223   0.1183409210   0.0297281358  -0.0037708342  -0.0259996896
       -0.0071578782   0.0005545843   0.0004262122   0.0001577723
       -0.0000556971   0.0000580812  -0.0000418972   0.0002433287  -0.0001518853
        0.0001430175  -0.0000626870   0.0001745173  -0.0000895744   0.0002988240
        0.0002727532  -0.0000549321  -0.0004465887   0.0000367619   0.0000910871
        0.0009298446   0.0003245193   0.0002117153  -0.0001737527  -0.0004050735
        0.0001077635  -0.0000007236   0.0002784542   0.0000675585  -0.0033186839
        0.0057923401   0.0018353658  -0.0200241966  -0.0381447692  -0.0092911634
       -0.0167275515   0.0500322959   0.0134919563  -0.0395953856  -0.1228400620
       -0.0238037964  -0.0244980973   0.6384137290   0.1438625334  -0.0543511460
       -0.3379481802  -0.0775020439   0.0592172471  -0.0540471417  -0.0142028413
        0.0037439306   0.0170126581   0.0016875046   0.0074019909  -0.0069276776
       -0.0009051400  -0.0053716377  -0.0018781352  -0.0004054093  -0.0000455101
       -0.0000179861   0.0000087923  -0.0000341824   0.0000551329   0.0000177558
       -0.0000252224  -0.0000058641  -0.0000496529  -0.0001166121  -0.0000529925
       -0.0000283288  -0.0000489461  -0.0000889001   0.0000668591  -0.0000167022
        0.0000139855  -0.0002340643  -0.0000438568   0.0001400573   0.0000130424
        0.0000122249  -0.0001799308  -0.0000256532  -0.0000005995   0.0000060319
       -0.0000283772  -0.0016147562  -0.0012319898  -0.0004718976   0.0038024076
       -0.0001011725  -0.0021628749  -0.0253610293  -0.0140971859  -0.0046707735
        0.1185896282  -0.1216436833  -0.0231110952  -0.0029844240  -0.0137608780
       -0.0048412246   0.0006785620   0.0009121900   0.0003157885
       -0.0000192579   0.0000224034  -0.0000081336   0.0000332738  -0.0000878400
        0.0000942762  -0.0000471992   0.0000905284  -0.0000700943   0.0001444468
        0.0001464564   0.0000082653  -0.0002401436   0.0000730607   0.0002068542
        0.0000889259   0.0001174078  -0.0001624514  -0.0000052602  -0.0001888661
        0.0000386697   0.0000026725   0.0000800688   0.0000250111  -0.0010641160
        0.0018417026   0.0006125586  -0.0048128503  -0.0093172349  -0.0084454811
       -0.0061574172   0.0140910988   0.0056831699  -0.0159673286  -0.0242955759
       -0.0556433397   0.0035435596   0.1438625334   0.1466502989  -0.0147081208
       -0.0772726873  -0.0651411571   0.0156031925  -0.0157827376  -0.0010664761
        0.0010505936   0.0035535421   0.0086230301   0.0025207641  -0.0020850194
       -0.0016525853  -0.0016007171  -0.0001633671  -0.0009997554  -0.0000179127
       -0.0000073280   0.0000038358  -0.0000117306   0.0000206266   0.0000058809
       -0.0000071495  -0.0000017922  -0.0000150140  -0.0000431147  -0.0000237170
       -0.0000215349  -0.0000150091  -0.0000236334   0.0000260457  -0.0001360576
        0.0000268390  -0.0000812237  -0.0000127586   0.0000475546   0.0000075502
        0.0000103450  -0.0000594906  -0.0000140219   0.0000012336   0.0000018010
       -0.0000092910  -0.0004971761  -0.0004130502  -0.0000627725   0.0008158306
       -0.0026986070   0.0078404569  -0.0077493675  -0.0048255423   0.0004945320
        0.0298163110  -0.0229415509  -0.0374114890  -0.0007583535  -0.0040877399
        0.0005311959   0.0002398920   0.0003001561  -0.0000468102
       -0.0000177364   0.0000396792   0.0000065153  -0.0000995875  -0.0000704584
       -0.0000028586  -0.0000184829   0.0001517023  -0.0000896833   0.0001421260
        0.0001182637   0.0000419108  -0.0000823659   0.0001308181   0.0001029847
       -0.0013400163   0.0005382520   0.0000205722  -0.0001034607  -0.0001879141
        0.0000990192   0.0001561928   0.0001814916   0.0000615900  -0.0044219814
       -0.0001347733   0.0008918014  -0.0511256732  -0.0110893053  -0.0039979205
       -0.0077409986   0.0191347082   0.0054478552   0.0141928623  -0.0287129996
       -0.0080736404  -0.0932994236  -0.0543511460  -0.0147081208   0.6360603059
        0.0266684308   0.0092521499  -0.2362926375   0.1108392703   0.0281468453
        0.0041430199   0.0283636713   0.0066626609   0.0074767495  -0.0088614107
       -0.0016156690  -0.0072713385  -0.0050793252  -0.0014334452  -0.0000157038
        0.0000014941  -0.0000088573  -0.0000138755   0.0000097779   0.0000051344
       -0.0000083706  -0.0000094881  -0.0000068911  -0.0000359755  -0.0000355451
       -0.0000293485  -0.0000150006  -0.0000269055   0.0000141621  -0.0001243026
        0.0000600295  -0.0001807332  -0.0000990653   0.0000199482   0.0000062281
       -0.0000950858  -0.0001247620  -0.0000301574   0.0000258872  -0.0000191753
        0.0000265807  -0.0011217940  -0.0006503165  -0.0001381727   0.0006545563
        0.0006000891   0.0004389663  -0.0047764163  -0.0031687103  -0.0011390143
        0.0002169444   0.0242053622   0.0065782500  -0.2552239448  -0.0998091458
       -0.0266252642   0.0002745932   0.0012683925   0.0002765499
        0.0000149440  -0.0000760546   0.0000343393  -0.0002955212   0.0001802741
       -0.0001453751   0.0001421313  -0.0002090446   0.0001294250  -0.0004275156
       -0.0002901294   0.0000152050   0.0006221824   0.0000517237  -0.0002472738
       -0.0019377646  -0.0001169515  -0.0005918691  -0.0000312105   0.0002027620
       -0.0000164896  -0.0001089460  -0.0002878384  -0.0001054571   0.0015400925
       -0.0076020379  -0.0030064047   0.0202786991   0.0497657653   0.0144865300
        0.0250301298  -0.0435022226  -0.0104845087  -0.0860800567  -0.0263261905
       -0.0083941299   0.0187928945  -0.3379481802  -0.0772726873   0.0266684308
        0.6527685078   0.1416694025   0.0729978392  -0.1292160333  -0.0232887888
        0.0183998390  -0.0488629447  -0.0115662051  -0.0072995498  -0.0009514654
       -0.0011802279   0.0110138639  -0.0000009826   0.0002219000   0.0000427739
        0.0000181185  -0.0000059115   0.0000319551  -0.0000452508  -0.0000179367
        0.0000283157   0.0000078036   0.0000486065   0.0001097197   0.0000713165
        0.0000366659   0.0000506645   0.0000935034  -0.0000846775   0.0000656463
        0.0000056004   0.0002202620   0.0000578069  -0.0001170045   0.0000032666
        0.0000444704   0.0001744780   0.0000270177  -0.0000082912   0.0000048560
        0.0000147474   0.0016708152   0.0009030400   0.0004873529   0.0002465166
       -0.0002907005  -0.0003407409  -0.0026890135   0.0004331100  -0.0024069471
        0.0009631092  -0.0192389677  -0.0048538748  -0.0997497866  -0.0888235242
       -0.0133005277  -0.0001851846  -0.0007753358  -0.0000846873
        0.0000204021  -0.0000065401   0.0000059145   0.0000456102  -0.0000521124
       -0.0001554531   0.0000239409  -0.0000887186   0.0000631252  -0.0001210654
       -0.0001546109  -0.0000797252  -0.0000745005   0.0000178892  -0.0000566609
       -0.0002915704   0.0000000972   0.0013883847   0.0001011348   0.0000626841
       -0.0000545552   0.0000187192  -0.0000329089   0.0000002067   0.0002118585
       -0.0031407776   0.0028695641   0.0060885134   0.0138238298   0.0024519905
        0.0069399292  -0.0107910874  -0.0065278589  -0.0239561291  -0.0079805662
       -0.0010778272   0.0053435857  -0.0775020439  -0.0651411571   0.0092521499
        0.1416694025   0.1533845608   0.0172982712  -0.0231423231  -0.0509141884
        0.0049663792  -0.0098007301  -0.0062254087  -0.0015915294  -0.0014803541
        0.0034965042   0.0022155507  -0.0007297523   0.0007683375   0.0000130111
        0.0000010309   0.0000039880   0.0000053913  -0.0000075996  -0.0000042501
        0.0000070071   0.0000019000   0.0000106132   0.0000235413   0.0000294887
        0.0000383348   0.0000022616   0.0000096260  -0.0000161786   0.0000452900
        0.0000053599   0.0001004227   0.0000211195  -0.0000118229  -0.0000054543
        0.0000078934   0.0000292607   0.0000202673  -0.0000043073   0.0000007435
        0.0000084942   0.0004500745   0.0001525684   0.0001404928   0.0001083283
       -0.0000267185  -0.0002799935  -0.0010190504  -0.0020906218   0.0061128421
        0.0002777203  -0.0047671573  -0.0019439921  -0.0264990105  -0.0139204466
       -0.0381243505   0.0000694795  -0.0000769887  -0.0002569894
       -0.0002469047  -0.0000143895  -0.0000476199   0.0005833177   0.0003078805
       -0.0001512625   0.0002052605  -0.0002720671   0.0002026534  -0.0001495399
       -0.0001066466  -0.0005127824  -0.0001219725   0.0004266602  -0.0004098251
        0.0007972079   0.0043748432  -0.0006545117  -0.0023592393  -0.0009751516
        0.0003157983  -0.0001877128   0.0000582433   0.0001284943  -0.0537901810
       -0.0010186221   0.0001730934  -0.2243394199  -0.0492497703  -0.0083094478
        0.0128714781  -0.0561889366  -0.0162493341  -0.0472698789   0.0017258295
        0.0000398831   0.0247750468   0.0592172471   0.0156031925  -0.2362926375
        0.0729978392   0.0172982712   0.6445051714  -0.0158779433  -0.0029644648
       -0.0642614246  -0.0216254338  -0.0025501848  -0.0033995524   0.0385973093
        0.0069672223  -0.0211818812  -0.0391020389  -0.0117664957  -0.0001312638
       -0.0000244632   0.0000241883  -0.0000091005   0.0000545615   0.0000190595
       -0.0000296330   0.0000214835  -0.0000751435  -0.0001549111  -0.0000075831
        0.0001193590  -0.0001332068  -0.0001907995   0.0001027376   0.0001002395
       -0.0003446686   0.0002966255   0.0001801120  -0.0000152139  -0.0000440130
        0.0000790606  -0.0000390858   0.0002375894  -0.0000937519   0.0000054580
       -0.0001021078  -0.0001479015  -0.0030120395  -0.0006922951   0.0007523575
        0.0003171252   0.0000702876  -0.0005284331   0.0002221698   0.0000084507
        0.0010775484  -0.0010176861  -0.0000769085  -0.0264506987   0.0125675115
        0.0042418236  -0.0046475555  -0.0018116225  -0.0012423328
       -0.0000935300   0.0001826576  -0.0000981057   0.0010637728  -0.0001633386
        0.0004415243  -0.0000924183   0.0000901919  -0.0000232086   0.0003855792
        0.0004522279  -0.0004230646  -0.0008889932   0.0005852245   0.0002636805
        0.0051778878  -0.0005538578   0.0000508394  -0.0002484263  -0.0009032021
       -0.0000198605   0.0000293729   0.0006383598   0.0001771092   0.0000598040
        0.0241986611   0.0030164448  -0.0708647014  -0.1286202710  -0.0171380279
       -0.0272519679  -0.0123665580  -0.0051443073   0.0191571049   0.0029350865
        0.0025120693   0.0099335710  -0.0540471417  -0.0157827376   0.1108392703
       -0.1292160333  -0.0231423231  -0.0158779433   0.5634130587   0.1137849983
       -0.0158241954  -0.1710632738  -0.0255052443   0.0377576832  -0.0575026457
       -0.0146153288  -0.0413298777  -0.0306359289  -0.0121371384  -0.0001082897
       -0.0000621581   0.0000249480  -0.0000769918   0.0001146314   0.0000475290
       -0.0000750761  -0.0000130560  -0.0001373811  -0.0002479046  -0.0001265045
        0.0000159690  -0.0001158701  -0.0002803948   0.0001750549   0.0000849734
       -0.0003979936  -0.0002140844  -0.0000951699   0.0002549242  -0.0000010584
        0.0000895975  -0.0003840365  -0.0000096084  -0.0000605108  -0.0000051864
       -0.0000699921  -0.0043347777  -0.0057583918  -0.0016852104  -0.0004933122
       -0.0049985210  -0.0031326337   0.0003484420   0.0002890381   0.0006726470
       -0.0001077569  -0.0049992849  -0.0033655228  -0.0081546534   0.0060234836
        0.0016398326   0.0014153081   0.0029202330  -0.0001778082
        0.0000357403   0.0000351681  -0.0000205291   0.0003003892  -0.0001968980
       -0.0000580198   0.0000832283  -0.0000355682   0.0000456432  -0.0000908261
       -0.0001669658  -0.0001380551  -0.0004052525   0.0000456492   0.0001695314
        0.0018111049  -0.0010933432   0.0030588809   0.0004818312   0.0002299516
       -0.0001005212   0.0000965628   0.0001387405   0.0000313855   0.0015904084
        0.0057607497   0.0024398085  -0.0175001269  -0.0164029337  -0.0539478126
       -0.0062128000  -0.0064749734   0.0003298273   0.0036524311   0.0022556202
       -0.0044291632   0.0036950915  -0.0142028413  -0.0010664761   0.0281468453
       -0.0232887888  -0.0509141884  -0.0029644648   0.1137849983   0.1426790188
       -0.0033145552  -0.0281807781  -0.0709489231   0.0066417886  -0.0134262538
        0.0124369589  -0.0113027900  -0.0117166712   0.0036808047  -0.0000132377
       -0.0000188671   0.0000114579  -0.0000094507   0.0000202725   0.0000021580
       -0.0000009960  -0.0000048848  -0.0000112685  -0.0000450784  -0.0000060272
        0.0000512956  -0.0000606938  -0.0000923221   0.0000208255  -0.0001874147
       -0.0000765459   0.0000456932  -0.0000233639   0.0000446443  -0.0000260261
       -0.0000084197  -0.0000860869   0.0000778504  -0.0000214971  -0.0000155036
        0.0000197297  -0.0010997975  -0.0011833913  -0.0013864440  -0.0005018386
       -0.0032626555   0.0054830439   0.0000685471   0.0002396664  -0.0003111556
       -0.0001520502  -0.0034998817   0.0070634164  -0.0022965457   0.0013585808
        0.0013027104  -0.0003927692  -0.0004818600   0.0044085426
        0.0002858159  -0.0000025847   0.0000866898  -0.0004901715  -0.0001050209
       -0.0000358283   0.0000859878   0.0001348935  -0.0000449173  -0.0001315509
       -0.0000942761  -0.0000064768   0.0008588187   0.0006634769  -0.0000857259
       -0.0045361335  -0.0010783036   0.0005106565   0.0007563562  -0.0001912126
        0.0000317005   0.0008930324   0.0004844188   0.0003239170   0.0031328157
        0.0055669639   0.0007574319  -0.0034749337  -0.0246147685  -0.0062881107
       -0.0048384254  -0.0017285985  -0.0004582565  -0.0014306100  -0.0001273790
       -0.0000182040  -0.0033171779   0.0037439306   0.0010505936   0.0041430199
        0.0183998390   0.0049663792  -0.0642614246  -0.0158241954  -0.0033145552
        0.6463244259  -0.1547797882   0.0019039400  -0.3230200356   0.2410381987
        0.0333875234  -0.2302118547  -0.0479958145  -0.0259265707   0.0000576095
        0.0000539321  -0.0000573818  -0.0000882624  -0.0000304645  -0.0000031734
       -0.0000482213  -0.0000411502   0.0000265127   0.0001124118   0.0000283810
       -0.0000093006   0.0000755775   0.0001023295  -0.0000820196  -0.0000382344
       -0.0000081947  -0.0000807688  -0.0006878578   0.0002937820   0.0000062341
       -0.0003363945  -0.0002420992  -0.0005986192   0.0002708594  -0.0001005533
        0.0001810529  -0.0122771538  -0.0069234491  -0.0017318715  -0.0002249117
       -0.0012418678  -0.0003806073  -0.0000648261   0.0001127399  -0.0000145037
       -0.0001924180   0.0014299178   0.0003390670  -0.0017061931   0.0016500807
        0.0003071788  -0.0056199397  -0.0185731635  -0.0047419860
        0.0002408760  -0.0003195987   0.0001419542  -0.0015403976   0.0000902285
       -0.0002481825   0.0001628802  -0.0001371951   0.0000270256  -0.0005498206
       -0.0004847615   0.0007232932   0.0016960990  -0.0004027762  -0.0002055021
       -0.0055789698  -0.0021592872  -0.0008877398   0.0019405939   0.0011904757
       -0.0002464870  -0.0004282950  -0.0013407327  -0.0003796482   0.0215109204
       -0.0208177664  -0.0037833477  -0.0477439965  -0.0023802719  -0.0019632285
        0.0000822179  -0.0086176648  -0.0029965092  -0.0151295680  -0.0016232790
       -0.0005818441   0.0141001299   0.0170126581   0.0035535421   0.0283636713
       -0.0488629447  -0.0098007301  -0.0216254338  -0.1710632738  -0.0281807781
       -0.1547797882   0.6399779229   0.0955001267   0.2319699598  -0.3069164624
       -0.0353756568  -0.0207458568  -0.0960311664  -0.0124200352   0.0002102389
        0.0000865831  -0.0000326384   0.0001238309  -0.0001360065  -0.0000818565
        0.0001202464   0.0000383345   0.0002192912   0.0004207153   0.0001904151
       -0.0000927708   0.0002404785   0.0004929921  -0.0003020490  -0.0002998722
        0.0003208825   0.0001974753   0.0003284224  -0.0002360127  -0.0000106056
       -0.0000453293   0.0008249656  -0.0000155086   0.0001220969   0.0000851089
        0.0000953580   0.0101066738   0.0122931959   0.0036575248   0.0005173102
        0.0003819259   0.0002728528  -0.0001288250   0.0010373203   0.0003162524
       -0.0008037139   0.0007249454  -0.0002698299  -0.0019665284   0.0015630667
        0.0006777799  -0.0408909665  -0.0147818210  -0.0075075279
        0.0000649239  -0.0000492849   0.0000198738  -0.0004106164   0.0000513145
       -0.0001010108   0.0000709206  -0.0000291848  -0.0000022609  -0.0001695605
       -0.0001524808   0.0001518762   0.0005934309  -0.0002160550  -0.0002020752
       -0.0016583319  -0.0007623527   0.0003407817   0.0006129080   0.0001919398
       -0.0000021284  -0.0000271661  -0.0001157091  -0.0000897438   0.0062976356
       -0.0043744317  -0.0027383325  -0.0134764621   0.0000129906  -0.0025074439
        0.0002826719  -0.0037304887   0.0066721147  -0.0033641800  -0.0003716094
       -0.0004109102   0.0033739253   0.0016875046   0.0086230301   0.0066626609
       -0.0115662051  -0.0062254087  -0.0025501848  -0.0255052443  -0.0709489231
        0.0019039400   0.0955001267   0.1920936021   0.0305189485  -0.0355912226
       -0.0656640283  -0.0192123071  -0.0143156069  -0.0565335630   0.0000723050
        0.0000369206  -0.0000178714   0.0000143036  -0.0000450490  -0.0000003449
        0.0000058206   0.0000009332   0.0000394898   0.0001139258   0.0000679036
       -0.0000231530   0.0000630172   0.0001437398  -0.0000897433  -0.0000890839
        0.0001867921   0.0000345463  -0.0000343603  -0.0000546754   0.0000677794
       -0.0001063589   0.0001035684  -0.0001502726   0.0000410671   0.0000083292
        0.0000200198   0.0012755058   0.0022638582   0.0011273843  -0.0000066811
        0.0003564358  -0.0003682971   0.0000254284   0.0008409630  -0.0018096845
       -0.0001933269  -0.0001312267   0.0007914741  -0.0006533283   0.0011465983
       -0.0025113723  -0.0100413910  -0.0055890913   0.0004145957
       -0.0001126955  -0.0000749672  -0.0000257713   0.0000693268   0.0002213714
       -0.0000468536  -0.0000364615  -0.0001543137   0.0000402282  -0.0000069720
       -0.0000347220   0.0004534141  -0.0006720541  -0.0009350974   0.0000893755
        0.0028152423  -0.0015013161  -0.0012540157   0.0000002821   0.0007241483
       -0.0000210828  -0.0005820372  -0.0006624188  -0.0003817716  -0.0002779427
       -0.0215571642  -0.0043607984  -0.0188692580   0.0063211445   0.0015210554
        0.0018834892  -0.0056568085  -0.0008771789  -0.0070144798  -0.0004938418
       -0.0002423842   0.0047628560   0.0074019909   0.0025207641   0.0074767495
       -0.0072995498  -0.0015915294  -0.0033995524   0.0377576832   0.0066417886
       -0.3230200356   0.2319699598   0.0305189485   0.4341577138  -0.2891955626
       -0.0325341494  -0.1064526761   0.0355096996  -0.0026447345  -0.0000004353
       -0.0000099000   0.0000250466   0.0000755982  -0.0000198556  -0.0000190264
        0.0000506053   0.0000329019   0.0000331925   0.0000088124   0.0000114385
       -0.0000344074  -0.0000338211   0.0000380056  -0.0000027771  -0.0000099044
        0.0001683637   0.0000758752   0.0005086772  -0.0003762612   0.0000435584
        0.0001892702   0.0003360375   0.0004024709  -0.0001439490   0.0001080920
       -0.0000892677   0.0056061748   0.0057391702   0.0013763935   0.0000210195
        0.0001443364  -0.0000146774  -0.0000171546   0.0001834549  -0.0001908987
       -0.0001475532   0.0002953247   0.0000260633   0.0002485056  -0.0006286263
       -0.0004107850   0.0029226596   0.0016372822   0.0009739346
       -0.0000784926   0.0002063714  -0.0000644160   0.0008327500  -0.0000222800
        0.0001646596  -0.0000785425   0.0000764911  -0.0000201048   0.0001930311
        0.0002711840  -0.0001086565  -0.0012665154   0.0001369798   0.0001641003
        0.0031651616  -0.0009638055  -0.0001753359  -0.0006855497  -0.0003825084
        0.0001263087   0.0005151716   0.0008647008   0.0002030620  -0.0144477905
       -0.0005591707  -0.0005552979   0.0117576426  -0.0011828713   0.0006191521
        0.0003171683   0.0036056017   0.0006699405   0.0052918370   0.0010986302
        0.0003052272  -0.0019474197  -0.0069276776  -0.0020850194  -0.0088614107
       -0.0009514654  -0.0014803541   0.0385973093  -0.0575026457  -0.0134262538
        0.2410381987  -0.3069164624  -0.0355912226  -0.2891955626   0.3617789698
        0.0509753056   0.0187162320   0.0171834998   0.0006387021  -0.0000955150
       -0.0000425322   0.0000060631  -0.0000779364   0.0000413482   0.0000434480
       -0.0000708879  -0.0000367403  -0.0001026058  -0.0001993803  -0.0001311930
        0.0000303593  -0.0001363976  -0.0002718568   0.0001563558   0.0001855251
       -0.0001709552  -0.0001076746  -0.0003427749  -0.0000610841   0.0000067259
       -0.0000530061  -0.0004723333   0.0000354246  -0.0000428870  -0.0001110329
       -0.0000612987  -0.0052216497  -0.0068603761  -0.0017024532  -0.0001717915
       -0.0001284468  -0.0000422682   0.0000570357  -0.0004679609   0.0000011062
        0.0003891812  -0.0012582283  -0.0001631148  -0.0001805713   0.0001411205
        0.0002215529   0.0020978376   0.0000167296   0.0013185827
       -0.0000232329   0.0000094275   0.0000272082   0.0001301959  -0.0000418171
        0.0000162549  -0.0000029397  -0.0000070992   0.0000290301   0.0000160356
       -0.0000158116   0.0000259036  -0.0003329630   0.0000214091   0.0001254426
        0.0005812749  -0.0003870040  -0.0000801585  -0.0001069849   0.0001538551
       -0.0000694809  -0.0001470664  -0.0001531735   0.0001275770  -0.0030428558
       -0.0010237982   0.0025751218   0.0019551184  -0.0002489931  -0.0008192986
        0.0000755453   0.0008512582  -0.0006740189   0.0009259427   0.0001301218
        0.0002523198  -0.0003886730  -0.0009051400  -0.0016525853  -0.0016156690
       -0.0011802279   0.0034965042   0.0069672223  -0.0146153288   0.0124369589
        0.0333875234  -0.0353756568  -0.0656640283  -0.0325341494   0.0509753056
        0.0350521294  -0.0069073168   0.0015673548   0.0223634416  -0.0000379841
       -0.0000225524   0.0000048868   0.0000026482   0.0000132873  -0.0000294886
        0.0000122057   0.0000108404  -0.0000063374  -0.0000417538  -0.0000296923
        0.0000043348  -0.0000411135  -0.0000604552   0.0000267351   0.0000279521
       -0.0001028502  -0.0000309412   0.0001159495  -0.0000343704  -0.0002611785
        0.0002288622   0.0001918110   0.0002835223  -0.0000270814  -0.0000013769
       -0.0000218985  -0.0003815692  -0.0005973630  -0.0032094615  -0.0000224282
       -0.0000507103  -0.0000063949   0.0000041757  -0.0001687098   0.0002508386
        0.0000815415  -0.0000823326  -0.0005176635  -0.0000195325  -0.0000622710
        0.0002159855   0.0011611200   0.0012420639  -0.0042712602
       -0.0002598418   0.0001000151  -0.0000941939   0.0007220526  -0.0000079750
        0.0001636849  -0.0000365392  -0.0000579998   0.0000389310   0.0000750587
        0.0002385678  -0.0002700350  -0.0009193583   0.0000910215   0.0001117165
        0.0033675989   0.0009054323  -0.0000179693  -0.0007621317  -0.0004858114
        0.0000546210  -0.0005517996   0.0001539693  -0.0000358750  -0.0076396965
        0.0018066729   0.0002292980   0.0120003654  -0.0050841227  -0.0006678165
       -0.0007113853   0.0020609678   0.0002918231   0.0050670832   0.0007381385
        0.0002898231  -0.0039382651  -0.0053716377  -0.0016007171  -0.0072713385
        0.0110138639   0.0022155507  -0.0211818812  -0.0413298777  -0.0113027900
       -0.2302118547  -0.0207458568  -0.0192123071  -0.1064526761   0.0187162320
       -0.0069073168   0.3868818133   0.0441296767   0.0398620253  -0.0000713288
       -0.0000721862   0.0000529486   0.0000392573   0.0000541108   0.0000231204
        0.0000106149   0.0000158983  -0.0000717346  -0.0001586850  -0.0000707227
        0.0000290116  -0.0000850406  -0.0002018497   0.0001247195   0.0001467455
       -0.0001403932  -0.0000452044   0.0004438085  -0.0000647863  -0.0000060514
        0.0002225576  -0.0000660798   0.0003483477  -0.0001757198  -0.0000063871
       -0.0001594954   0.0031815808   0.0030696100   0.0003293539  -0.0001769588
       -0.0003291043  -0.0001382734   0.0000382991  -0.0003211545   0.0000223743
        0.0002010040  -0.0002968514   0.0000074253   0.0018484388   0.0000711303
        0.0000634589  -0.0336417777  -0.0085125109  -0.0037284542
       -0.0000891822   0.0000795887  -0.0000385429   0.0003241979  -0.0000171983
        0.0000499367  -0.0000168523   0.0000304975  -0.0000146565   0.0000877555
        0.0001159561  -0.0001662102  -0.0004554497   0.0000618847   0.0000721085
        0.0015539205   0.0004780314   0.0002170147  -0.0003661538  -0.0001961155
        0.0000413418  -0.0000856655   0.0002148060   0.0000224157  -0.0028956411
        0.0024334204   0.0002377196   0.0057744044  -0.0083274382  -0.0024321008
       -0.0017279015   0.0004696791   0.0003669596   0.0020452111   0.0004440591
        0.0002611241  -0.0025031777  -0.0018781352  -0.0001633671  -0.0050793252
       -0.0000009826  -0.0007297523  -0.0391020389  -0.0306359289  -0.0117166712
       -0.0479958145  -0.0960311664  -0.0143156069   0.0355096996   0.0171834998
        0.0015673548   0.0441296767   0.4936459628   0.1091122005  -0.0000208195
       -0.0000276532   0.0000124974  -0.0000034976   0.0000182480   0.0000151372
       -0.0000031584  -0.0000051931  -0.0000350951  -0.0000682895  -0.0000384147
        0.0000165514  -0.0000292468  -0.0001038565   0.0000567928   0.0001289208
       -0.0000501251  -0.0000491566   0.0000216435   0.0000171325   0.0000218153
        0.0000637365  -0.0001571296   0.0000684042  -0.0000359951  -0.0000033918
       -0.0000356899  -0.0004685943  -0.0009956611  -0.0003936236  -0.0002245151
       -0.0006756253  -0.0002883945   0.0000007393  -0.0002292143  -0.0001596266
        0.0001918275  -0.0000418448  -0.0000069755   0.0007293187  -0.0038870135
       -0.0013930228   0.0106102670  -0.3718906782  -0.0802008817
       -0.0000397697   0.0000132503   0.0000036144   0.0001340531   0.0000173873
        0.0000650059  -0.0000175780  -0.0000108203   0.0000132347   0.0000383798
        0.0001322239  -0.0000406257  -0.0001343170   0.0000452340   0.0000791684
        0.0006147974   0.0003625077  -0.0006584463  -0.0002677918  -0.0001896243
        0.0000637762  -0.0001072056   0.0000363473   0.0000543803  -0.0013342122
        0.0003149943   0.0012619525   0.0026151241  -0.0028202615   0.0015825707
       -0.0005795461   0.0003789274  -0.0009464507   0.0007232868   0.0001887205
       -0.0001259772  -0.0008544506  -0.0004054093  -0.0009997554  -0.0014334452
        0.0002219000   0.0007683375  -0.0117664957  -0.0121371384   0.0036808047
       -0.0259265707  -0.0124200352  -0.0565335630  -0.0026447345   0.0006387021
        0.0223634416   0.0398620253   0.1091122005   0.0615572480  -0.0000197551
       -0.0000172445   0.0000069413   0.0000029962   0.0000148784  -0.0000027772
        0.0000023661   0.0000048523  -0.0000176745  -0.0000356570  -0.0000219501
       -0.0000095987  -0.0000093358  -0.0000396425   0.0000193590   0.0000221533
       -0.0000439664  -0.0000532890   0.0000402567   0.0000222042  -0.0000228726
        0.0000856568  -0.0000042275  -0.0000056041  -0.0000032187   0.0000042508
       -0.0000371894   0.0002494191   0.0001356473   0.0000156865  -0.0000293545
       -0.0002432484  -0.0000083710  -0.0000222340  -0.0001947151   0.0002878769
        0.0000563712  -0.0000380056   0.0000557251   0.0001915745  -0.0012375038
       -0.0000248904   0.0005872119  -0.0818204356  -0.0323920386
       -0.2243159564  -0.0825159622   0.0653978822  -0.0269290596  -0.0067203305
        0.0055316395   0.0008825466  -0.0017803183   0.0010900172   0.0000501715
       -0.0004085681   0.0001845544   0.0003064301  -0.0000889442   0.0000693380
       -0.0005508151  -0.0006302084   0.0002779647  -0.0040210446   0.0027162086
       -0.0018532860   0.0000484620   0.0004099338  -0.0001682372  -0.0007939708
        0.0003644526  -0.0001416340   0.0002707924  -0.0002835527  -0.0000738141
       -0.0000824629   0.0001300506   0.0000232195   0.0000917886  -0.0000270350
       -0.0000087348  -0.0000492299  -0.0000455101  -0.0000179127  -0.0000157038
        0.0000427739   0.0000130111  -0.0001312638  -0.0001082897  -0.0000132377
        0.0000576095   0.0002102389   0.0000723050  -0.0000004353  -0.0000955150
       -0.0000379841  -0.0000713288  -0.0000208195  -0.0000197551   0.2619744747
        0.0945387180  -0.0749080801  -0.0043690893  -0.0047744452   0.0014558021
       -0.0031740697  -0.0022593504   0.0038431717   0.0005079200   0.0010547067
       -0.0005793537   0.0001232842  -0.0000279877   0.0000277091   0.0000178716
        0.0000432924  -0.0000084027   0.0000662555   0.0001033791  -0.0000065878
        0.0000854549   0.0000361627  -0.0000452217  -0.0000840343   0.0000772176
       -0.0001350230   0.0000864607   0.0000912164   0.0000245751   0.0000036528
       -0.0000228086   0.0000025783   0.0000023125   0.0000003440   0.0000025731
        0.0000063271  -0.0000005510  -0.0000005568   0.0000025298   0.0000003184
        0.0000009918   0.0000041197  -0.0000088170   0.0000004888
       -0.0832467410  -0.0813868473   0.0289422332   0.0123311729   0.0057192495
       -0.0044131067   0.0024423065   0.0004938554  -0.0003096365  -0.0000844105
        0.0000427163  -0.0000783073   0.0000249840   0.0000208608  -0.0000163988
        0.0007602599   0.0002954429   0.0001495329   0.0022157042  -0.0015276114
        0.0016542173  -0.0003685140   0.0000048530   0.0003298743  -0.0000269880
       -0.0000874692   0.0000089180   0.0001864819  -0.0000901068  -0.0000013812
       -0.0000195871   0.0000497567   0.0000075864   0.0000462897  -0.0000093514
       -0.0000031715  -0.0000173552  -0.0000179861  -0.0000073280   0.0000014941
        0.0000181185   0.0000010309  -0.0000244632  -0.0000621581  -0.0000188671
        0.0000539321   0.0000865831   0.0000369206  -0.0000099000  -0.0000425322
       -0.0000225524  -0.0000721862  -0.0000276532  -0.0000172445   0.0945387180
        0.0931909270  -0.0364733250  -0.0279359015  -0.0164146185   0.0092128810
       -0.0006776460   0.0004631256   0.0007509390   0.0001602639  -0.0008622670
        0.0006074256  -0.0000305894   0.0000464173  -0.0000426223  -0.0000563966
        0.0000156951  -0.0000197159   0.0001076038   0.0000516553   0.0000672805
       -0.0000900865   0.0000594686  -0.0000590773  -0.0002391507  -0.0000510559
       -0.0003077427   0.0000353501  -0.0000104813   0.0000061202  -0.0000006876
        0.0000133599   0.0000062675  -0.0000011296   0.0000081878   0.0000038292
       -0.0000075184   0.0000034373   0.0000012981  -0.0000046266  -0.0000017606
       -0.0000007498   0.0000093170   0.0000081889   0.0000048720
        0.0660215749   0.0286884160  -0.0669772923  -0.0088914853  -0.0034103247
        0.0030889789  -0.0015554806  -0.0003933046   0.0000780200   0.0000465743
       -0.0000440781   0.0000212613  -0.0000476676  -0.0000315617   0.0000522874
       -0.0005986935   0.0000462714   0.0001145387  -0.0014079776   0.0018161545
       -0.0002258064   0.0003081165   0.0001581314   0.0001146306   0.0000114165
       -0.0000282479  -0.0000813199  -0.0001443966   0.0000840846  -0.0000223606
        0.0000254480  -0.0000384065  -0.0000075372  -0.0000329149   0.0000089378
        0.0000044210   0.0000109128   0.0000087923   0.0000038358  -0.0000088573
       -0.0000059115   0.0000039880   0.0000241883   0.0000249480   0.0000114579
       -0.0000573818  -0.0000326384  -0.0000178714   0.0000250466   0.0000060631
        0.0000048868   0.0000529486   0.0000124974   0.0000069413  -0.0749080801
       -0.0364733250   0.0751290743  -0.0082039159  -0.0045873798   0.0035082336
        0.0293324765   0.0139872517  -0.0147330763  -0.0000936941   0.0005374011
       -0.0001653607   0.0000166182  -0.0000461992   0.0000109545   0.0000333127
       -0.0000184206   0.0000077114   0.0000758928  -0.0000197373   0.0000495716
        0.0000214372  -0.0000024843   0.0000503017  -0.0000364761  -0.0002319864
       -0.0000162102  -0.0000224626  -0.0000003609  -0.0000068312   0.0000020912
       -0.0000050185  -0.0000056996   0.0000019832  -0.0000064801  -0.0000023653
        0.0000031754  -0.0000031109  -0.0000016755   0.0000038067  -0.0000000709
        0.0000002220  -0.0000075364   0.0000000980   0.0000020897
       -0.0432018690  -0.0154741535  -0.0037032842   0.0001679102   0.0229527965
        0.0059282408  -0.0021204268   0.0012804697  -0.0002417529  -0.0000771381
        0.0000114723  -0.0011451082   0.0002357953   0.0002550731  -0.0001242689
        0.0005250849  -0.0007848312  -0.0005665345  -0.0004859405   0.0014031422
       -0.0004705504  -0.0000521183  -0.0000424310   0.0005152028  -0.0001148310
       -0.0000347788   0.0000667213   0.0000894462  -0.0000392785   0.0000075588
       -0.0000060753   0.0000295357   0.0000250823   0.0000209002  -0.0000122516
       -0.0000080477  -0.0000217426  -0.0000341824  -0.0000117306  -0.0000138755
        0.0000319551   0.0000053913  -0.0000091005  -0.0000769918  -0.0000094507
       -0.0000882624   0.0001238309   0.0000143036   0.0000755982  -0.0000779364
        0.0000026482   0.0000392573  -0.0000034976   0.0000029962  -0.0043690893
       -0.0279359015  -0.0082039159   0.0498300760   0.0174132914   0.0061110825
        0.0012051253   0.0009390695   0.0007985332  -0.0000975002   0.0001368167
        0.0001053588  -0.0001320355   0.0001229568  -0.0001286432  -0.0000028438
        0.0000734624   0.0001521578  -0.0003852957  -0.0002570759  -0.0002915608
        0.0002091324  -0.0001002317  -0.0001004101  -0.0011703771   0.0000680226
        0.0013269445  -0.0000678298   0.0000629022  -0.0000393168   0.0000139637
       -0.0000148412  -0.0000126568   0.0000069046  -0.0000065386  -0.0000008162
        0.0000044539  -0.0000030247  -0.0000001651   0.0000030761  -0.0000003515
        0.0000004374  -0.0000103732  -0.0000064994  -0.0000044464
       -0.0175220594  -0.2558743967  -0.0740933015   0.0050759802  -0.0210031497
       -0.0015849599   0.0025105822  -0.0012735824   0.0002533336   0.0000029991
        0.0002013459   0.0011799852  -0.0000848343   0.0001748549  -0.0000976329
       -0.0003444549  -0.0000194953   0.0006333931  -0.0012225682  -0.0002336059
        0.0004685796  -0.0003668960   0.0002358756   0.0001567302   0.0001558745
       -0.0000311745  -0.0001217371  -0.0002556378   0.0001590800   0.0000277789
        0.0000569202  -0.0000807898  -0.0000330881  -0.0000797341   0.0000284545
        0.0000091335   0.0000457241   0.0000551329   0.0000206266   0.0000097779
       -0.0000452508  -0.0000075996   0.0000545615   0.0001146314   0.0000202725
       -0.0000304645  -0.0001360065  -0.0000450490  -0.0000198556   0.0000413482
        0.0000132873   0.0000541108   0.0000182480   0.0000148784  -0.0047744452
       -0.0164146185  -0.0045873798   0.0174132914   0.2972969918   0.0828345697
       -0.0007505267  -0.0035370797  -0.0040583730   0.0001784477  -0.0000099755
       -0.0003977882   0.0000937104  -0.0001365337   0.0001071033   0.0000395883
       -0.0001114678  -0.0001458067   0.0000582424   0.0000922285  -0.0000916472
       -0.0001832233   0.0000754494  -0.0001138902  -0.0001053123   0.0004344602
       -0.0003863408   0.0000335668  -0.0000243044   0.0000261560  -0.0000233490
       -0.0000064333   0.0000000426  -0.0000101493  -0.0000001490  -0.0000026203
       -0.0000045006  -0.0000014333   0.0000001609  -0.0000020836   0.0000008418
       -0.0000010209  -0.0000032827   0.0000105037   0.0000022040
       -0.0036581445  -0.0723945069  -0.0636196568  -0.0010734614   0.0115428075
        0.0031409174  -0.0013459997   0.0009072963  -0.0005058544  -0.0002983038
        0.0002269905  -0.0008533664   0.0001134542   0.0000892097  -0.0000591126
       -0.0001053228  -0.0001569524  -0.0002971360   0.0004172288   0.0000289034
        0.0006604479   0.0001366130   0.0001770563   0.0003629134   0.0001299712
        0.0000298012  -0.0000707779  -0.0000584061   0.0000474741   0.0000200339
        0.0000151979  -0.0000256897  -0.0000067736  -0.0000312710   0.0000098672
        0.0000035316   0.0000128685   0.0000177558   0.0000058809   0.0000051344
       -0.0000179367  -0.0000042501   0.0000190595   0.0000475290   0.0000021580
       -0.0000031734  -0.0000818565  -0.0000003449  -0.0000190264   0.0000434480
       -0.0000294886   0.0000231204   0.0000151372  -0.0000027772   0.0014558021
        0.0092128810   0.0035082336   0.0061110825   0.0828345697   0.0741271232
       -0.0027144789  -0.0327331818  -0.0155793843  -0.0000450125   0.0000580558
        0.0001528208  -0.0000781479   0.0000708806  -0.0000447006   0.0000125505
        0.0000625883   0.0000885611   0.0000471120   0.0000777309   0.0000035740
       -0.0002184445   0.0000569949  -0.0001532126   0.0011380153  -0.0001050610
       -0.0009067964   0.0000152786  -0.0000350541   0.0000507252  -0.0000014904
       -0.0000036100  -0.0000018252  -0.0000014083  -0.0000006528  -0.0000003763
        0.0000002482  -0.0000000216   0.0000000887   0.0000004742   0.0000005598
       -0.0000001197  -0.0000011197  -0.0000030136   0.0000089442
       -0.0413319886  -0.0011505989   0.0044238537  -0.0008402110   0.0015597766
       -0.0238256266  -0.0017287226   0.0004287446  -0.0009243517  -0.0001755302
        0.0009302115   0.0005402483   0.0001291770   0.0001409131  -0.0000798320
        0.0003455311   0.0006324204   0.0011199525  -0.0006199466   0.0007124255
       -0.0006744631  -0.0006447142  -0.0000022812  -0.0006461901  -0.0001958028
       -0.0000989147   0.0001027534   0.0001074952  -0.0000540639  -0.0000450051
       -0.0000286560   0.0000331087   0.0000394920   0.0000307393  -0.0000071118
       -0.0000050945  -0.0000199787  -0.0000252224  -0.0000071495  -0.0000083706
        0.0000283157   0.0000070071  -0.0000296330  -0.0000750761  -0.0000009960
       -0.0000482213   0.0001202464   0.0000058206   0.0000506053  -0.0000708879
        0.0000122057   0.0000106149  -0.0000031584   0.0000023661  -0.0031740697
       -0.0006776460   0.0293324765   0.0012051253  -0.0007505267  -0.0027144789
        0.0482926759  -0.0002983832  -0.0066456334  -0.0000793626  -0.0000948947
       -0.0001729969  -0.0000973462   0.0001096742  -0.0000736815   0.0000195279
       -0.0001494781  -0.0001762980   0.0003397476  -0.0000889746   0.0002964384
       -0.0001832317   0.0000310847  -0.0000320341  -0.0013252651  -0.0012389532
        0.0002385954  -0.0000140115   0.0000722194  -0.0000668515   0.0000066034
       -0.0000034705  -0.0000242421   0.0000038032  -0.0000022676  -0.0000003165
        0.0000043313  -0.0000012192  -0.0000000153   0.0000035969  -0.0000006647
       -0.0000000554  -0.0000045121  -0.0000053471  -0.0000058974
       -0.0018893041  -0.0384773085  -0.0029209588   0.0033460410  -0.0022516893
        0.0181801372   0.0019505773  -0.0008878317   0.0007615916   0.0003359017
       -0.0010887481  -0.0004777776  -0.0000831624  -0.0000319852   0.0000055152
       -0.0000469205  -0.0004559389  -0.0003517428  -0.0007558968   0.0001111982
        0.0004646259  -0.0003896290   0.0003339461  -0.0002086887   0.0000531350
       -0.0000365739  -0.0000247750  -0.0000766372   0.0000563239   0.0000260133
        0.0000279370  -0.0000129129  -0.0000171864  -0.0000108264   0.0000020620
        0.0000008046   0.0000033442  -0.0000058641  -0.0000017922  -0.0000094881
        0.0000078036   0.0000019000   0.0000214835  -0.0000130560  -0.0000048848
       -0.0000411502   0.0000383345   0.0000009332   0.0000329019  -0.0000367403
        0.0000108404   0.0000158983  -0.0000051931   0.0000048523  -0.0022593504
        0.0004631256   0.0139872517   0.0009390695  -0.0035370797  -0.0327331818
       -0.0002983832   0.0459464382   0.0025552143   0.0000347492   0.0002080334
        0.0002137001   0.0000762222  -0.0000739853   0.0000880322  -0.0000249747
        0.0000884408   0.0001449972   0.0001966346  -0.0000316818  -0.0000032424
        0.0000892775  -0.0000714758   0.0000839100  -0.0012030278  -0.0002445348
        0.0002143497  -0.0000285674   0.0000114563  -0.0000089179   0.0000004888
       -0.0000001075   0.0000138359   0.0000022842  -0.0000026218  -0.0000000694
       -0.0000037444  -0.0000013059  -0.0000004201  -0.0000032612  -0.0000018442
       -0.0000007330  -0.0000016220   0.0000013161  -0.0000041339
        0.0079125679  -0.0048739815  -0.2781951707  -0.0055541182   0.0050121849
       -0.0146421507  -0.0016328166  -0.0000496780  -0.0005219092  -0.0001572290
        0.0005957708   0.0006044432   0.0001029834  -0.0001083533   0.0000919412
        0.0003893314   0.0004315392   0.0001865021   0.0008769277   0.0010732120
       -0.0002037775   0.0006351895  -0.0002453824   0.0001025035  -0.0002686113
       -0.0000042377   0.0002021492   0.0002708411  -0.0001904158  -0.0000836673
       -0.0000607122   0.0000828479   0.0000526950   0.0000898039  -0.0000301591
       -0.0000110044  -0.0000366118  -0.0000496529  -0.0000150140  -0.0000068911
        0.0000486065   0.0000106132  -0.0000751435  -0.0001373811  -0.0000112685
        0.0000265127   0.0002192912   0.0000394898   0.0000331925  -0.0001026058
       -0.0000063374  -0.0000717346  -0.0000350951  -0.0000176745   0.0038431717
        0.0007509390  -0.0147330763   0.0007985332  -0.0040583730  -0.0155793843
       -0.0066456334   0.0025552143   0.3225240245  -0.0000811273  -0.0002492674
       -0.0001980572  -0.0000342859   0.0000976393  -0.0000554059  -0.0000160214
       -0.0000759249  -0.0001318104  -0.0000823624  -0.0001139698  -0.0000757570
        0.0002843327  -0.0000791676   0.0001586087  -0.0005701773  -0.0005474381
        0.0005988627   0.0000131772   0.0000705819  -0.0000745192   0.0000068065
        0.0000083037  -0.0000156654   0.0000042960   0.0000044748   0.0000037775
        0.0000010792   0.0000011025   0.0000000234   0.0000017245  -0.0000019970
       -0.0000005697   0.0000030050   0.0000013724  -0.0000034143
        0.0014055364   0.0018423285  -0.0010154661  -0.0104082397  -0.0042839146
        0.0023290983  -0.2724150553  -0.0688046194   0.0341193053  -0.0252914525
       -0.0056611682   0.0026096488  -0.0028674953   0.0028461744  -0.0024688673
        0.0012615916   0.0004926765  -0.0002288748   0.0003392999  -0.0014567302
        0.0006198028  -0.0005304520  -0.0000186400   0.0000189061  -0.0006971581
        0.0002751604   0.0001544366   0.0006503334  -0.0004468260  -0.0000994764
       -0.0001341297   0.0002344683   0.0001301067   0.0002017996  -0.0000725466
       -0.0000307273  -0.0001091340  -0.0001166121  -0.0000431147  -0.0000359755
        0.0001097197   0.0000235413  -0.0001549111  -0.0002479046  -0.0000450784
        0.0001124118   0.0004207153   0.0001139258   0.0000088124  -0.0001993803
       -0.0000417538  -0.0001586850  -0.0000682895  -0.0000356570   0.0005079200
        0.0001602639  -0.0000936941  -0.0000975002   0.0001784477  -0.0000450125
       -0.0000793626   0.0000347492  -0.0000811273   0.3090506592   0.0754725958
       -0.0363625642   0.0007656410  -0.0003126379   0.0003846979  -0.0014261325
       -0.0003141697   0.0000436739  -0.0000312137  -0.0000679917   0.0000036942
       -0.0000423640  -0.0001186708   0.0001005584   0.0000601180   0.0000270248
        0.0000120560   0.0000884305   0.0001561855  -0.0000369930   0.0000179751
       -0.0000590718  -0.0000435893   0.0000020954   0.0000064486   0.0000087127
       -0.0000023377   0.0000007521   0.0000012483  -0.0000028127  -0.0000017393
        0.0000021815   0.0000117873  -0.0000067976  -0.0000035983
       -0.0016615246  -0.0001208331  -0.0014006777  -0.0232469339  -0.0082422440
        0.0046679985  -0.0688357133  -0.0611694934   0.0152179802   0.0149353768
        0.0039813389  -0.0018677780   0.0024325665   0.0010099598   0.0043042128
        0.0005692285  -0.0002813940   0.0004805729  -0.0009231939  -0.0017422522
        0.0056506128  -0.0012343728  -0.0003996289   0.0002418909  -0.0000641306
       -0.0003933401  -0.0007562364   0.0002144253  -0.0000443164  -0.0000723547
       -0.0000768544   0.0000933720   0.0000038194   0.0001076445  -0.0000173593
        0.0000154240  -0.0000522986  -0.0000529925  -0.0000237170  -0.0000355451
        0.0000713165   0.0000294887  -0.0000075831  -0.0001265045  -0.0000060272
        0.0000283810   0.0001904151   0.0000679036   0.0000114385  -0.0001311930
       -0.0000296923  -0.0000707227  -0.0000384147  -0.0000219501   0.0010547067
       -0.0008622670   0.0005374011   0.0001368167  -0.0000099755   0.0000580558
       -0.0000948947   0.0002080334  -0.0002492674   0.0754725958   0.0682811210
       -0.0256066469   0.0007938733  -0.0002077798  -0.0014989880   0.0008044989
        0.0002015749   0.0000590923  -0.0000576728  -0.0000838473   0.0000612825
       -0.0001326622  -0.0002721091   0.0001722443  -0.0000496172   0.0000751354
       -0.0000511947  -0.0000001382   0.0000768472   0.0000022090  -0.0000199004
       -0.0000014455   0.0000102560  -0.0000019584  -0.0000005127   0.0000057204
       -0.0000017676  -0.0000020908  -0.0000041018   0.0000029374  -0.0000031021
        0.0000011382   0.0000029944   0.0000139817   0.0000013289
        0.0010302812  -0.0013257177  -0.0014553369   0.0147705482   0.0056180161
       -0.0023975430   0.0342750333   0.0151063333  -0.0408541400  -0.0109826039
       -0.0026287831   0.0014184829  -0.0022411058   0.0042625686   0.0044799017
       -0.0003087773   0.0003258468   0.0001224498   0.0003620138   0.0057530074
        0.0034942717   0.0008088923   0.0001754784  -0.0002363742   0.0003781691
       -0.0007497540  -0.0009431111  -0.0000834241   0.0002418834  -0.0001684514
       -0.0000519047  -0.0000369684   0.0000630839   0.0000126235  -0.0000111174
        0.0000324912  -0.0000192397  -0.0000283288  -0.0000215349  -0.0000293485
        0.0000366659   0.0000383348   0.0001193590   0.0000159690   0.0000512956
       -0.0000093006  -0.0000927708  -0.0000231530  -0.0000344074   0.0000303593
        0.0000043348   0.0000290116   0.0000165514  -0.0000095987  -0.0005793537
        0.0006074256  -0.0001653607   0.0001053588  -0.0003977882   0.0001528208
       -0.0001729969   0.0002137001  -0.0001980572  -0.0363625642  -0.0256066469
        0.0382196926  -0.0003879757  -0.0016128877  -0.0015496996  -0.0005295740
        0.0000099245   0.0001068136  -0.0000079255   0.0000585833  -0.0000202453
        0.0000440229   0.0001280256  -0.0001025637   0.0000309691  -0.0000303931
        0.0000426844  -0.0001558918  -0.0000752519  -0.0000491646  -0.0000105709
        0.0000064709  -0.0000369114   0.0000013784  -0.0000087325   0.0000049670
       -0.0000002594   0.0000007430  -0.0000102238   0.0000027134  -0.0000017861
        0.0000055832  -0.0000031508  -0.0000006258   0.0000042618
        0.0001074318   0.0009429355  -0.0005444542  -0.0026597589   0.0023573741
       -0.0020208242   0.0039660457   0.0176184758  -0.0115366070  -0.0550567303
       -0.0440838054   0.0282030275  -0.0080441248  -0.0239417405   0.0158595648
       -0.0045141785  -0.0012977620   0.0001025413  -0.0006196633   0.0002422641
       -0.0002066392   0.0001342504   0.0000254344   0.0000581544  -0.0011222963
       -0.0013125488   0.0008200292   0.0005480916  -0.0004348657  -0.0000784490
       -0.0000755767   0.0001944166   0.0000533923   0.0001196550  -0.0000452909
       -0.0000307386  -0.0000796861  -0.0000489461  -0.0000150091  -0.0000150006
        0.0000506645   0.0000022616  -0.0001332068  -0.0001158701  -0.0000606938
        0.0000755775   0.0002404785   0.0000630172  -0.0000338211  -0.0001363976
       -0.0000411135  -0.0000850406  -0.0000292468  -0.0000093358   0.0001232842
       -0.0000305894   0.0000166182  -0.0001320355   0.0000937104  -0.0000781479
       -0.0000973462   0.0000762222  -0.0000342859   0.0007656410   0.0007938733
       -0.0003879757   0.0664028590   0.0494856464  -0.0308869311   0.0007057526
       -0.0005327620   0.0006094668  -0.0000274302   0.0000193850  -0.0000170494
       -0.0000111477   0.0000104711  -0.0000245623   0.0000032046  -0.0000172930
        0.0000318432  -0.0002430868  -0.0000012797   0.0001444171   0.0000103070
       -0.0001289442  -0.0000040131  -0.0000122293   0.0000142205   0.0000075126
       -0.0000010630   0.0000030791   0.0000047288  -0.0000017317   0.0000031868
       -0.0000013666   0.0000030541  -0.0000144958   0.0000016213
       -0.0001758825  -0.0009044976   0.0004438792   0.0030645515   0.0013942057
        0.0043753966  -0.0023142033  -0.0162084174   0.0110156211  -0.0447463584
       -0.2122108558   0.1166780960  -0.0036395573  -0.0090426378   0.0061982844
       -0.0018944716   0.0030566700   0.0031085069   0.0001840318   0.0007130660
       -0.0003930272   0.0000011946  -0.0004503353  -0.0007868026  -0.0008123728
       -0.0004156840   0.0002739269   0.0006204957  -0.0004544164  -0.0000155718
       -0.0000840834   0.0002474535   0.0000057885   0.0002181045  -0.0000322927
       -0.0000351981  -0.0000794152  -0.0000889001  -0.0000236334  -0.0000269055
        0.0000935034   0.0000096260  -0.0001907995  -0.0002803948  -0.0000923221
        0.0001023295   0.0004929921   0.0001437398   0.0000380056  -0.0002718568
       -0.0000604552  -0.0002018497  -0.0001038565  -0.0000396425  -0.0000279877
        0.0000464173  -0.0000461992   0.0001229568  -0.0001365337   0.0000708806
        0.0001096742  -0.0000739853   0.0000976393  -0.0003126379  -0.0002077798
       -0.0016128877   0.0494856464   0.2348888422  -0.1378574890   0.0005796040
       -0.0001696306  -0.0016001498  -0.0000424103  -0.0001983395   0.0000761944
       -0.0000110666   0.0001056139  -0.0000410678   0.0000504808   0.0000550135
       -0.0000256485   0.0000372601   0.0001887138   0.0000670458  -0.0000539025
       -0.0000587518   0.0000470438  -0.0000046438   0.0000136832   0.0000051870
       -0.0000054744  -0.0000018231   0.0000103999  -0.0000024793  -0.0000045630
       -0.0000007452   0.0000121661   0.0000193776   0.0000035842
        0.0000794700   0.0006018059  -0.0005043641  -0.0022943850   0.0044122404
        0.0045481927   0.0024180620   0.0114407541  -0.0068321166   0.0275013780
        0.1170088838  -0.1101171688   0.0026035286   0.0051235398  -0.0030073913
        0.0000215700   0.0029722904   0.0059742397  -0.0002422772  -0.0004332341
        0.0003389057   0.0000446537  -0.0007787735  -0.0010661093   0.0010154008
        0.0004083750  -0.0001806920  -0.0005334237   0.0003847115   0.0000371959
        0.0001345061  -0.0001756165  -0.0000190751  -0.0001447293   0.0000559984
       -0.0000002509   0.0000675445   0.0000668591   0.0000260457   0.0000141621
       -0.0000846775  -0.0000161786   0.0001027376   0.0001750549   0.0000208255
       -0.0000820196  -0.0003020490  -0.0000897433  -0.0000027771   0.0001563558
        0.0000267351   0.0001247195   0.0000567928   0.0000193590   0.0000277091
       -0.0000426223   0.0000109545  -0.0001286432   0.0001071033  -0.0000447006
       -0.0000736815   0.0000880322  -0.0000554059   0.0003846979  -0.0014989880
       -0.0015496996  -0.0308869311  -0.1378574890   0.1140855130  -0.0001709738
       -0.0017852588  -0.0015201852  -0.0000582846  -0.0002456969   0.0001761688
        0.0000360586   0.0001218521  -0.0001159977   0.0000077014   0.0000545505
       -0.0000614494   0.0000520557  -0.0000805087  -0.0000848252  -0.0000238399
        0.0000662192  -0.0000000790   0.0000081131  -0.0000113950  -0.0000085606
        0.0000059697  -0.0000038316   0.0000028905   0.0000039164   0.0000025376
        0.0000009579  -0.0000119888  -0.0000038159   0.0000060093
        0.0001122297   0.0001188908   0.0000500454   0.0001441659  -0.0005810306
        0.0003896402  -0.0050595777  -0.0025156786   0.0007693888  -0.0244051402
        0.0151632901  -0.0120442782  -0.1839575877   0.0987099564  -0.0828683252
        0.0023079670  -0.0005535460   0.0006853847   0.0005805226  -0.0012656514
        0.0002845744   0.0000646148  -0.0001675611   0.0000809521   0.0010727124
       -0.0001938602   0.0008682216  -0.0001065376  -0.0004969959   0.0000928133
       -0.0005068436   0.0004130029   0.0014454034  -0.0003231199   0.0001185818
        0.0000493335  -0.0001603362  -0.0000167022  -0.0001360576  -0.0001243026
        0.0000656463   0.0000452900   0.0001002395   0.0000849734  -0.0001874147
       -0.0000382344  -0.0002998722  -0.0000890839  -0.0000099044   0.0001855251
        0.0000279521   0.0001467455   0.0001289208   0.0000221533   0.0000178716
       -0.0000563966   0.0000333127  -0.0000028438   0.0000395883   0.0000125505
        0.0000195279  -0.0000249747  -0.0000160214  -0.0014261325   0.0008044989
       -0.0005295740   0.0007057526   0.0005796040  -0.0001709738   0.2111236236
       -0.1099672718   0.0903202668  -0.0000075362   0.0000205695   0.0000200467
        0.0000304380  -0.0000110027  -0.0000264676   0.0000147937  -0.0000226201
        0.0000142990  -0.0001368985  -0.0001628251  -0.0001129524  -0.0002422235
       -0.0000596857   0.0009718073   0.0000388013  -0.0000049862  -0.0000193001
        0.0000148285   0.0000081856  -0.0000168224   0.0000212318  -0.0000050271
        0.0000299815  -0.0000088477  -0.0000355457   0.0000038542
        0.0000217676  -0.0003771879  -0.0008263143  -0.0005462783   0.0000029388
       -0.0000017804  -0.0019112970   0.0027414386   0.0033986802  -0.0046775451
        0.0040199656  -0.0030488168   0.0980008160  -0.1101806274   0.0631064410
        0.0192070998  -0.0150240330   0.0123268370  -0.0019060008  -0.0015050177
        0.0056032798   0.0010242859  -0.0008493888   0.0005896571   0.0007491594
        0.0002927614  -0.0025206370   0.0001467686  -0.0000463248   0.0001983261
       -0.0001238604   0.0002734489  -0.0005899663   0.0001501448   0.0000799933
        0.0000971290   0.0000589478   0.0000139855   0.0000268390   0.0000600295
        0.0000056004   0.0000053599  -0.0003446686  -0.0003979936  -0.0000765459
       -0.0000081947   0.0003208825   0.0001867921   0.0001683637  -0.0001709552
       -0.0001028502  -0.0001403932  -0.0000501251  -0.0000439664   0.0000432924
        0.0000156951  -0.0000184206   0.0000734624  -0.0001114678   0.0000625883
       -0.0001494781   0.0000884408  -0.0000759249  -0.0003141697   0.0002015749
        0.0000099245  -0.0005327620  -0.0001696306  -0.0017852588  -0.1099672718
        0.1205215508  -0.0762450286   0.0000220435  -0.0000312235   0.0000195879
        0.0000655016   0.0000703171  -0.0000637783  -0.0000551003  -0.0003556738
        0.0002078518   0.0002108180   0.0002360052   0.0001569094   0.0005379627
        0.0004703286  -0.0005608688   0.0000728879  -0.0000816624  -0.0000280146
        0.0000252351  -0.0000128950  -0.0000131893   0.0000353493  -0.0000270071
       -0.0000115936   0.0000030842   0.0000362863   0.0000167520
       -0.0000165440  -0.0007204411  -0.0011033840   0.0006316641  -0.0000676370
        0.0000934973   0.0004446231   0.0030777930   0.0056064175   0.0017982481
       -0.0011271126   0.0012207875  -0.0829890167   0.0626010125  -0.0827018949
       -0.0126636724   0.0102358119  -0.0072118099   0.0008218576   0.0054087563
        0.0033959923  -0.0007308524   0.0004879857  -0.0003976105   0.0001271279
       -0.0018442191  -0.0007338628   0.0002665228   0.0008959706  -0.0005432173
        0.0005418950  -0.0002700745  -0.0003096277   0.0004044949  -0.0001607266
        0.0000090387  -0.0001977823  -0.0002340643  -0.0000812237  -0.0001807332
        0.0002202620   0.0001004227   0.0002966255  -0.0002140844   0.0000456932
       -0.0000807688   0.0001974753   0.0000345463   0.0000758752  -0.0001076746
       -0.0000309412  -0.0000452044  -0.0000491566  -0.0000532890  -0.0000084027
       -0.0000197159   0.0000077114   0.0001521578  -0.0001458067   0.0000885611
       -0.0001762980   0.0001449972  -0.0001318104   0.0000436739   0.0000590923
        0.0001068136   0.0006094668  -0.0016001498  -0.0015201852   0.0903202668
       -0.0762450286   0.0865402007   0.0000128045  -0.0000001244   0.0000083667
       -0.0000189264  -0.0000422799   0.0000029088   0.0000907031   0.0001858608
       -0.0001346469  -0.0003900448  -0.0003065066  -0.0000662718   0.0009650497
       -0.0003263835  -0.0022491564  -0.0000296526  -0.0000103232   0.0000209768
       -0.0000452073  -0.0000010232  -0.0000198159  -0.0000276131  -0.0000041122
       -0.0000024499  -0.0000023377  -0.0000183729   0.0000092630
        0.0001014890  -0.0002752708   0.0002177563   0.0000086287  -0.0008414737
        0.0006276019  -0.0001841213   0.0000534569   0.0006293507  -0.0000266002
        0.0000495723  -0.0000424748  -0.0001753941   0.0000537056   0.0001265683
       -0.0004890266   0.0003965984  -0.0007720644  -0.0019797808  -0.0091000185
       -0.0025320906  -0.0513174367  -0.0366581133  -0.0332494164   0.0008564550
        0.0001527276   0.0001911486  -0.0004480685   0.0002379150   0.0000357661
        0.0001276965  -0.0001324969  -0.0000192590  -0.0000700125  -0.0000022905
        0.0000089985   0.0000145358  -0.0000438568  -0.0000127586  -0.0000990653
        0.0000578069   0.0000211195   0.0001801120  -0.0000951699  -0.0000233639
       -0.0006878578   0.0003284224  -0.0000343603   0.0005086772  -0.0003427749
        0.0001159495   0.0004438085   0.0000216435   0.0000402567   0.0000662555
        0.0001076038   0.0000758928  -0.0003852957   0.0000582424   0.0000471120
        0.0003397476   0.0001966346  -0.0000823624  -0.0000312137  -0.0000576728
       -0.0000079255  -0.0000274302  -0.0000424103  -0.0000582846  -0.0000075362
        0.0000220435   0.0000128045   0.0576407955   0.0441747317   0.0364660291
        0.0038303243   0.0199899599   0.0183461668  -0.0075120875  -0.0186730896
       -0.0195887128  -0.0005999869   0.0004834811  -0.0004834027  -0.0000274775
       -0.0000473231  -0.0000165681   0.0000079223  -0.0000299373  -0.0000130337
        0.0000118827  -0.0000233132  -0.0000078221   0.0000107655  -0.0000033352
        0.0000005757  -0.0000807048  -0.0000159988  -0.0000191970
        0.0002463027   0.0000899669  -0.0005422185   0.0012579934  -0.0019779945
        0.0004041532  -0.0000453491   0.0004047216   0.0015147847  -0.0001781280
        0.0000823912  -0.0000839493  -0.0001412502   0.0008128699   0.0011284243
       -0.0025233325  -0.0009811153   0.0004577643  -0.0083117640  -0.0270924999
       -0.0095535620  -0.0368774617  -0.1712796650  -0.1132709308   0.0008229439
        0.0000572769  -0.0010295912  -0.0001626612   0.0002542064  -0.0000554305
        0.0000034776  -0.0000490731  -0.0000091970  -0.0001573191   0.0000843802
        0.0000260619   0.0000782687   0.0001400573   0.0000475546   0.0000199482
       -0.0001170045  -0.0000118229  -0.0000152139   0.0002549242   0.0000446443
        0.0002937820  -0.0002360127  -0.0000546754  -0.0003762612  -0.0000610841
       -0.0000343704  -0.0000647863   0.0000171325   0.0000222042   0.0001033791
        0.0000516553  -0.0000197373  -0.0002570759   0.0000922285   0.0000777309
       -0.0000889746  -0.0000316818  -0.0001139698  -0.0000679917  -0.0000838473
        0.0000585833   0.0000193850  -0.0001983395  -0.0002456969   0.0000205695
       -0.0000312235  -0.0000001244   0.0441747317   0.2018667547   0.1267878506
        0.0002830929  -0.0069764638  -0.0087327592   0.0006244210   0.0052602468
        0.0026412123   0.0014133121  -0.0004144256   0.0005552833  -0.0000412156
        0.0000243515   0.0000014717  -0.0000241900   0.0000127735  -0.0000016080
       -0.0000062567   0.0000005831  -0.0000002340  -0.0000103052   0.0000050906
       -0.0000006364  -0.0000120708   0.0000188190  -0.0000072097
       -0.0000428772   0.0001181273   0.0005084266   0.0002630866   0.0010784995
       -0.0005754973   0.0002850611  -0.0002988557  -0.0008030171   0.0000664522
        0.0001216837  -0.0000650683  -0.0000459297  -0.0003446580  -0.0007866333
       -0.0000569761   0.0006777843  -0.0000536593   0.0030233676   0.0113594687
        0.0103644661  -0.0315588401  -0.1081634140  -0.1307745779   0.0000371693
        0.0006891853   0.0000884567  -0.0000124780  -0.0000355355  -0.0000124764
       -0.0000133484   0.0000360900   0.0000657014  -0.0000085956   0.0000006849
        0.0000186988  -0.0000125071   0.0000130424   0.0000075502   0.0000062281
        0.0000032666  -0.0000054543  -0.0000440130  -0.0000010584  -0.0000260261
        0.0000062341  -0.0000106056   0.0000677794   0.0000435584   0.0000067259
       -0.0002611785  -0.0000060514   0.0000218153  -0.0000228726  -0.0000065878
        0.0000672805   0.0000495716  -0.0002915608  -0.0000916472   0.0000035740
        0.0002964384  -0.0000032424  -0.0000757570   0.0000036942   0.0000612825
       -0.0000202453  -0.0000170494   0.0000761944   0.0001761688   0.0000200467
        0.0000195879   0.0000083667   0.0364660291   0.1267878506   0.1521480302
       -0.0013678655  -0.0165805400  -0.0148613706  -0.0072083982  -0.0152750967
       -0.0154254148   0.0001698117  -0.0003193368   0.0002607481   0.0000044418
       -0.0000034102  -0.0000180582  -0.0000003461   0.0000001340  -0.0000055836
        0.0000000828   0.0000002960  -0.0000017391   0.0000030143  -0.0000016567
       -0.0000025512  -0.0000012920  -0.0000099424   0.0000296418
       -0.0003342435  -0.0003664691   0.0000876210   0.0001670091  -0.0006664280
        0.0014769482  -0.0003472148  -0.0004885448  -0.0001123678   0.0000486668
        0.0001739094  -0.0001184205  -0.0003540493  -0.0001346988   0.0000408126
       -0.0003605961   0.0008196555  -0.0010836590  -0.0092783247  -0.0047708793
        0.0084233762  -0.1968518607   0.0386431006   0.1071899829   0.0003679779
        0.0002571756  -0.0013030210  -0.0005322188   0.0006485913   0.0002709171
        0.0000860078  -0.0000350286   0.0000183542  -0.0001251362   0.0000477548
        0.0000028111   0.0000177206   0.0000122249   0.0000103450  -0.0000950858
        0.0000444704   0.0000078934   0.0000790606   0.0000895975  -0.0000084197
       -0.0003363945  -0.0000453293  -0.0001063589   0.0001892702  -0.0000530061
        0.0002288622   0.0002225576   0.0000637365   0.0000856568   0.0000854549
       -0.0000900865   0.0000214372   0.0002091324  -0.0001832233  -0.0002184445
       -0.0001832317   0.0000892775   0.0002843327  -0.0000423640  -0.0001326622
        0.0000440229  -0.0000111477  -0.0000110666   0.0000360586   0.0000304380
        0.0000655016  -0.0000189264   0.0038303243   0.0002830929  -0.0013678655
        0.2286666298  -0.0421872126  -0.1257731481  -0.0250322787   0.0075438875
        0.0130603918  -0.0000907557   0.0005705401  -0.0011492869  -0.0000032341
       -0.0000993853   0.0000095815   0.0000039598  -0.0000266223  -0.0000095205
        0.0000073566  -0.0000227385   0.0000014258   0.0000092250  -0.0000109990
       -0.0000009418  -0.0000426552  -0.0000281359  -0.0000304508
        0.0002897570   0.0002109327   0.0001221863  -0.0003287810  -0.0029863954
        0.0027121553  -0.0008177894  -0.0010734393  -0.0004349907  -0.0002292047
        0.0000815961  -0.0000542109  -0.0001208216  -0.0000244312  -0.0006557538
       -0.0007714606   0.0003690430   0.0006396360  -0.0209920025   0.0016889526
        0.0158563622   0.0368756710  -0.0488553037  -0.0250843495  -0.0002059319
        0.0003747987  -0.0000874648   0.0009069168  -0.0006979855   0.0001186422
       -0.0000823143   0.0002744546  -0.0000496298   0.0002840385  -0.0000598000
       -0.0000342037  -0.0001580041  -0.0001799308  -0.0000594906  -0.0001247620
        0.0001744780   0.0000292607  -0.0000390858  -0.0003840365  -0.0000860869
       -0.0002420992   0.0008249656   0.0001035684   0.0003360375  -0.0004723333
        0.0001918110  -0.0000660798  -0.0001571296  -0.0000042275   0.0000361627
        0.0000594686  -0.0000024843  -0.0001002317   0.0000754494   0.0000569949
        0.0000310847  -0.0000714758  -0.0000791676  -0.0001186708  -0.0002721091
        0.0001280256   0.0000104711   0.0001056139   0.0001218521  -0.0000110027
        0.0000703171  -0.0000422799   0.0199899599  -0.0069764638  -0.0165805400
       -0.0421872126   0.0589102688   0.0272819621   0.0078400621  -0.0013894267
       -0.0043996271   0.0001484078   0.0004468950   0.0002948549  -0.0000539513
       -0.0000804355   0.0000206936  -0.0000181354   0.0000040152   0.0000104633
       -0.0000231061  -0.0000060883   0.0000009554  -0.0000317323   0.0000060184
        0.0000004478  -0.0000261892   0.0000095169  -0.0000353646
       -0.0005531897  -0.0001318339  -0.0000635268   0.0002201849   0.0020173149
       -0.0018110116   0.0003653632   0.0004333217   0.0006484316   0.0000316948
       -0.0000451756   0.0000460508   0.0001031027  -0.0001974035   0.0005092048
        0.0017998499   0.0005735574  -0.0001052760   0.0144297870   0.0001857000
       -0.0102771707   0.1079678350  -0.0251207955  -0.1185208490  -0.0007083683
       -0.0007009880   0.0008804636  -0.0011707108   0.0008222649  -0.0002243071
        0.0001944889  -0.0003335388  -0.0000565348  -0.0000986417  -0.0000238933
        0.0000002858   0.0000801177  -0.0000256532  -0.0000140219  -0.0000301574
        0.0000270177   0.0000202673   0.0002375894  -0.0000096084   0.0000778504
       -0.0005986192  -0.0000155086  -0.0001502726   0.0004024709   0.0000354246
        0.0002835223   0.0003483477   0.0000684042  -0.0000056041  -0.0000452217
       -0.0000590773   0.0000503017  -0.0001004101  -0.0001138902  -0.0001532126
       -0.0000320341   0.0000839100   0.0001586087   0.0001005584   0.0001722443
       -0.0001025637  -0.0000245623  -0.0000410678  -0.0001159977  -0.0000264676
       -0.0000637783   0.0000029088   0.0183461668  -0.0087327592  -0.0148613706
       -0.1257731481   0.0272819621   0.1363173170  -0.0141098934   0.0036339929
        0.0097460988  -0.0014281794   0.0003226550  -0.0022268847   0.0000203904
        0.0000295707  -0.0000265024   0.0000299020  -0.0000366147  -0.0000093177
        0.0000209340  -0.0000169438  -0.0000114965   0.0000329961  -0.0000133278
        0.0000006062  -0.0000321758  -0.0000054826  -0.0000059971
       -0.0015784309  -0.0006434840   0.0016568555   0.0001357976  -0.0003085831
        0.0005609867  -0.0001236338   0.0000399742  -0.0002434445   0.0000386142
       -0.0000965732   0.0000514200   0.0001753030  -0.0002025371  -0.0000280068
       -0.0006599133  -0.0015491735   0.0004371576   0.0050504347   0.0018038875
        0.0016540688  -0.1861709638   0.0519595891  -0.1116698878  -0.0004529594
        0.0007900649  -0.0007037236   0.0005829632  -0.0003464016  -0.0000662129
       -0.0000952562   0.0001288056   0.0000440484   0.0000734715  -0.0000029419
        0.0000069799  -0.0000306853  -0.0000005995   0.0000012336   0.0000258872
       -0.0000082912  -0.0000043073  -0.0000937519  -0.0000605108  -0.0000214971
        0.0002708594   0.0001220969   0.0000410671  -0.0001439490  -0.0000428870
       -0.0000270814  -0.0001757198  -0.0000359951  -0.0000032187  -0.0000840343
       -0.0002391507  -0.0000364761  -0.0011703771  -0.0001053123   0.0011380153
       -0.0013252651  -0.0012030278  -0.0005701773   0.0000601180  -0.0000496172
        0.0000309691   0.0000032046   0.0000504808   0.0000077014   0.0000147937
       -0.0000551003   0.0000907031  -0.0075120875   0.0006244210  -0.0072083982
       -0.0250322787   0.0078400621  -0.0141098934   0.2179917449  -0.0586544243
        0.1287885088   0.0002430529   0.0002107634   0.0001920465  -0.0000171517
        0.0000025888  -0.0000036344  -0.0000099149   0.0000186458   0.0000038017
       -0.0000063119   0.0000092077   0.0000015729  -0.0000102038   0.0000044832
       -0.0000022343   0.0000266434  -0.0000004603  -0.0000089427
       -0.0000336172   0.0002042766   0.0005370615   0.0012246974   0.0006416905
       -0.0001730415   0.0003576498  -0.0001340021  -0.0002744358   0.0000672145
        0.0001714004  -0.0000875394   0.0008934297  -0.0008872594   0.0001730143
       -0.0013022459  -0.0037884330   0.0033438066   0.0183283146  -0.0105558265
        0.0168176408   0.0518803824  -0.0593052197   0.0396532631  -0.0004750236
       -0.0000207519   0.0001213248  -0.0001920307   0.0001453440   0.0000339449
        0.0000183650  -0.0000115267  -0.0000197797  -0.0000025404   0.0000164941
        0.0000101863   0.0000026186   0.0000060319   0.0000018010  -0.0000191753
        0.0000048560   0.0000007435   0.0000054580  -0.0000051864  -0.0000155036
       -0.0001005533   0.0000851089   0.0000083292   0.0001080920  -0.0001110329
       -0.0000013769  -0.0000063871  -0.0000033918   0.0000042508   0.0000772176
       -0.0000510559  -0.0002319864   0.0000680226   0.0004344602  -0.0001050610
       -0.0012389532  -0.0002445348  -0.0005474381   0.0000270248   0.0000751354
       -0.0000303931  -0.0000172930   0.0000550135   0.0000545505  -0.0000226201
       -0.0003556738   0.0001858608  -0.0186730896   0.0052602468  -0.0152750967
        0.0075438875  -0.0013894267   0.0036339929  -0.0586544243   0.0698776970
       -0.0478237589   0.0001678361  -0.0001577333  -0.0000213120  -0.0000123350
        0.0000224893   0.0000284777  -0.0000055562   0.0000031703   0.0000001012
       -0.0000063561   0.0000004617   0.0000005984  -0.0000059787   0.0000022145
        0.0000000122  -0.0000020307   0.0000149636  -0.0000022376
        0.0001579336  -0.0003612351   0.0006760029  -0.0011776722   0.0002941264
        0.0001020618  -0.0003010415  -0.0001556041   0.0002791597  -0.0000738812
       -0.0001020852   0.0000555795  -0.0005345585   0.0005345472   0.0001900845
        0.0006051953   0.0026761042  -0.0017934786  -0.0122496637   0.0071338300
       -0.0109881340  -0.1110405396   0.0400690939  -0.1297136714   0.0004146633
        0.0001885772   0.0004669207   0.0002957390  -0.0001531006  -0.0001714581
       -0.0000640864   0.0000933451   0.0000399103   0.0000642111  -0.0000282100
       -0.0000060721  -0.0000173228  -0.0000283772  -0.0000092910   0.0000265807
        0.0000147474   0.0000084942  -0.0001021078  -0.0000699921   0.0000197297
        0.0001810529   0.0000953580   0.0000200198  -0.0000892677  -0.0000612987
       -0.0000218985  -0.0001594954  -0.0000356899  -0.0000371894  -0.0001350230
       -0.0003077427  -0.0000162102   0.0013269445  -0.0003863408  -0.0009067964
        0.0002385954   0.0002143497   0.0005988627   0.0000120560  -0.0000511947
        0.0000426844   0.0000318432  -0.0000256485  -0.0000614494   0.0000142990
        0.0002078518  -0.0001346469  -0.0195887128   0.0026412123  -0.0154254148
        0.0130603918  -0.0043996271   0.0097460988   0.1287885088  -0.0478237589
        0.1471052815   0.0002795583  -0.0002013272  -0.0000655760   0.0000200486
        0.0000025042  -0.0000127038   0.0000057103   0.0000127389   0.0000056310
       -0.0000071803   0.0000102535   0.0000002631  -0.0000062374  -0.0000045991
       -0.0000002954   0.0000234583   0.0000071921   0.0000075017
        0.0000802283   0.0000182281  -0.0000247045  -0.0001734041   0.0002041989
        0.0004255348   0.0000735971  -0.0001439196   0.0000908250  -0.0005227117
       -0.0003036950   0.0011577312  -0.0031439204  -0.0012173117  -0.0006082377
       -0.0075872679  -0.0245222495  -0.0012055093  -0.0006733052  -0.0014438306
        0.0004570871   0.0002995369  -0.0004743448  -0.0001404822  -0.0524228237
       -0.0474109251  -0.0025399560   0.0077173979   0.0221433749   0.0025025868
       -0.0049735939   0.0051279437   0.0013230436   0.0021418707   0.0008265225
        0.0006252999  -0.0011293767  -0.0016147562  -0.0004971761  -0.0011217940
        0.0016708152   0.0004500745  -0.0001479015  -0.0043347777  -0.0010997975
       -0.0122771538   0.0101066738   0.0012755058   0.0056061748  -0.0052216497
       -0.0003815692   0.0031815808  -0.0004685943   0.0002494191   0.0000864607
        0.0000353501  -0.0000224626  -0.0000678298   0.0000335668   0.0000152786
       -0.0000140115  -0.0000285674   0.0000131772   0.0000884305  -0.0000001382
       -0.0001558918  -0.0002430868   0.0000372601   0.0000520557  -0.0001368985
        0.0002108180  -0.0003900448  -0.0005999869   0.0014133121   0.0001698117
       -0.0000907557   0.0001484078  -0.0014281794   0.0002430529   0.0001678361
        0.0002795583   0.0664533486   0.0451656796  -0.0006085047  -0.0000601728
       -0.0001076219   0.0000249422  -0.0002877873   0.0002880456   0.0000754367
        0.0000180405  -0.0000368391  -0.0000409926  -0.0000077197   0.0000700357
        0.0000459040  -0.0003082178  -0.0003388480  -0.0000897638
        0.0000941492  -0.0000903668   0.0000735233  -0.0009305791  -0.0003500273
        0.0003033493   0.0002977885   0.0001616324  -0.0000794466  -0.0005339468
       -0.0003889900   0.0003864064   0.0003513318   0.0009072474  -0.0011179830
       -0.0137891223  -0.0104501921   0.0019105027   0.0027708524  -0.0004967446
        0.0005109063  -0.0003000142   0.0003615904   0.0004733665  -0.0470142123
       -0.3465481383  -0.0412829986   0.0125944403  -0.0266518869  -0.0055019160
        0.0008024262   0.0027684116   0.0005465545   0.0022208687  -0.0012151281
       -0.0005613538  -0.0013642877  -0.0012319898  -0.0004130502  -0.0006503165
        0.0009030400   0.0001525684  -0.0030120395  -0.0057583918  -0.0011833913
       -0.0069234491   0.0122931959   0.0022638582   0.0057391702  -0.0068603761
       -0.0005973630   0.0030696100  -0.0009956611   0.0001356473   0.0000912164
       -0.0000104813  -0.0000003609   0.0000629022  -0.0000243044  -0.0000350541
        0.0000722194   0.0000114563   0.0000705819   0.0001561855   0.0000768472
       -0.0000752519  -0.0000012797   0.0001887138  -0.0000805087  -0.0001628251
        0.0002360052  -0.0003065066   0.0004834811  -0.0004144256  -0.0003193368
        0.0005705401   0.0004468950   0.0003226550   0.0002107634  -0.0001577333
       -0.0002013272   0.0451656796   0.3828918476   0.0442090354   0.0002976938
        0.0004534770   0.0002890343   0.0001764003   0.0000870642   0.0001213405
       -0.0000854132   0.0001284753   0.0000636983  -0.0002358527   0.0001851074
        0.0000740867  -0.0002243807  -0.0004561689  -0.0001512662
        0.0000393784   0.0000435365  -0.0000715689   0.0007157795   0.0004545376
        0.0000820088  -0.0004832836  -0.0002358424   0.0000749229   0.0006407367
        0.0007534486  -0.0001833800   0.0016860080  -0.0000691252   0.0006444205
        0.0074286459   0.0064146927  -0.0026649112  -0.0020735770  -0.0004340161
        0.0005081469   0.0000922202   0.0006884281  -0.0002895047  -0.0113230697
       -0.0444586146  -0.0133711576   0.0053583389  -0.0076748212  -0.0031915311
        0.0006411967   0.0000522968   0.0034064046   0.0008849374  -0.0009556106
        0.0008663652  -0.0005694544  -0.0004718976  -0.0000627725  -0.0001381727
        0.0004873529   0.0001404928  -0.0006922951  -0.0016852104  -0.0013864440
       -0.0017318715   0.0036575248   0.0011273843   0.0013763935  -0.0017024532
       -0.0032094615   0.0003293539  -0.0003936236   0.0000156865   0.0000245751
        0.0000061202  -0.0000068312  -0.0000393168   0.0000261560   0.0000507252
       -0.0000668515  -0.0000089179  -0.0000745192  -0.0000369930   0.0000022090
       -0.0000491646   0.0001444171   0.0000670458  -0.0000848252  -0.0001129524
        0.0001569094  -0.0000662718  -0.0004834027   0.0005552833   0.0002607481
       -0.0011492869   0.0002948549  -0.0022268847   0.0001920465  -0.0000213120
       -0.0000655760  -0.0006085047   0.0442090354   0.0200573645   0.0000020316
        0.0001466431   0.0001035119   0.0000803429   0.0001241093  -0.0004574143
       -0.0000431454   0.0000587106  -0.0000638401  -0.0000445264   0.0000456299
       -0.0000199934  -0.0000396983  -0.0001330799   0.0002078700
       -0.0000081332   0.0000089720   0.0000300674  -0.0002274532   0.0000300190
       -0.0000016397  -0.0002042854   0.0000209399  -0.0001422654  -0.0004333316
       -0.0000759699   0.0000785846  -0.0008375129  -0.0000804982   0.0017492361
        0.0003784977   0.0015590810   0.0000382214   0.0001911619   0.0000124892
       -0.0001684906   0.0000342908   0.0000321364  -0.0000192775  -0.0001294898
        0.0005296469   0.0006976166  -0.0043624835  -0.0048300861  -0.0014393824
       -0.2531925574  -0.0961017836  -0.0400174508  -0.0269342234  -0.0089618052
       -0.0035421128  -0.0030831707   0.0038024076   0.0008158306   0.0006545563
        0.0002465166   0.0001083283   0.0007523575  -0.0004933122  -0.0005018386
       -0.0002249117   0.0005173102  -0.0000066811   0.0000210195  -0.0001717915
       -0.0000224282  -0.0001769588  -0.0002245151  -0.0000293545   0.0000036528
       -0.0000006876   0.0000020912   0.0000139637  -0.0000233490  -0.0000014904
        0.0000066034   0.0000004888   0.0000068065   0.0000179751  -0.0000199004
       -0.0000105709   0.0000103070  -0.0000539025  -0.0000238399  -0.0002422235
        0.0005379627   0.0009650497  -0.0000274775  -0.0000412156   0.0000044418
       -0.0000032341  -0.0000539513   0.0000203904  -0.0000171517  -0.0000123350
        0.0000200486  -0.0000601728   0.0002976938   0.0000020316   0.2885624840
        0.1046177416   0.0415784359   0.0007543903  -0.0006060490  -0.0001289108
       -0.0013314399  -0.0005032634  -0.0001197956   0.0000762634   0.0000354229
        0.0000490083   0.0000186877   0.0000055870   0.0000093402
       -0.0000652592   0.0000286812  -0.0000203007  -0.0000484992  -0.0001230993
        0.0000486637  -0.0000649931   0.0001240788  -0.0000927930   0.0001930316
        0.0001324948  -0.0001267661   0.0006845339   0.0003976788  -0.0003508807
        0.0002635946  -0.0007569184  -0.0001152144   0.0004199860  -0.0003189195
        0.0002045486   0.0000307181   0.0001085685  -0.0000316440  -0.0004888130
        0.0010677314   0.0011323833  -0.0271687147  -0.0139358459  -0.0056412044
       -0.0956343819  -0.0858589152  -0.0208423046   0.0136994096   0.0058841936
        0.0022108306   0.0029739977  -0.0001011725  -0.0026986070   0.0006000891
       -0.0002907005  -0.0000267185   0.0003171252  -0.0049985210  -0.0032626555
       -0.0012418678   0.0003819259   0.0003564358   0.0001443364  -0.0001284468
       -0.0000507103  -0.0003291043  -0.0006756253  -0.0002432484  -0.0000228086
        0.0000133599  -0.0000050185  -0.0000148412  -0.0000064333  -0.0000036100
       -0.0000034705  -0.0000001075   0.0000083037  -0.0000590718  -0.0000014455
        0.0000064709  -0.0001289442  -0.0000587518   0.0000662192  -0.0000596857
        0.0004703286  -0.0003263835  -0.0000473231   0.0000243515  -0.0000034102
       -0.0000993853  -0.0000804355   0.0000295707   0.0000025888   0.0000224893
        0.0000025042  -0.0001076219   0.0004534770   0.0001466431   0.1046177416
        0.0976693778   0.0279769978   0.0009574751   0.0005337060   0.0012108509
        0.0007369677   0.0002215136  -0.0000255093   0.0000380377  -0.0001263449
        0.0005228978  -0.0000948477  -0.0000722738  -0.0000563413
       -0.0000382562   0.0000406263  -0.0000382799  -0.0000739330  -0.0000561619
        0.0000933073  -0.0000905760   0.0001355772  -0.0000922033   0.0004794686
        0.0001449434   0.0000825402   0.0009630714  -0.0001379007  -0.0006100601
       -0.0000352592  -0.0011095304  -0.0004084906   0.0000481522  -0.0000047010
        0.0000503862  -0.0000200715   0.0000814139  -0.0000650863   0.0006798734
        0.0003220946  -0.0013523938  -0.0086335103  -0.0031136408  -0.0001851829
       -0.0402811022  -0.0211310852  -0.0399409651   0.0032225750   0.0012683020
        0.0006716049   0.0007694857  -0.0021628749   0.0078404569   0.0004389663
       -0.0003407409  -0.0002799935   0.0000702876  -0.0031326337   0.0054830439
       -0.0003806073   0.0002728528  -0.0003682971  -0.0000146774  -0.0000422682
       -0.0000063949  -0.0001382734  -0.0002883945  -0.0000083710   0.0000025783
        0.0000062675  -0.0000056996  -0.0000126568   0.0000000426  -0.0000018252
       -0.0000242421   0.0000138359  -0.0000156654  -0.0000435893   0.0000102560
       -0.0000369114  -0.0000040131   0.0000470438  -0.0000000790   0.0009718073
       -0.0005608688  -0.0022491564  -0.0000165681   0.0000014717  -0.0000180582
        0.0000095815   0.0000206936  -0.0000265024  -0.0000036344   0.0000284777
       -0.0000127038   0.0000249422   0.0002890343   0.0001035119   0.0415784359
        0.0279769978   0.0354375155   0.0003902385   0.0010666679  -0.0027211693
        0.0001745428  -0.0000213000   0.0002320144   0.0000217593   0.0004022324
       -0.0015799793  -0.0000347955  -0.0000267304   0.0000290874
       -0.0000173050   0.0000021824  -0.0000022490  -0.0000045048   0.0000015498
       -0.0000036527  -0.0000238264   0.0000001576  -0.0000058115  -0.0000113918
        0.0000064306  -0.0000230564  -0.0000122793  -0.0000102055   0.0000039530
        0.0002165432   0.0000524784  -0.0000221497   0.0000049807  -0.0000089537
       -0.0000041384  -0.0000286612   0.0000184558  -0.0000182930   0.0000195580
        0.0013556740   0.0003622992  -0.0035004802   0.0025927811   0.0005173854
        0.0005355233   0.0234503904   0.0072000283  -0.0454362539  -0.0207185602
       -0.0065921278  -0.0029890333  -0.0253610293  -0.0077493675  -0.0047764163
       -0.0026890135  -0.0010190504  -0.0005284331   0.0003484420   0.0000685471
       -0.0000648261  -0.0001288250   0.0000254284  -0.0000171546   0.0000570357
        0.0000041757   0.0000382991   0.0000007393  -0.0000222340   0.0000023125
       -0.0000011296   0.0000019832   0.0000069046  -0.0000101493  -0.0000014083
        0.0000038032   0.0000022842   0.0000042960   0.0000020954  -0.0000019584
        0.0000013784  -0.0000122293  -0.0000046438   0.0000081131   0.0000388013
        0.0000728879  -0.0000296526   0.0000079223  -0.0000241900  -0.0000003461
        0.0000039598  -0.0000181354   0.0000299020  -0.0000099149  -0.0000055562
        0.0000057103  -0.0002877873   0.0001764003   0.0000803429   0.0007543903
        0.0009574751   0.0003902385   0.0557162377   0.0220758717   0.0072377734
        0.0006256423  -0.0007786303  -0.0001855105  -0.0002987119  -0.0013618989
       -0.0002553871   0.0000422355  -0.0000483571  -0.0000071201
        0.0000344133  -0.0000050255   0.0000146865  -0.0000653093  -0.0000143481
        0.0000086496   0.0000049728   0.0000225710  -0.0000147950  -0.0000203424
        0.0000108086   0.0000299675   0.0000757034   0.0000483535   0.0000577190
       -0.0004886192  -0.0001250659  -0.0000517165   0.0000936775   0.0000261262
       -0.0000148802   0.0000721898  -0.0000133172   0.0000248179   0.0002494169
       -0.0014167542  -0.0002368935   0.0030365799   0.0003819848  -0.0027485595
        0.0006103631  -0.0190906978  -0.0061969095  -0.0199633830  -0.2776859826
       -0.0735337113  -0.0029057354  -0.0140971859  -0.0048255423  -0.0031687103
        0.0004331100  -0.0020906218   0.0002221698   0.0002890381   0.0002396664
        0.0001127399   0.0010373203   0.0008409630   0.0001834549  -0.0004679609
       -0.0001687098  -0.0003211545  -0.0002292143  -0.0001947151   0.0000003440
        0.0000081878  -0.0000064801  -0.0000065386  -0.0000001490  -0.0000006528
       -0.0000022676  -0.0000026218   0.0000044748   0.0000064486  -0.0000005127
       -0.0000087325   0.0000142205   0.0000136832  -0.0000113950  -0.0000049862
       -0.0000816624  -0.0000103232  -0.0000299373   0.0000127735   0.0000001340
       -0.0000266223   0.0000040152  -0.0000366147   0.0000186458   0.0000031703
        0.0000127389   0.0002880456   0.0000870642   0.0001241093  -0.0006060490
        0.0005337060   0.0010666679   0.0220758717   0.3105165300   0.0869464302
        0.0005483307   0.0005980470   0.0008195555  -0.0000948246  -0.0008107740
       -0.0000278751   0.0000568916   0.0000147827  -0.0000114526
        0.0000083758  -0.0000026519   0.0000029495  -0.0000089668   0.0000244644
       -0.0000282049   0.0000243419  -0.0000131763   0.0000125445  -0.0000309826
       -0.0000487420   0.0000080827   0.0000934474  -0.0000400889  -0.0000323755
       -0.0000950833  -0.0000811603   0.0001512517   0.0000227042   0.0000599964
       -0.0000269037   0.0000081993  -0.0000061813   0.0000026421   0.0003594547
       -0.0005178288  -0.0003490656   0.0003237636  -0.0022229038   0.0088355812
        0.0009554360  -0.0060235932  -0.0006700532  -0.0076752540  -0.0736130517
       -0.0578940015   0.0000005444  -0.0046707735   0.0004945320  -0.0011390143
       -0.0024069471   0.0061128421   0.0000084507   0.0006726470  -0.0003111556
       -0.0000145037   0.0003162524  -0.0018096845  -0.0001908987   0.0000011062
        0.0002508386   0.0000223743  -0.0001596266   0.0002878769   0.0000025731
        0.0000038292  -0.0000023653  -0.0000008162  -0.0000026203  -0.0000003763
       -0.0000003165  -0.0000000694   0.0000037775   0.0000087127   0.0000057204
        0.0000049670   0.0000075126   0.0000051870  -0.0000085606  -0.0000193001
       -0.0000280146   0.0000209768  -0.0000130337  -0.0000016080  -0.0000055836
       -0.0000095205   0.0000104633  -0.0000093177   0.0000038017   0.0000001012
        0.0000056310   0.0000754367   0.0001213405  -0.0004574143  -0.0001289108
        0.0012108509  -0.0027211693   0.0072377734   0.0869464302   0.0503658842
        0.0002430010   0.0007159668  -0.0018183061  -0.0000700012  -0.0002288197
       -0.0004606389  -0.0000093011  -0.0000264984   0.0000447990
       -0.0000413516   0.0000264605  -0.0000141154   0.0000512261  -0.0000039445
        0.0000082469  -0.0000093050   0.0000070726  -0.0000090132   0.0000267250
        0.0000344403  -0.0000298523  -0.0000952174   0.0000324373   0.0000655442
        0.0003329337   0.0000988723   0.0000151699  -0.0000448060  -0.0000538376
        0.0000149171  -0.0000361154   0.0000414804  -0.0000084822  -0.0003742478
        0.0000672704   0.0001044468   0.0007584091  -0.0010034337  -0.0002684592
       -0.0047328260  -0.0025617397  -0.0011550945  -0.0251759694   0.0146761562
        0.0037792649  -0.2199904223   0.1185896282   0.0298163110   0.0002169444
        0.0009631092   0.0002777203   0.0010775484  -0.0001077569  -0.0001520502
       -0.0001924180  -0.0008037139  -0.0001933269  -0.0001475532   0.0003891812
        0.0000815415   0.0002010040   0.0001918275   0.0000563712   0.0000063271
       -0.0000075184   0.0000031754   0.0000044539  -0.0000045006   0.0000002482
        0.0000043313  -0.0000037444   0.0000010792  -0.0000023377  -0.0000017676
       -0.0000002594  -0.0000010630  -0.0000054744   0.0000059697   0.0000148285
        0.0000252351  -0.0000452073   0.0000118827  -0.0000062567   0.0000000828
        0.0000073566  -0.0000231061   0.0000209340  -0.0000063119  -0.0000063561
       -0.0000071803   0.0000180405  -0.0000854132  -0.0000431454  -0.0013314399
        0.0007369677   0.0001745428   0.0006256423   0.0005483307   0.0002430010
        0.2478850164  -0.1309464915  -0.0325838474   0.0009394841  -0.0007281478
       -0.0001444726  -0.0000007692  -0.0000752666  -0.0000140609
        0.0000231702  -0.0000028862   0.0000091725  -0.0000174042   0.0000007189
       -0.0000123495   0.0000173531  -0.0000017726   0.0000033628  -0.0000368077
       -0.0000054878  -0.0000014225   0.0000599305   0.0000129962   0.0000011043
       -0.0001488335  -0.0000443458   0.0000598240   0.0000378391   0.0000320085
       -0.0000169958   0.0000492445   0.0000043300   0.0000108881   0.0001708880
       -0.0001121949   0.0002529497  -0.0008854099   0.0000234447  -0.0001106029
       -0.0022420951   0.0002794914  -0.0017053693  -0.0084663158   0.0057672125
        0.0015153521   0.1183409210  -0.1216436833  -0.0229415509   0.0242053622
       -0.0192389677  -0.0047671573  -0.0010176861  -0.0049992849  -0.0034998817
        0.0014299178   0.0007249454  -0.0001312267   0.0002953247  -0.0012582283
       -0.0000823326  -0.0002968514  -0.0000418448  -0.0000380056  -0.0000005510
        0.0000034373  -0.0000031109  -0.0000030247  -0.0000014333  -0.0000000216
       -0.0000012192  -0.0000013059   0.0000011025   0.0000007521  -0.0000020908
        0.0000007430   0.0000030791  -0.0000018231  -0.0000038316   0.0000081856
       -0.0000128950  -0.0000010232  -0.0000233132   0.0000005831   0.0000002960
       -0.0000227385  -0.0000060883  -0.0000169438   0.0000092077   0.0000004617
        0.0000102535  -0.0000368391   0.0001284753   0.0000587106  -0.0005032634
        0.0002215136  -0.0000213000  -0.0007786303   0.0005980470   0.0007159668
       -0.1309464915   0.1391920975   0.0298247091   0.0007139936   0.0004122088
        0.0008797194   0.0000623054  -0.0000276391   0.0000089715
        0.0000000249   0.0000014356   0.0000033726  -0.0000761809  -0.0000313528
        0.0000503924  -0.0000262371   0.0000620768  -0.0000482130   0.0000782909
        0.0000165736   0.0000439729  -0.0000538601   0.0000435203   0.0000796932
       -0.0002167222  -0.0001088636  -0.0002536140   0.0000767974  -0.0000243484
        0.0000106745  -0.0000014202  -0.0000006030   0.0000034394   0.0003071817
        0.0001729217  -0.0009162077  -0.0003017816  -0.0000680993   0.0002898319
       -0.0010199195  -0.0017070320   0.0057156676  -0.0026523418   0.0018831676
        0.0004145273   0.0297281358  -0.0231110952  -0.0374114890   0.0065782500
       -0.0048538748  -0.0019439921  -0.0000769085  -0.0033655228   0.0070634164
        0.0003390670  -0.0002698299   0.0007914741   0.0000260633  -0.0001631148
       -0.0005176635   0.0000074253  -0.0000069755   0.0000557251  -0.0000005568
        0.0000012981  -0.0000016755  -0.0000001651   0.0000001609   0.0000000887
       -0.0000000153  -0.0000004201   0.0000000234   0.0000012483  -0.0000041018
       -0.0000102238   0.0000047288   0.0000103999   0.0000028905  -0.0000168224
       -0.0000131893  -0.0000198159  -0.0000078221  -0.0000002340  -0.0000017391
        0.0000014258   0.0000009554  -0.0000114965   0.0000015729   0.0000005984
        0.0000002631  -0.0000409926   0.0000636983  -0.0000638401  -0.0001197956
       -0.0000255093   0.0002320144  -0.0001855105   0.0008195555  -0.0018183061
       -0.0325838474   0.0298247091   0.0309332562   0.0002176459   0.0008621045
       -0.0026361186   0.0000130420  -0.0000090088  -0.0000363289
       -0.0000496275   0.0000180930  -0.0000128609   0.0000287989   0.0000186410
       -0.0000184927  -0.0000103042  -0.0000003142   0.0000027065   0.0000161353
        0.0000164167  -0.0000227973  -0.0000640355  -0.0000076409   0.0000044301
        0.0000635998   0.0003084367  -0.0000616487  -0.0001593603  -0.0000715638
        0.0000445420  -0.0000462097   0.0000400818  -0.0000221067  -0.0016719934
       -0.0006750181   0.0000594706  -0.0024340851   0.0035422017   0.0009339065
        0.0006624579   0.0002742257   0.0000907410   0.0008620458  -0.0009254525
       -0.0002854175  -0.0037708342  -0.0029844240  -0.0007583535  -0.2552239448
       -0.0997497866  -0.0264990105  -0.0264506987  -0.0081546534  -0.0022965457
       -0.0017061931  -0.0019665284  -0.0006533283   0.0002485056  -0.0001805713
       -0.0000195325   0.0018484388   0.0007293187   0.0001915745   0.0000025298
       -0.0000046266   0.0000038067   0.0000030761  -0.0000020836   0.0000004742
        0.0000035969  -0.0000032612   0.0000017245  -0.0000028127   0.0000029374
        0.0000027134  -0.0000017317  -0.0000024793   0.0000039164   0.0000212318
        0.0000353493  -0.0000276131   0.0000107655  -0.0000103052   0.0000030143
        0.0000092250  -0.0000317323   0.0000329961  -0.0000102038  -0.0000059787
       -0.0000062374  -0.0000077197  -0.0002358527  -0.0000445264   0.0000762634
        0.0000380377   0.0000217593  -0.0002987119  -0.0000948246  -0.0000700012
        0.0009394841   0.0007139936   0.0002176459   0.2868204618   0.1100535643
        0.0292728058   0.0002918494  -0.0006842002  -0.0000897556
        0.0000065873   0.0000056976   0.0000013747   0.0000086464  -0.0000054561
        0.0000170385   0.0000009027   0.0000074411  -0.0000049521   0.0000090972
        0.0000168075   0.0000053057   0.0000190179   0.0000183203   0.0000288038
        0.0001952988  -0.0001092410  -0.0000599232   0.0000625576   0.0000154970
       -0.0000149776   0.0000166344  -0.0000040922   0.0000088390   0.0009618329
        0.0001343844  -0.0000818604   0.0025579732  -0.0008354137  -0.0018420735
        0.0006531499  -0.0004650053  -0.0000986060  -0.0005618196  -0.0048844738
       -0.0036134063  -0.0259996896  -0.0137608780  -0.0040877399  -0.0998091458
       -0.0888235242  -0.0139204466   0.0125675115   0.0060234836   0.0013585808
        0.0016500807   0.0015630667   0.0011465983  -0.0006286263   0.0001411205
       -0.0000622710   0.0000711303  -0.0038870135  -0.0012375038   0.0000003184
       -0.0000017606  -0.0000000709  -0.0000003515   0.0000008418   0.0000005598
       -0.0000006647  -0.0000018442  -0.0000019970  -0.0000017393  -0.0000031021
       -0.0000017861   0.0000031868  -0.0000045630   0.0000025376  -0.0000050271
       -0.0000270071  -0.0000041122  -0.0000033352   0.0000050906  -0.0000016567
       -0.0000109990   0.0000060184  -0.0000133278   0.0000044832   0.0000022145
       -0.0000045991   0.0000700357   0.0001851074   0.0000456299   0.0000354229
       -0.0001263449   0.0004022324  -0.0013618989  -0.0008107740  -0.0002288197
       -0.0007281478   0.0004122088   0.0008621045   0.1100535643   0.1055971070
        0.0215162151   0.0001640125  -0.0003839138  -0.0001156904
        0.0000018575   0.0000021202  -0.0000038917   0.0000182629  -0.0000121572
       -0.0000120920   0.0000081907  -0.0000048844   0.0000081043  -0.0000058157
       -0.0000183792  -0.0000071436  -0.0000087731   0.0000273706  -0.0000534936
        0.0000376436  -0.0000321542   0.0001576014   0.0000296266   0.0000172449
       -0.0000009603   0.0000044968   0.0000022273   0.0000057987   0.0002950796
       -0.0000866240   0.0000601306   0.0000779656  -0.0026068885   0.0059424458
       -0.0000606951   0.0004788319   0.0000892560   0.0001619359  -0.0035717320
        0.0076954916  -0.0071578782  -0.0048412246   0.0005311959  -0.0266252642
       -0.0133005277  -0.0381243505   0.0042418236   0.0016398326   0.0013027104
        0.0003071788   0.0006777799  -0.0025113723  -0.0004107850   0.0002215529
        0.0002159855   0.0000634589  -0.0013930228  -0.0000248904   0.0000009918
       -0.0000007498   0.0000002220   0.0000004374  -0.0000010209  -0.0000001197
       -0.0000000554  -0.0000007330  -0.0000005697   0.0000021815   0.0000011382
        0.0000055832  -0.0000013666  -0.0000007452   0.0000009579   0.0000299815
       -0.0000115936  -0.0000024499   0.0000005757  -0.0000006364  -0.0000025512
       -0.0000009418   0.0000004478   0.0000006062  -0.0000022343   0.0000000122
       -0.0000002954   0.0000459040   0.0000740867  -0.0000199934   0.0000490083
        0.0005228978  -0.0015799793  -0.0002553871  -0.0000278751  -0.0004606389
       -0.0001444726   0.0008797194  -0.0026361186   0.0292728058   0.0215162151
        0.0293243316   0.0000242625  -0.0001505288   0.0001004895
        0.0000357049  -0.0000002040   0.0000124733  -0.0000552770  -0.0000021928
       -0.0000133242   0.0000072283   0.0000135518  -0.0000063492  -0.0000034077
       -0.0000200633   0.0000261578   0.0000835725   0.0000320666  -0.0000099958
       -0.0003121555  -0.0001349781  -0.0000093931   0.0000987509   0.0000558794
       -0.0000088837   0.0000976168   0.0000256334   0.0000126887   0.0011419459
       -0.0002358650  -0.0000152733  -0.0013901607  -0.0010321079  -0.0004582636
       -0.0002742879  -0.0004611079  -0.0000072914  -0.0006021089   0.0001078776
        0.0000115072   0.0005545843   0.0006785620   0.0002398920   0.0002745932
       -0.0001851846   0.0000694795  -0.0046475555   0.0014153081  -0.0003927692
       -0.0056199397  -0.0408909665  -0.0100413910   0.0029226596   0.0020978376
        0.0011611200  -0.0336417777   0.0106102670   0.0005872119   0.0000041197
        0.0000093170  -0.0000075364  -0.0000103732  -0.0000032827  -0.0000011197
       -0.0000045121  -0.0000016220   0.0000030050   0.0000117873   0.0000029944
       -0.0000031508   0.0000030541   0.0000121661  -0.0000119888  -0.0000088477
        0.0000030842  -0.0000023377  -0.0000807048  -0.0000120708  -0.0000012920
       -0.0000426552  -0.0000261892  -0.0000321758   0.0000266434  -0.0000020307
        0.0000234583  -0.0003082178  -0.0002243807  -0.0000396983   0.0000186877
       -0.0000948477  -0.0000347955   0.0000422355   0.0000568916  -0.0000093011
       -0.0000007692   0.0000623054   0.0000130420   0.0002918494   0.0001640125
        0.0000242625   0.0413877170   0.0279793391   0.0089220324
       -0.0000010479  -0.0000171199  -0.0000012189  -0.0000336678   0.0000099570
       -0.0000164194  -0.0000236177  -0.0000089327   0.0000086624   0.0000250697
       -0.0000315660   0.0000366394   0.0000862193  -0.0000284128   0.0000021422
       -0.0001214650  -0.0000216009  -0.0000193907   0.0000292082   0.0000112663
        0.0000136596   0.0000418237  -0.0000603722  -0.0000213446   0.0007379856
       -0.0000987948   0.0000267666  -0.0008911229  -0.0001144477  -0.0003550798
       -0.0001950134  -0.0005947191   0.0000242991  -0.0008051183  -0.0001526770
       -0.0000729156   0.0004262122   0.0009121900   0.0003001561   0.0012683925
       -0.0007753358  -0.0000769887  -0.0018116225   0.0029202330  -0.0004818600
       -0.0185731635  -0.0147818210  -0.0055890913   0.0016372822   0.0000167296
        0.0012420639  -0.0085125109  -0.3718906782  -0.0818204356  -0.0000088170
        0.0000081889   0.0000000980  -0.0000064994   0.0000105037  -0.0000030136
       -0.0000053471   0.0000013161   0.0000013724  -0.0000067976   0.0000139817
       -0.0000006258  -0.0000144958   0.0000193776  -0.0000038159  -0.0000355457
        0.0000362863  -0.0000183729  -0.0000159988   0.0000188190  -0.0000099424
       -0.0000281359   0.0000095169  -0.0000054826  -0.0000004603   0.0000149636
        0.0000071921  -0.0003388480  -0.0004561689  -0.0001330799   0.0000055870
       -0.0000722738  -0.0000267304  -0.0000483571   0.0000147827  -0.0000264984
       -0.0000752666  -0.0000276391  -0.0000090088  -0.0006842002  -0.0003839138
       -0.0001505288   0.0279793391   0.3854983612   0.0871787924
        0.0000046746   0.0000028993  -0.0000097739  -0.0000126380   0.0000023885
        0.0000050083  -0.0000093900   0.0000166165  -0.0000142786   0.0000173576
        0.0000035757   0.0000046861   0.0000053570  -0.0000173706  -0.0000062849
       -0.0000222605   0.0000085837  -0.0000293040   0.0000090484  -0.0000007977
       -0.0000001492   0.0000447169   0.0000301955  -0.0000359878   0.0001999864
       -0.0000306369  -0.0001839774  -0.0002187226  -0.0004217109   0.0006751338
       -0.0001375693  -0.0000476113  -0.0005350186  -0.0002401483  -0.0000424066
        0.0000779299   0.0001577723   0.0003157885  -0.0000468102   0.0002765499
       -0.0000846873  -0.0002569894  -0.0012423328  -0.0001778082   0.0044085426
       -0.0047419860  -0.0075075279   0.0004145957   0.0009739346   0.0013185827
       -0.0042712602  -0.0037284542  -0.0802008817  -0.0323920386   0.0000004888
        0.0000048720   0.0000020897  -0.0000044464   0.0000022040   0.0000089442
       -0.0000058974  -0.0000041339  -0.0000034143  -0.0000035983   0.0000013289
        0.0000042618   0.0000016213   0.0000035842   0.0000060093   0.0000038542
        0.0000167520   0.0000092630  -0.0000191970  -0.0000072097   0.0000296418
       -0.0000304508  -0.0000353646  -0.0000059971  -0.0000089427  -0.0000022376
        0.0000075017  -0.0000897638  -0.0001512662   0.0002078700   0.0000093402
       -0.0000563413   0.0000290874  -0.0000071201  -0.0000114526   0.0000447990
       -0.0000140609   0.0000089715  -0.0000363289  -0.0000897556  -0.0001156904
        0.0001004895   0.0089220324   0.0871787924   0.0317917592
