{
   "temperature":     298.150000000000,
   "unit": "hartree",
   "energy":     -56.019389070848,
   "free energy":     -55.817886882568,
   "G(T)":       0.201502188281,
   "ZPVE":       0.248004840051,
   "number of imags":0,
   "point group": "c1",
   "gradient norm":       0.000055997761
}
