{
   "temperature":     298.150000000000,
   "unit": "hartree",
   "energy":     -27.122853725830,
   "free energy":     -26.989393114212,
   "G(T)":       0.133460611618,
   "ZPVE":       0.171169406196,
   "number of imags":0,
   "point group": "c1",
   "gradient norm":       0.000076398120
}
