{
   "temperature":     298.150000000000,
   "unit": "hartree",
   "energy":     -27.122497129931,
   "free energy":     -26.990019337803,
   "G(T)":       0.132477792128,
   "ZPVE":       0.171259709493,
   "number of imags":0,
   "point group": "c1",
   "gradient norm":       0.000045513588
}
