{
   "temperature":     298.150000000000,
   "unit": "hartree",
   "energy":     -56.019304634210,
   "free energy":     -55.817192436071,
   "G(T)":       0.202112198139,
   "ZPVE":       0.248562549812,
   "number of imags":0,
   "point group": "c1",
   "gradient norm":       0.000033081634
}
