{
   "temperature":     298.150000000000,
   "unit": "hartree",
   "energy":     -27.122331043316,
   "free energy":     -26.986182645399,
   "G(T)":       0.136148397917,
   "ZPVE":       0.171346387824,
   "number of imags":0,
   "point group": "c1",
   "gradient norm":       0.000040258051
}
