{
   "temperature":     298.150000000000,
   "unit": "hartree",
   "energy":     -23.421109850426,
   "free energy":     -23.252863261734,
   "G(T)":       0.168246588692,
   "ZPVE":       0.202095694184,
   "number of imags":0,
   "point group": "c1",
   "gradient norm":       0.000051594404
}
