{
   "temperature":     298.150000000000,
   "unit": "hartree",
   "energy":     -17.088094131087,
   "free energy":     -16.970940806791,
   "G(T)":       0.117153324295,
   "ZPVE":       0.147252289288,
   "number of imags":0,
   "point group": "c1",
   "gradient norm":       0.000026276177
}
