{
    "partname": "prescreening",
    "runtime": 10.391785461455584,
    "results": {
        "CONF1": {
            "xtb_gsolv": {
                "gsolv": 0.0007599877440007674,
                "energy_xtb_gas": -23.235025202728,
                "energy_xtb_solv": -23.234265214984
            },
            "sp": {
                "energy": -634.346398685928
            },
            "gtot": -634.345638698184,
            "bmw": 0.08750894417163714
        },
        "CONF3": {
            "xtb_gsolv": {
                "gsolv": 0.0006062013470007344,
                "energy_xtb_gas": -23.234370109011,
                "energy_xtb_solv": -23.233763907664
            },
            "sp": {
                "energy": -634.346865241237
            },
            "gtot": -634.34625903989,
            "bmw": 0.16880677676264966
        },
        "CONF2": {
            "xtb_gsolv": {
                "gsolv": 0.0006205148260001181,
                "energy_xtb_gas": -23.234779641042,
                "energy_xtb_solv": -23.234159126216
            },
            "sp": {
                "energy": -634.347920583409
            },
            "gtot": -634.347300068583,
            "bmw": 0.5084285509162159
        },
        "CONF5": {
            "xtb_gsolv": {
                "gsolv": 0.0006065285869993886,
                "energy_xtb_gas": -23.233691307209,
                "energy_xtb_solv": -23.233084778622
            },
            "sp": {
                "energy": -634.34616803729
            },
            "gtot": -634.345561508703,
            "bmw": 0.08063948404433675
        },
        "CONF4": {
            "xtb_gsolv": {
                "gsolv": 0.0006158145999997089,
                "energy_xtb_gas": -23.23434746842,
                "energy_xtb_solv": -23.23373165382
            },
            "sp": {
                "energy": -634.346781760812
            },
            "gtot": -634.346165946212,
            "bmw": 0.1529571382455498
        },
        "CONF7": {
            "xtb_gsolv": {
                "gsolv": 0.0007449319359977835,
                "energy_xtb_gas": -23.230528352462,
                "energy_xtb_solv": -23.229783420526
            },
            "sp": {
                "energy": -634.341683520911
            },
            "gtot": -634.3409385889751,
            "bmw": 0.0006027703153676071
        },
        "CONF6": {
            "xtb_gsolv": {
                "gsolv": 0.0007343282189999911,
                "energy_xtb_gas": -23.231153267764,
                "energy_xtb_solv": -23.230418939545
            },
            "sp": {
                "energy": -634.342202627852
            },
            "gtot": -634.341468299633,
            "bmw": 0.0010563355442432382
        }
    },
    "settings": {
        "threshold": 4.0,
        "func": "pbe-d4",
        "basis": "def2-sv(p)",
        "prog": "orca",
        "gfnv": "gfn2",
        "run": true,
        "template": false
    },
    "nconf_in": 7,
    "nconf_out": 7
}