{
    "partname": "screening",
    "runtime": 56.56797484587878,
    "results": {
        "CONF4": {
            "gsolv": {
                "gsolv": -0.0007292637890259357,
                "energy_gas": -635.15709108184,
                "energy_solv": -635.157820345629
            },
            "gtot": -635.157820345629,
            "bmw": 0.16261503353102405
        },
        "CONF5": {
            "gsolv": {
                "gsolv": -0.0008173024949655883,
                "energy_gas": -635.155785468126,
                "energy_solv": -635.156602770621
            },
            "gtot": -635.156602770621,
            "bmw": 0.04478318279641575
        },
        "CONF3": {
            "gsolv": {
                "gsolv": -0.0006992870700059939,
                "energy_gas": -635.157018212588,
                "energy_solv": -635.157717499658
            },
            "gtot": -635.157717499658,
            "bmw": 0.1458326678843814
        },
        "CONF2": {
            "gsolv": {
                "gsolv": -0.0007807595119402322,
                "energy_gas": -635.158144287727,
                "energy_solv": -635.158925047239
            },
            "gtot": -635.158925047239,
            "bmw": 0.5239480888711511
        },
        "CONF1": {
            "gsolv": {
                "gsolv": -0.0010617696630106366,
                "energy_gas": -635.156479664814,
                "energy_solv": -635.157541434477
            },
            "gtot": -635.157541434477,
            "bmw": 0.12102370478944616
        },
        "CONF7": {
            "gsolv": {
                "gsolv": -0.001438632203985435,
                "energy_gas": -635.150596154721,
                "energy_solv": -635.152034786925
            },
            "gtot": -635.152034786925,
            "bmw": 0.0003548035020537891
        },
        "CONF6": {
            "gsolv": {
                "gsolv": -0.0014546474379812935,
                "energy_gas": -635.151904434479,
                "energy_solv": -635.153359081917
            },
            "gtot": -635.153359081917,
            "bmw": 0.0014425186255276454
        }
    },
    "settings": {
        "threshold": 3.5,
        "func": "r2scan-3c",
        "basis": "def2-tzvp",
        "prog": "orca",
        "sm": "smd",
        "gfnv": "gfn2",
        "run": true,
        "implicit": false,
        "template": false
    },
    "nconf_in": 7,
    "nconf_out": 7
}