{
   "temperature":     298.150000000000,
   "unit": "hartree",
   "energy":     -56.020161394284,
   "free energy":     -55.817428344207,
   "G(T)":       0.202733050077,
   "ZPVE":       0.248647407085,
   "number of imags":0,
   "point group": "c1",
   "gradient norm":       0.000024334263
}
