{
   "temperature":     298.150000000000,
   "unit": "hartree",
   "energy":     -27.122917953014,
   "free energy":     -26.988567937478,
   "G(T)":       0.134350015536,
   "ZPVE":       0.171440496158,
   "number of imags":0,
   "point group": "c1",
   "gradient norm":       0.000051961605
}
