{
   "temperature":     298.150000000000,
   "unit": "hartree",
   "energy":     -27.123831362297,
   "free energy":     -26.988923044600,
   "G(T)":       0.134908317698,
   "ZPVE":       0.171499371421,
   "number of imags":0,
   "point group": "c1",
   "gradient norm":       0.000094673781
}
