{
   "temperature":     298.150000000000,
   "unit": "hartree",
   "energy":     -27.122853319569,
   "free energy":     -26.987767885293,
   "G(T)":       0.135085434277,
   "ZPVE":       0.171633728931,
   "number of imags":0,
   "point group": "c1",
   "gradient norm":       0.000065652928
}
