{
   "temperature":     298.150000000000,
   "unit": "hartree",
   "energy":     -25.852213747667,
   "free energy":     -25.747266450797,
   "G(T)":       0.104947296871,
   "ZPVE":       0.139234822368,
   "number of imags":0,
   "point group": "cs",
   "gradient norm":       0.000027576769
}
