{
   "temperature":     298.150000000000,
   "unit": "hartree",
   "energy":     -27.122027075351,
   "free energy":     -26.989220557138,
   "G(T)":       0.132806518213,
   "ZPVE":       0.171114085341,
   "number of imags":0,
   "point group": "c1",
   "gradient norm":       0.000124404826
}
