{
   "temperature":     298.150000000000,
   "unit": "hartree",
   "energy":     -27.122331220752,
   "free energy":     -26.989812928471,
   "G(T)":       0.132518292281,
   "ZPVE":       0.171353905562,
   "number of imags":0,
   "point group": "c1",
   "gradient norm":       0.000041095789
}
