{
   "temperature":     298.150000000000,
   "unit": "hartree",
   "energy":     -25.859837577116,
   "free energy":     -25.754529756100,
   "G(T)":       0.105307821016,
   "ZPVE":       0.139565346938,
   "number of imags":0,
   "point group": "cs",
   "gradient norm":       0.000028701246
}
