{
   "temperature":     298.150000000000,
   "unit": "hartree",
   "energy":     -20.962289250154,
   "free energy":     -20.890287762182,
   "G(T)":       0.072001487972,
   "ZPVE":       0.104751906463,
   "number of imags":0,
   "point group": "c1",
   "gradient norm":       0.000078412583
}
