{
   "temperature":     298.150000000000,
   "unit": "hartree",
   "energy":     -56.020471317740,
   "free energy":     -55.817797378786,
   "G(T)":       0.202673938954,
   "ZPVE":       0.248625980287,
   "number of imags":0,
   "point group": "c1",
   "gradient norm":       0.000133381847
}
