{
   "temperature":     298.150000000000,
   "unit": "hartree",
   "energy":     -51.634937595047,
   "free energy":     -51.444595396887,
   "G(T)":       0.190342198161,
   "ZPVE":       0.236062677229,
   "number of imags":0,
   "point group": "c1",
   "gradient norm":       0.000033171649
}
