{
   "temperature":     298.150000000000,
   "unit": "hartree",
   "energy":     -27.122985073606,
   "free energy":     -26.988052894646,
   "G(T)":       0.134932178961,
   "ZPVE":       0.171625865290,
   "number of imags":0,
   "point group": "c1",
   "gradient norm":       0.000042253076
}
