{
   "temperature":     298.150000000000,
   "unit": "hartree",
   "energy":     -27.122783672041,
   "free energy":     -26.988992110910,
   "G(T)":       0.133791561131,
   "ZPVE":       0.171210928524,
   "number of imags":0,
   "point group": "c1",
   "gradient norm":       0.000049368853
}
