{
   "temperature":     298.150000000000,
   "unit": "hartree",
   "energy":     -20.871791445872,
   "free energy":     -20.754746644248,
   "G(T)":       0.117044801624,
   "ZPVE":       0.149882239720,
   "number of imags":0,
   "point group": "c1",
   "gradient norm":       0.000054554030
}
