{
    "partname": "prescreening",
    "runtime": 6.4425115985795856,
    "results": {
        "CONF2": {
            "xtb_gsolv": {
                "gsolv": 0.0009636754749990928,
                "energy_xtb_gas": -14.711610990824,
                "energy_xtb_solv": -14.710647315349
            },
            "sp": {
                "energy": -194.815470307628
            },
            "gtot": -194.814506632153,
            "bmw": 0.4471499498390269
        },
        "CONF1": {
            "xtb_gsolv": {
                "gsolv": 0.0008745798239999658,
                "energy_xtb_gas": -14.711649939684,
                "energy_xtb_solv": -14.71077535986
            },
            "sp": {
                "energy": -194.814441627767
            },
            "gtot": -194.813567047943,
            "bmw": 0.16530057548650762
        },
        "CONF3": {
            "xtb_gsolv": {
                "gsolv": 0.0009158803590008091,
                "energy_xtb_gas": -14.710820231268,
                "energy_xtb_solv": -14.709904350909
            },
            "sp": {
                "energy": -194.815287446568
            },
            "gtot": -194.814371566209,
            "bmw": 0.38754947467446554
        }
    },
    "settings": {
        "threshold": 4.0,
        "func": "pbe-d4",
        "basis": "def2-sv(p)",
        "prog": "orca",
        "gfnv": "gfn2",
        "run": true,
        "template": false
    },
    "nconf_in": 3,
    "nconf_out": 3
}