{
    "partname": "screening",
    "runtime": 27.824888411909342,
    "results": {
        "CONF3": {
            "gsolv": {
                "gsolv": 0.0008388044829814589,
                "energy_gas": -195.227643426709,
                "energy_solv": -195.226804622226
            },
            "gtot": -195.226804622226,
            "bmw": 0.33833165534861004
        },
        "CONF2": {
            "gsolv": {
                "gsolv": 0.001061170821003543,
                "energy_gas": -195.2279612667,
                "energy_solv": -195.226900095879
            },
            "gtot": -195.226900095879,
            "bmw": 0.37433244779918645
        },
        "CONF1": {
            "gsolv": {
                "gsolv": 0.00036596221099216564,
                "energy_gas": -195.227016328656,
                "energy_solv": -195.226650366445
            },
            "gtot": -195.226650366445,
            "bmw": 0.2873358968522035
        }
    },
    "settings": {
        "threshold": 3.5,
        "func": "r2scan-3c",
        "basis": "def2-tzvp",
        "prog": "orca",
        "sm": "smd",
        "gfnv": "gfn2",
        "run": true,
        "implicit": false,
        "template": false
    },
    "nconf_in": 3,
    "nconf_out": 3
}