{
   "temperature":     298.150000000000,
   "unit": "hartree",
   "energy":     -20.874499687079,
   "free energy":     -20.758366780855,
   "G(T)":       0.116132906224,
   "ZPVE":       0.149518387182,
   "number of imags":0,
   "point group": "cs",
   "gradient norm":       0.000035264316
}
