{
   "temperature":     298.150000000000,
   "unit": "hartree",
   "energy":     -49.348209224524,
   "free energy":     -49.150349392368,
   "G(T)":       0.197859832157,
   "ZPVE":       0.242274796515,
   "number of imags":0,
   "point group": "c1",
   "gradient norm":       0.000035087532
}
