{
   "temperature":     298.150000000000,
   "unit": "hartree",
   "energy":     -17.084144254654,
   "free energy":     -16.966530118060,
   "G(T)":       0.117614136593,
   "ZPVE":       0.147663472085,
   "number of imags":0,
   "point group": "c1",
   "gradient norm":       0.000077431280
}
