{
   "temperature":     298.150000000000,
   "unit": "hartree",
   "energy":     -27.122990537259,
   "free energy":     -26.988313995220,
   "G(T)":       0.134676542038,
   "ZPVE":       0.171581410660,
   "number of imags":0,
   "point group": "c1",
   "gradient norm":       0.000079101596
}
