{
   "temperature":     298.150000000000,
   "unit": "hartree",
   "energy":     -27.122794904317,
   "free energy":     -26.989012236841,
   "G(T)":       0.133782667476,
   "ZPVE":       0.171208645616,
   "number of imags":0,
   "point group": "c1",
   "gradient norm":       0.000040495324
}
