{
   "temperature":     298.150000000000,
   "unit": "hartree",
   "energy":     -27.123575820630,
   "free energy":     -26.989095715778,
   "G(T)":       0.134480104852,
   "ZPVE":       0.171322255821,
   "number of imags":0,
   "point group": "c1",
   "gradient norm":       0.000037958869
}
