{
   "temperature":     298.150000000000,
   "unit": "hartree",
   "energy":     -27.122506565021,
   "free energy":     -26.989642914418,
   "G(T)":       0.132863650604,
   "ZPVE":       0.171296092327,
   "number of imags":0,
   "point group": "c1",
   "gradient norm":       0.000136181788
}
