{
   "temperature":     298.150000000000,
   "unit": "hartree",
   "energy":     -56.019389828231,
   "free energy":     -55.817700328607,
   "G(T)":       0.201689499624,
   "ZPVE":       0.248047299933,
   "number of imags":0,
   "point group": "c1",
   "gradient norm":       0.000063684052
}
