{
   "temperature":     298.150000000000,
   "unit": "hartree",
   "energy":     -27.122330481953,
   "free energy":     -26.989888361499,
   "G(T)":       0.132442120454,
   "ZPVE":       0.170938604534,
   "number of imags":0,
   "point group": "c1",
   "gradient norm":       0.000063516980
}
