{
   "temperature":     298.150000000000,
   "unit": "hartree",
   "energy":     -27.122505820562,
   "free energy":     -26.989954508709,
   "G(T)":       0.132551311853,
   "ZPVE":       0.171276309086,
   "number of imags":0,
   "point group": "c1",
   "gradient norm":       0.000059258065
}
