{
   "temperature":     298.150000000000,
   "unit": "hartree",
   "energy":     -27.122281091940,
   "free energy":     -26.988877997985,
   "G(T)":       0.133403093955,
   "ZPVE":       0.171375363468,
   "number of imags":0,
   "point group": "c1",
   "gradient norm":       0.000045320844
}
