{
   "temperature":     298.150000000000,
   "unit": "hartree",
   "energy":     -49.347860433663,
   "free energy":     -49.149407566950,
   "G(T)":       0.198452866713,
   "ZPVE":       0.242513900904,
   "number of imags":0,
   "point group": "c1",
   "gradient norm":       0.000058005752
}
