{
   "temperature":     298.150000000000,
   "unit": "hartree",
   "energy":     -23.421559424455,
   "free energy":     -23.254265608452,
   "G(T)":       0.167293816003,
   "ZPVE":       0.201746777243,
   "number of imags":0,
   "point group": "c1",
   "gradient norm":       0.000052901792
}
