{
   "temperature":     298.150000000000,
   "unit": "hartree",
   "energy":     -27.123622224385,
   "free energy":     -26.988829610173,
   "G(T)":       0.134792614212,
   "ZPVE":       0.171605996136,
   "number of imags":0,
   "point group": "c1",
   "gradient norm":       0.000033610226
}
