{
   "temperature":     298.150000000000,
   "unit": "hartree",
   "energy":     -16.971202872241,
   "free energy":     -16.883122622504,
   "G(T)":       0.088080249737,
   "ZPVE":       0.121020020332,
   "number of imags":0,
   "point group": "c1",
   "gradient norm":       0.000023431794
}
