{
   "temperature":     298.150000000000,
   "unit": "hartree",
   "energy":     -27.122719144736,
   "free energy":     -26.988044955643,
   "G(T)":       0.134674189093,
   "ZPVE":       0.171620936624,
   "number of imags":0,
   "point group": "c1",
   "gradient norm":       0.000117295520
}
