{
   "temperature":     298.150000000000,
   "unit": "hartree",
   "energy":     -17.086209943728,
   "free energy":     -16.969229723686,
   "G(T)":       0.116980220042,
   "ZPVE":       0.147256360318,
   "number of imags":0,
   "point group": "c1",
   "gradient norm":       0.000037862490
}
