$hessian                                                                        
        0.5150992250   0.0013126897   0.0273516208  -0.1083735551  -0.0238894972
        0.0669290948   0.0048395883   0.0012193017  -0.0064476658  -0.0002907561
       -0.0014995293  -0.0024293508  -0.0000990654  -0.0000644977   0.0001994497
       -0.0034100356  -0.0021372499  -0.0020626321  -0.0227282386  -0.0092077892
        0.0223560780  -0.0000877668   0.0003896427   0.0014866139  -0.0014913368
       -0.0002373521   0.0010824315   0.0004074531  -0.0004612544   0.0002364487
        0.0000845286   0.0002351678  -0.0000658984   0.0001564076  -0.0000910386
        0.0000468629  -0.0000934822  -0.0000524215   0.0000017110  -0.0000261335
        0.0000811727  -0.0000417543  -0.0001223916  -0.0001718096  -0.0000000165
        0.0002311462   0.0003435064  -0.0000722457  -0.0000594502  -0.0001921643
        0.0000657349  -0.0002587240  -0.0000861265  -0.0000029945  -0.0426245720
        0.0096953905   0.0075042138  -0.2501500684  -0.0591643574  -0.0637228415
       -0.0909980828   0.0825266870  -0.0513026745   0.0011724235   0.0013128467
       -0.0017639140   0.0002122195   0.0002948156  -0.0005646520   0.0000508064
        0.0003901242   0.0000999537  -0.0002167985  -0.0004710673   0.0000602043
       -0.0002185445   0.0000434425   0.0006580329  -0.0006107003  -0.0001038798
        0.0003290203  -0.0002333969   0.0000686524   0.0000737020  -0.0000729865
       -0.0001267739   0.0000228422  -0.0000248104   0.0000216099  -0.0000123921
       -0.0000497133   0.0000163085  -0.0000075427  -0.0000407066  -0.0000020037
       -0.0000061375   0.0000275182   0.0000074541  -0.0000013032
        0.0013126897   0.4900423628   0.0038149208  -0.0248673895  -0.0726382540
        0.0354874616  -0.0017879857   0.0012939665   0.0062392366  -0.0008603798
        0.0069619762   0.0012984128  -0.0003421219  -0.0002455761   0.0000080441
       -0.0025632004   0.0062723115   0.0007721036  -0.0056871539  -0.0017843147
        0.0056044563   0.0012554599  -0.0033771790  -0.0003170034  -0.0000235645
       -0.0001227537   0.0002318037   0.0001196553  -0.0001704660   0.0000140885
       -0.0000307563   0.0000643798   0.0000289686   0.0000006822  -0.0000331490
       -0.0000000915  -0.0000082899   0.0000154577  -0.0000044867   0.0000264825
       -0.0000580313   0.0000251193  -0.0000307721   0.0000973134  -0.0000596337
        0.0000707912  -0.0001617776   0.0000657505  -0.0001118543   0.0000828244
       -0.0000416245  -0.0000138206   0.0000344271  -0.0000080428   0.0113683664
       -0.1782316417  -0.1197896546  -0.0591691102  -0.0615751626  -0.0180416004
        0.0815138316  -0.1835410748   0.0855083614   0.0004368935  -0.0019873971
       -0.0010798903  -0.0000266814  -0.0001708386   0.0000329276   0.0003016450
       -0.0013981591  -0.0003450602   0.0007746443   0.0004461614   0.0004247336
       -0.0000421003   0.0001152442   0.0001368793  -0.0015499117   0.0000551362
       -0.0000606553  -0.0000168981  -0.0000100186   0.0000689481  -0.0000502635
       -0.0000075330  -0.0000035881  -0.0000037252   0.0000313864  -0.0000082940
        0.0000004993   0.0000132837   0.0000014790  -0.0000051110   0.0000093538
       -0.0000053806   0.0000094495  -0.0000222581   0.0000013107
        0.0273516208   0.0038149208   0.4825514473   0.0602162853   0.0325813518
       -0.1608116214   0.0118849356   0.0096103376  -0.0331785393  -0.0039328042
        0.0008754810  -0.0021395314   0.0008464512   0.0002894828  -0.0006192462
       -0.0018752700   0.0010675594   0.0014585172   0.0080329435   0.0023952758
       -0.0004341398  -0.0009079291  -0.0008844479  -0.0015699228   0.0003373508
       -0.0003147024   0.0003376806  -0.0004542186   0.0003857949  -0.0002334020
        0.0000035844  -0.0002472219   0.0000932914  -0.0001447971   0.0000827125
       -0.0000498981   0.0000962842   0.0000589524   0.0000124887   0.0000078046
       -0.0000587835   0.0000240278   0.0001352632   0.0001174211  -0.0000342334
       -0.0002345409  -0.0001958711  -0.0000299201   0.0000791651   0.0000810357
        0.0000236924   0.0002212725   0.0000680814   0.0000441762   0.0100473758
       -0.1161102007  -0.1360408103  -0.0629737154  -0.0174099716  -0.0617627403
       -0.0487443249   0.0842879016  -0.0880318086   0.0019204910  -0.0001853378
        0.0006614199   0.0006329212   0.0004091399  -0.0013453265   0.0001497126
       -0.0003207179  -0.0000033602  -0.0006982176  -0.0006579075   0.0005633698
       -0.0002627559  -0.0001356015  -0.0000867724  -0.0017322009   0.0004579925
        0.0006270297  -0.0000913603  -0.0000740207   0.0000045879   0.0000424774
        0.0000509408  -0.0000204177   0.0000130786  -0.0000227097  -0.0000023338
        0.0000324650  -0.0000099292   0.0000073503   0.0000246824   0.0000007217
        0.0000024045  -0.0000240302  -0.0000076804  -0.0000174597
       -0.1083735551  -0.0248673895   0.0602162853   0.6019048321   0.0969424969
        0.0399270187  -0.1372598204  -0.0083875728  -0.0568004864   0.0557503167
        0.0162879272  -0.0217948769  -0.0430028684  -0.0027103693  -0.0297575802
       -0.0382611875  -0.0213860912   0.0732566915  -0.2790253351  -0.0415952983
       -0.0524623072  -0.0195682852  -0.0027314063  -0.0118095059   0.0041414131
       -0.0036908350   0.0012558693  -0.0018764615   0.0015127590  -0.0012433309
        0.0004110032  -0.0011844475   0.0005494862  -0.0005129358   0.0003235456
       -0.0002906722   0.0004614248   0.0003535889   0.0000305047   0.0000255420
       -0.0004377252   0.0001946394   0.0006922250   0.0008410423  -0.0003781162
       -0.0005486091  -0.0014918004   0.0002818002  -0.0001047098   0.0006420416
       -0.0002940525   0.0006716365   0.0003060589   0.0001008613  -0.0006954338
        0.0006215438   0.0061302128  -0.0207055615  -0.0089014284   0.0219461736
        0.0076463615   0.0021629243  -0.0068711746  -0.0181833991   0.0005595362
       -0.0251272901  -0.0003590204  -0.0024858930   0.0030092971  -0.0002518688
        0.0003069063  -0.0006551245  -0.0002367220  -0.0011545456   0.0007984696
       -0.0008449089  -0.0002637466  -0.0024663150  -0.0005366834   0.0000404019
        0.0013859008  -0.0012749060   0.0000314122   0.0007930384  -0.0001855398
        0.0004505704   0.0000542404   0.0000186361  -0.0000583783  -0.0000313875
        0.0000770461  -0.0000208157   0.0000415163   0.0000577399   0.0000049282
       -0.0000005274  -0.0000503651  -0.0000199406   0.0000107419
       -0.0238894972  -0.0726382540   0.0325813518   0.0969424969   0.1860227114
       -0.0817376238   0.0060442024  -0.0525613059   0.0298276851   0.0052755795
       -0.0004769944   0.0082968281  -0.0022166684  -0.0038350865  -0.0041119400
       -0.0104486033  -0.0066332224   0.0090450935  -0.0559106354  -0.0635631942
       -0.0050191498   0.0003116092   0.0012979338  -0.0020386588  -0.0022161906
        0.0063184161   0.0012096762  -0.0011702966  -0.0002284801   0.0002943605
        0.0001523068  -0.0001725040   0.0001673463   0.0001144648  -0.0000114361
       -0.0000522887   0.0000063264   0.0000003869   0.0000278372  -0.0000489048
       -0.0000621516  -0.0001029643  -0.0002182690   0.0000126056  -0.0002157111
       -0.0001382152   0.0001470794  -0.0000975887   0.0003922512   0.0000710158
        0.0000111862   0.0000351710   0.0000109088   0.0000611610   0.0116928833
        0.0070628148  -0.0160120514  -0.0065350358  -0.0024679530   0.0066619754
       -0.0113141334  -0.0072833827   0.0213497435  -0.0036402495   0.0008083155
       -0.0048588095  -0.0023203513   0.0064487196   0.0029261899   0.0001063884
        0.0000717881  -0.0002439307  -0.0001682405  -0.0000295342   0.0007284990
       -0.0006682213   0.0005690051   0.0004314124  -0.0007446480   0.0007685725
        0.0003606291   0.0004927866   0.0001859636   0.0004949081   0.0000768559
        0.0001465245   0.0000253403   0.0000124179  -0.0000073312  -0.0000161282
        0.0000011802   0.0000094833   0.0000258217  -0.0000077675   0.0000113618
       -0.0000233986  -0.0000009928   0.0000072239   0.0000031985
        0.0669290948   0.0354874616  -0.1608116214   0.0399270187  -0.0817376238
        0.6267221480  -0.1325098019   0.0139755997  -0.2697376151   0.0347704345
        0.0205791433  -0.0643008456  -0.0324579760  -0.0046012562  -0.0167397031
        0.0196377579  -0.0028827238   0.0336225102   0.0157561247   0.0098946732
       -0.0872776600  -0.0261857189  -0.0049726199  -0.0069937019   0.0028111563
        0.0028149106  -0.0043236511   0.0002213984  -0.0000879853   0.0000099933
       -0.0000261959   0.0001069498  -0.0000974230   0.0001975495  -0.0000756383
       -0.0000285394  -0.0000630141  -0.0000892707   0.0000149188   0.0000116159
        0.0000645826  -0.0000003326  -0.0001769783  -0.0001602493   0.0001460858
        0.0000933380   0.0003253522  -0.0000832634   0.0001450365  -0.0000701756
        0.0000540990  -0.0001363873  -0.0000572217  -0.0000345927   0.0111273941
        0.0025001881  -0.0245558379  -0.0005487863  -0.0014696689   0.0050883337
        0.0054766130   0.0077784501  -0.0183540792  -0.0033031474  -0.0000770263
       -0.0034878386   0.0023254131   0.0028436992  -0.0028658541  -0.0006913320
       -0.0000641779   0.0005268405  -0.0008342784   0.0004770475  -0.0008012872
       -0.0027529200   0.0001799724  -0.0051892159  -0.0007245070  -0.0008295892
       -0.0005350297   0.0008512404   0.0002427244  -0.0001339415   0.0001481692
       -0.0001109276   0.0001445022  -0.0000149895   0.0000105018   0.0000084903
       -0.0000131811   0.0000042884   0.0000068686  -0.0000058163  -0.0000087143
       -0.0000008936   0.0000156755   0.0000093240   0.0000081367
        0.0048395883  -0.0017879857   0.0118849356  -0.1372598204   0.0060442024
       -0.1325098019   0.6404678732   0.1204631236   0.0144549312  -0.1532200171
       -0.0535057186   0.1350586975  -0.0393080149  -0.0126935620   0.0207838823
        0.0039602447   0.0010238780   0.0040998700  -0.0284878368  -0.0017644586
       -0.0275380794  -0.0044404382  -0.0028185249  -0.0000137741  -0.0015045270
       -0.0008498263  -0.0004412425   0.0003868458   0.0001307236   0.0005623977
       -0.0000572874  -0.0000542693   0.0000218282  -0.0000610571   0.0000402326
       -0.0000369043   0.0000752914   0.0000585786  -0.0000017245   0.0000567146
       -0.0000243915  -0.0000154708   0.0000913755   0.0000528169   0.0000173777
        0.0000806937  -0.0000047956   0.0000472750  -0.0001009447  -0.0000197578
       -0.0000168229   0.0000061527   0.0000058639  -0.0000104705  -0.0008783096
       -0.0001808358   0.0024695992   0.0010170117  -0.0002077564   0.0025837538
       -0.0007800679  -0.0008523969   0.0023556393  -0.2852657950  -0.0540416918
       -0.0207780814   0.0063994975   0.0036166703  -0.0112611447  -0.0053770932
       -0.0027044491  -0.0005254434   0.0001956140  -0.0002101611   0.0004288950
       -0.0007367323   0.0000333422  -0.0013194494  -0.0000823399   0.0001055837
        0.0002942757   0.0001544037   0.0001076792  -0.0005196362  -0.0001467052
        0.0000320178  -0.0000764426  -0.0000145396   0.0000204319  -0.0000012087
       -0.0000009818   0.0000123432   0.0000057724  -0.0000071848   0.0000009278
       -0.0000030163  -0.0000016138  -0.0000278342  -0.0000004169
        0.0012193017   0.0012939665   0.0096103376  -0.0083875728  -0.0525613059
        0.0139755997   0.1204631236   0.1629595557  -0.1047949223  -0.0381811879
       -0.0714651800   0.0752572333  -0.0248292288  -0.0032059366  -0.0015454244
        0.0020429959  -0.0069031716   0.0124665496   0.0086263719   0.0037479025
       -0.0093471307  -0.0026898220   0.0061804401   0.0003580802  -0.0004346407
       -0.0005405575  -0.0002643464   0.0001571567  -0.0000165264   0.0001456911
       -0.0000418273  -0.0000586899   0.0000470274  -0.0000264971   0.0000285402
       -0.0000368012   0.0000524688   0.0000466182   0.0000019663   0.0000340335
       -0.0000491237   0.0000177771   0.0000061060   0.0000751890  -0.0000237608
        0.0000339915  -0.0001141038   0.0000480410  -0.0000600065   0.0000572817
       -0.0000404723   0.0000208151   0.0000253665  -0.0000041810   0.0000659950
       -0.0003683558   0.0002650286   0.0007465736  -0.0000665151   0.0004602881
       -0.0005800234  -0.0007299539   0.0016988940  -0.0540435259  -0.0453655632
       -0.0022091347  -0.0013038277  -0.0003198283   0.0030252867  -0.0025631934
        0.0071100138   0.0013022554  -0.0007205278  -0.0000714571  -0.0011467100
       -0.0000324828   0.0001900422   0.0001782606   0.0004594480  -0.0000293310
        0.0007771203  -0.0000169812   0.0000903653  -0.0002059882  -0.0000232779
        0.0000528067  -0.0000190011  -0.0000035940   0.0000088961  -0.0000057336
        0.0000068466   0.0000062312   0.0000068099   0.0000025340   0.0000007282
       -0.0000011306   0.0000004555  -0.0000083439   0.0000024905
       -0.0064476658   0.0062392366  -0.0331785393  -0.0568004864   0.0298276851
       -0.2697376151   0.0144549312  -0.1047949223   0.6356634186   0.0589464069
        0.0589996707  -0.2500270367   0.0772155903   0.0103178554   0.0323627280
        0.0014051486   0.0110078256  -0.0623416006  -0.0791460039  -0.0217564039
        0.0155244989   0.0003131595   0.0011594145   0.0021086209  -0.0000708134
        0.0009923105   0.0011293659   0.0000826494  -0.0000578375  -0.0000559931
       -0.0001488423   0.0001797153  -0.0003453813   0.0000681152  -0.0000349392
        0.0001798951  -0.0000961637  -0.0000806543  -0.0000198302  -0.0000208324
        0.0001157066  -0.0000471264  -0.0000291930  -0.0001503771   0.0001603947
       -0.0000156992   0.0002929917  -0.0000992806   0.0000882151  -0.0001307938
        0.0001622605  -0.0000772578  -0.0000622384  -0.0000036596   0.0008466922
        0.0009516746  -0.0014392116  -0.0019919099  -0.0006861800   0.0005692326
        0.0015126736   0.0005996811  -0.0023873291  -0.0206334013  -0.0020328210
       -0.0447216620   0.0119172081   0.0081051332  -0.0249237483  -0.0011371535
        0.0008326610   0.0014812448  -0.0003998626   0.0001095273  -0.0003087271
       -0.0000502432   0.0002284874   0.0000054540   0.0002887457   0.0002415651
        0.0003644768   0.0001374661  -0.0003530163  -0.0000346950  -0.0001849282
       -0.0000621226   0.0000050293  -0.0000206567   0.0000099649   0.0000173554
       -0.0000067791  -0.0000127919  -0.0000354801  -0.0000046948   0.0000002382
        0.0000035238   0.0000055852   0.0000037533  -0.0000305832
       -0.0002907561  -0.0008603798  -0.0039328042   0.0557503167   0.0052755795
        0.0347704345  -0.1532200171  -0.0381811879   0.0589464069   0.6408865723
        0.1095271027   0.0337361099  -0.3306636042  -0.0662140737   0.0166744910
       -0.0327536205   0.0091814344  -0.0833886473  -0.0464170562  -0.0147309905
        0.0247966420  -0.0001484326   0.0006053006  -0.0002781363   0.0021479323
        0.0011735774  -0.0006699622  -0.0007910104  -0.0001176194  -0.0012250928
       -0.0000889192  -0.0000268739  -0.0001556819  -0.0000435020   0.0000422984
        0.0001731596  -0.0000193548   0.0000182857  -0.0000532920  -0.0000425933
       -0.0000524692   0.0001064481   0.0000456816   0.0002097213   0.0000718746
       -0.0001087711  -0.0003028954   0.0000712175   0.0001122484   0.0002207989
       -0.0000326138   0.0000523280   0.0000303521  -0.0000490598   0.0002862928
        0.0001621765  -0.0000238669  -0.0001413585   0.0000129249  -0.0000899800
        0.0001832667   0.0000694021   0.0003607067  -0.0185081696  -0.0092695431
        0.0236601048  -0.0983248689   0.0080681926  -0.1053992308  -0.0173430566
       -0.0042841572   0.0007529575  -0.0002639356  -0.0000079901   0.0001482823
        0.0001173008   0.0000639361   0.0000606051   0.0000550227   0.0000275566
        0.0004027954  -0.0003072356  -0.0005898157   0.0006847333  -0.0001563143
       -0.0000682079  -0.0000955867  -0.0000183025   0.0000146693   0.0000178404
        0.0000094620  -0.0000139851  -0.0000530644  -0.0000065744   0.0000164928
        0.0000073749   0.0000110291   0.0000003867   0.0000048344
       -0.0014995293   0.0069619762   0.0008754810   0.0162879272  -0.0004769944
        0.0205791433  -0.0535057186  -0.0714651800   0.0589996707   0.1095271027
        0.1614728128  -0.1081637646  -0.0503815859  -0.0582680880   0.0130851875
       -0.0020508591   0.0023634138  -0.0214022088  -0.0141568138  -0.0079252879
        0.0059124492   0.0000729723  -0.0001075385   0.0001266441   0.0018467205
        0.0064604593   0.0023146660  -0.0016474636   0.0006402864  -0.0002615939
       -0.0001510852  -0.0002896385   0.0001171064  -0.0001680040   0.0000796747
       -0.0000535316   0.0001150862   0.0000808809   0.0000062925  -0.0000582944
       -0.0001610246  -0.0000306344   0.0001238857   0.0004277138  -0.0002918715
       -0.0000591195  -0.0004809586   0.0001070189  -0.0000165607   0.0002718891
       -0.0001152814   0.0001530800   0.0000791511   0.0000496399  -0.0005503402
       -0.0003268615   0.0016996161   0.0001620213   0.0000273587  -0.0000639809
        0.0004952977   0.0005457848  -0.0010893310  -0.0043419714  -0.0018376869
        0.0053455140   0.0081021536  -0.0365836007   0.0215827165  -0.0087778954
       -0.0018017645   0.0002040861  -0.0000581180   0.0000456479   0.0000419664
       -0.0000198819   0.0000082139  -0.0000136363   0.0000215456   0.0000091988
        0.0000479283   0.0005205487   0.0002650397   0.0003777739   0.0000305637
       -0.0000347979   0.0000349866  -0.0000077547   0.0000063930  -0.0000139455
        0.0000072310   0.0000006763   0.0000050406  -0.0000092149   0.0000133808
       -0.0000166012  -0.0000059252  -0.0000005298   0.0000034531
       -0.0024293508   0.0012984128  -0.0021395314  -0.0217948769   0.0082968281
       -0.0643008456   0.1350586975   0.0752572333  -0.2500270367   0.0337361099
       -0.1081637646   0.6474535578  -0.0584079137  -0.0029004081  -0.0928393655
       -0.0258469933  -0.0096378774   0.0188969345   0.0253953690   0.0070477776
       -0.0075822506  -0.0002498621   0.0001684013  -0.0009256846  -0.0032818656
        0.0016172895  -0.0041528696  -0.0016020736  -0.0000818229  -0.0008649841
        0.0001586332  -0.0004070176   0.0003296007  -0.0002372276   0.0001044236
       -0.0001038575   0.0001903824   0.0001431056   0.0000172993  -0.0000649616
       -0.0001203346   0.0001306053  -0.0000764353   0.0005014563  -0.0000587644
       -0.0002474781  -0.0003454239  -0.0000157072   0.0000970609   0.0001989897
       -0.0000165893   0.0003067613   0.0000997520   0.0000521294  -0.0000074099
        0.0002871333  -0.0005293295  -0.0003342238  -0.0001333070   0.0002238257
        0.0003784565   0.0000320225  -0.0012681786   0.0002332280  -0.0000714709
        0.0007508015  -0.1052891110   0.0216613670  -0.2431077833   0.0243647864
        0.0051595650   0.0002344865   0.0000735351  -0.0001614779  -0.0000306675
        0.0001827830  -0.0000158722   0.0001299647  -0.0001363109  -0.0000139988
        0.0000234935  -0.0000824659   0.0002186928  -0.0001787756  -0.0000700182
        0.0000317508  -0.0000933998   0.0000090426  -0.0000279955  -0.0000186785
        0.0000202345  -0.0000064592   0.0000136265  -0.0000098353   0.0000092532
        0.0000014401  -0.0000366669  -0.0000462240  -0.0000034660
       -0.0000990654  -0.0003421219   0.0008464512  -0.0430028684  -0.0022166684
       -0.0324579760  -0.0393080149  -0.0248292288   0.0772155903  -0.3306636042
       -0.0503815859  -0.0584079137   0.6591026537   0.1140724914   0.0095739164
       -0.1203503782  -0.0033735393  -0.0504808011   0.0504334231   0.0152957492
       -0.0189955180  -0.0008249563  -0.0026819148   0.0029733366  -0.0439916459
        0.0010127527  -0.0329042871   0.0001792365  -0.0061547831  -0.0005327274
        0.0001719307   0.0003065219  -0.0001028952   0.0006704612  -0.0003393556
        0.0002188818  -0.0002287142  -0.0002110575   0.0000128956  -0.0001542287
        0.0000698019   0.0002597190  -0.0022818936   0.0002224431   0.0005294960
        0.0010018923   0.0015896454  -0.0002378933  -0.0000697831  -0.0005074767
        0.0001662904  -0.0008739610  -0.0003532146  -0.0001905114   0.0000072520
       -0.0000280513  -0.0003418443   0.0002656457   0.0000818801   0.0000411397
        0.0000137577  -0.0000156300  -0.0002208947  -0.0004991470  -0.0022176017
        0.0025323664  -0.0163625290  -0.0025400611  -0.0036013435  -0.1132337286
       -0.0384457191   0.1072641805   0.0003804906   0.0000262687   0.0002683449
       -0.0003172840  -0.0000166519  -0.0001449340   0.0000538323  -0.0000398734
       -0.0002221493  -0.0000699612   0.0013987603  -0.0027872005   0.0001482765
        0.0003185821  -0.0001830871  -0.0000086248   0.0001046686  -0.0000201490
       -0.0000433098   0.0000629110  -0.0000444939  -0.0001522925   0.0000882906
       -0.0000357075   0.0001071384   0.0000437682   0.0000097181
       -0.0000644977  -0.0002455761   0.0002894828  -0.0027103693  -0.0038350865
       -0.0046012562  -0.0126935620  -0.0032059366   0.0103178554  -0.0662140737
       -0.0582680880  -0.0029004081   0.1140724914   0.1564914251  -0.1066005893
        0.0073194052  -0.0551351363   0.0374239441   0.0064146123  -0.0002327113
        0.0064089230  -0.0024612496   0.0062352491   0.0019876248  -0.0035772389
        0.0047556004  -0.0045899119   0.0006825871  -0.0012658182  -0.0005786127
        0.0000086987   0.0005485369  -0.0003884254   0.0004100871  -0.0000025501
        0.0001668820  -0.0001763717  -0.0000988212  -0.0000355507  -0.0000041694
       -0.0000162705   0.0000839522  -0.0008907762  -0.0002061435   0.0002398292
        0.0002099465   0.0004192142  -0.0001285298   0.0002457954  -0.0000192087
        0.0000928781  -0.0003886435  -0.0000820564  -0.0000955327   0.0000215764
       -0.0000300148  -0.0000674476   0.0000907606   0.0000412495   0.0000068254
       -0.0000324730   0.0000257173  -0.0000708448  -0.0025120361   0.0063234527
        0.0028519939   0.0018445493   0.0009100102   0.0001922469  -0.0391889313
       -0.0535297251   0.0597144209  -0.0007180439   0.0002964042  -0.0014043863
       -0.0000778403  -0.0000857851   0.0000724254   0.0005610977   0.0000334758
        0.0014274829  -0.0002836785   0.0000965767   0.0001387772   0.0000894697
        0.0000147344   0.0000729880  -0.0000065850   0.0000266895   0.0000133238
       -0.0000009955   0.0000074139  -0.0000316791  -0.0000209411   0.0000146285
       -0.0000011712   0.0000513992   0.0000185501  -0.0000075100
        0.0001994497   0.0000080441  -0.0006192462  -0.0297575802  -0.0041119400
       -0.0167397031   0.0207838823  -0.0015454244   0.0323627280   0.0166744910
        0.0130851875  -0.0928393655   0.0095739164  -0.1066005893   0.6229136152
       -0.1201393588   0.0232286437  -0.2611337212   0.0314158999   0.0182068610
       -0.0599732269   0.0020062966   0.0016958222  -0.0014966277  -0.0161646521
       -0.0033645336  -0.0047376168   0.0006650261  -0.0002161541   0.0010847016
        0.0003080837  -0.0008956743   0.0005208470  -0.0003294768   0.0001520047
       -0.0002119293   0.0003472531   0.0002331477   0.0000246530   0.0001079381
       -0.0002129966   0.0000379087   0.0002264661   0.0005223735  -0.0001642538
        0.0001300131  -0.0006128762   0.0003330412  -0.0003746608   0.0002659665
       -0.0002708314   0.0002175617   0.0001269025   0.0000338687  -0.0000062131
        0.0001088734  -0.0000538307  -0.0001551532  -0.0000201811   0.0000981952
        0.0000980668  -0.0001034663  -0.0000037459   0.0029132987   0.0029555901
       -0.0030678894  -0.0270291660  -0.0048060443  -0.0043535405   0.1071333664
        0.0603462680  -0.2098114314  -0.0000414155  -0.0000284247  -0.0010286138
        0.0002117587   0.0000573636   0.0004692627  -0.0001445075   0.0003122108
       -0.0007927380   0.0011024297   0.0006558978  -0.0002835444  -0.0000504972
        0.0005452916  -0.0003081042   0.0000041658  -0.0000046789  -0.0000274860
        0.0000415126   0.0000054229   0.0000346687   0.0000315190   0.0000058178
       -0.0000034246   0.0000002858   0.0000052945   0.0000073811
       -0.0034100356  -0.0025632004  -0.0018752700  -0.0382611875  -0.0104486033
        0.0196377579   0.0039602447   0.0020429959   0.0014051486  -0.0327536205
       -0.0020508591  -0.0258469933  -0.1203503782   0.0073194052  -0.1201393588
        0.5907233184   0.0844806208   0.0231022946  -0.1258226459  -0.0333294117
        0.1126607203   0.0066078463   0.0025869401  -0.0062070031  -0.2303312937
       -0.0452957346  -0.0055439117  -0.0383930503   0.0103692828  -0.0144183926
        0.0014847305  -0.0043468213   0.0017808048  -0.0026366541   0.0011482730
       -0.0004312966   0.0014171185   0.0010783421  -0.0001227123  -0.0012862444
       -0.0018596693   0.0005192441   0.0019064839   0.0043195243  -0.0020544567
       -0.0046982343  -0.0046760498   0.0003839243   0.0025045850   0.0022843886
       -0.0005797369   0.0032788170   0.0011789026   0.0004338188   0.0004570181
       -0.0001176371  -0.0006478204  -0.0004689422  -0.0003158022   0.0010796822
       -0.0000299414   0.0003076942  -0.0001752818   0.0012737691   0.0002285749
        0.0001259700  -0.0041638774  -0.0022276428  -0.0003462087   0.0059961169
       -0.0033260587   0.0139899632  -0.0015289746   0.0010931568  -0.0026464573
       -0.0006160958  -0.0003365650  -0.0011257199  -0.0009624930  -0.0000222548
       -0.0023906641  -0.0147386320  -0.0071559977   0.0091608211   0.0006056823
        0.0001861861   0.0001398646   0.0001653271  -0.0004471256   0.0001154529
        0.0002671788  -0.0002209161   0.0000222701   0.0000948958   0.0001944107
       -0.0000238814  -0.0002908315  -0.0000783485   0.0000174280
       -0.0021372499   0.0062723115   0.0010675594  -0.0213860912  -0.0066332224
       -0.0028827238   0.0010238780  -0.0069031716   0.0110078256   0.0091814344
        0.0023634138  -0.0096378774  -0.0033735393  -0.0551351363   0.0232286437
        0.0844806208   0.1859310122  -0.1053991405  -0.0244376427  -0.0610156521
        0.0573230622  -0.0012288322   0.0011739928   0.0034094691  -0.0392432811
       -0.0730135015   0.0167876423   0.0123502060   0.0087240325  -0.0055898405
        0.0025070361  -0.0016120460   0.0003084888  -0.0005586865   0.0006255450
        0.0003135152   0.0003155441   0.0001969155  -0.0001098657   0.0005777101
        0.0001830547   0.0007237982   0.0032833115  -0.0013123321   0.0016919837
       -0.0007516035  -0.0015720162   0.0005534574  -0.0017208904  -0.0007637896
       -0.0001091206   0.0006052460   0.0002472278  -0.0002190499  -0.0008852486
       -0.0004975924   0.0007996711   0.0000439456   0.0003016281   0.0001280971
        0.0006261597   0.0003502492  -0.0008254729   0.0001714590   0.0004685118
        0.0002549940  -0.0026850034   0.0073487626   0.0013682832   0.0027765902
        0.0001030558   0.0086502461   0.0002584417  -0.0002638867   0.0000837294
       -0.0001240511   0.0001684988  -0.0007911804   0.0002637380  -0.0002772945
       -0.0014110755  -0.0214786484  -0.0038270331  -0.0006129297   0.0012536180
       -0.0012973692  -0.0002356649   0.0000151520  -0.0000877899   0.0001081188
        0.0001106802  -0.0001104219  -0.0001395554   0.0002450103  -0.0001300363
        0.0001664860  -0.0000790136  -0.0000059202  -0.0000115743
       -0.0020626321   0.0007721036   0.0014585172   0.0732566915   0.0090450935
        0.0336225102   0.0040998700   0.0124665496  -0.0623416006  -0.0833886473
       -0.0214022088   0.0188969345  -0.0504808011   0.0374239441  -0.2611337212
        0.0231022946  -0.1053991405   0.6106562863   0.0478488331   0.0394555241
       -0.2273566750   0.0088021186   0.0085217451  -0.0315055186  -0.0107792765
        0.0162544377  -0.0472443069  -0.0069952473  -0.0053565688  -0.0065098681
       -0.0003880186  -0.0001446202  -0.0017854972   0.0001850543   0.0001537152
        0.0005158130  -0.0000564341  -0.0001472780  -0.0002335418  -0.0006151563
        0.0001759634   0.0013553703  -0.0027862609   0.0017638113   0.0026546324
       -0.0003635206   0.0006710257   0.0002941240   0.0013269429   0.0005937564
       -0.0000390614  -0.0000322993  -0.0002864698  -0.0006326907  -0.0001670826
       -0.0000067244   0.0002327395  -0.0004695314  -0.0001977558  -0.0000170503
       -0.0000438532   0.0000217465  -0.0002061331  -0.0000723306   0.0003379502
       -0.0006662719   0.0001519805   0.0009191410   0.0016550469  -0.0088122815
        0.0029620439  -0.0257017395  -0.0006285157  -0.0002983057  -0.0019072448
        0.0011878159   0.0002416547   0.0005106432  -0.0017999658   0.0002131845
       -0.0031960765   0.0106383630   0.0006102093  -0.0012467654  -0.0005725345
        0.0005418438  -0.0001304208  -0.0000470094   0.0000452594   0.0001778053
        0.0000605634  -0.0000700789  -0.0002224638  -0.0001261742   0.0001102317
        0.0000660034   0.0000270451   0.0000082164  -0.0000197785
       -0.0227282386  -0.0056871539   0.0080329435  -0.2790253351  -0.0559106354
        0.0157561247  -0.0284878368   0.0086263719  -0.0791460039  -0.0464170562
       -0.0141568138   0.0253953690   0.0504334231   0.0064146123   0.0314158999
       -0.1258226459  -0.0244376427   0.0478488331   0.6021133238   0.1030668878
        0.0076331985  -0.0952630226  -0.0022322556  -0.0581035644  -0.0372979858
       -0.0133983019   0.0220672899   0.0023833339  -0.0029475395   0.0044391977
       -0.0008427455   0.0011347906  -0.0006455062   0.0005275402  -0.0004344116
        0.0002744210  -0.0003470815  -0.0002432989  -0.0000338883   0.0002068348
        0.0001387853  -0.0004298029  -0.0011010642  -0.0008769290  -0.0003391433
        0.0010954780   0.0016543134  -0.0001671892  -0.0007969189  -0.0011450449
        0.0002089640  -0.0009402320  -0.0002653032  -0.0000431142  -0.0007017345
       -0.0006399453  -0.0009983145  -0.0019705786  -0.0013116253   0.0023379065
       -0.0004548678   0.0004099200  -0.0012926439  -0.0003162813  -0.0012763754
       -0.0025068142  -0.0002446028  -0.0005970710   0.0005285191  -0.0004851857
       -0.0008953424  -0.0034898330  -0.0018387559   0.0025932256  -0.0063901614
       -0.0166709501  -0.0005510623  -0.0252539571   0.0082229476   0.0001319955
        0.0126345602  -0.0025417940   0.0011575849  -0.0000042813  -0.0007927102
        0.0015251737   0.0002577788   0.0000410091   0.0000442603   0.0000429148
       -0.0000126092   0.0000375419  -0.0000050635  -0.0000224724   0.0000101533
       -0.0000179373   0.0000988154   0.0000611355  -0.0000067023
       -0.0092077892  -0.0017843147   0.0023952758  -0.0415952983  -0.0635631942
        0.0098946732  -0.0017644586   0.0037479025  -0.0217564039  -0.0147309905
       -0.0079252879   0.0070477776   0.0152957492  -0.0002327113   0.0182068610
       -0.0333294117  -0.0610156521   0.0394555241   0.1030668878   0.1803117186
       -0.0730496472   0.0005038363  -0.0601542292   0.0050436824  -0.0142656693
       -0.0020906040   0.0051593448   0.0012288797  -0.0014742923   0.0018039839
        0.0008747946  -0.0002455606   0.0004207482  -0.0001213123  -0.0001341027
       -0.0002243237   0.0000910004   0.0000749210   0.0000722735   0.0000621502
       -0.0000704570  -0.0000502254  -0.0000685687   0.0001796240  -0.0001200148
        0.0002946080  -0.0000292308  -0.0000563495  -0.0004081306  -0.0000397117
       -0.0000447165  -0.0000011398   0.0000063351   0.0000503727  -0.0004232018
        0.0005213726  -0.0002108883  -0.0014359164   0.0004264651   0.0015244284
       -0.0007693753   0.0004984626  -0.0000331994  -0.0012744359   0.0067618510
        0.0016594151  -0.0001789613  -0.0000303808   0.0000100812  -0.0011240489
        0.0062765473   0.0015689055   0.0121846426  -0.0006342309   0.0260907372
       -0.0061888121   0.0002367231  -0.0119327783  -0.0060575596   0.0008565304
       -0.0125405265  -0.0015589899   0.0001183805  -0.0001308710   0.0008990801
       -0.0005935252  -0.0002599083   0.0000204165  -0.0000205301  -0.0000449870
       -0.0000112205   0.0000262366   0.0000588564  -0.0000115945   0.0000052721
       -0.0000175613   0.0000048397  -0.0000103268   0.0000094600
        0.0223560780   0.0056044563  -0.0004341398  -0.0524623072  -0.0050191498
       -0.0872776600  -0.0275380794  -0.0093471307   0.0155244989   0.0247966420
        0.0059124492  -0.0075822506  -0.0189955180   0.0064089230  -0.0599732269
        0.1126607203   0.0573230622  -0.2273566750   0.0076331985  -0.0730496472
        0.6076497350  -0.0600518676  -0.0002214055  -0.1842067367   0.0103750380
        0.0021607127  -0.0000306743   0.0000621948  -0.0010400296   0.0000391047
        0.0001100787   0.0009153548  -0.0010823798   0.0002469047  -0.0000099648
       -0.0000934315  -0.0001887567   0.0000325491  -0.0000186681  -0.0000499020
       -0.0000944758  -0.0000520691  -0.0009310450  -0.0004513907  -0.0003400081
        0.0000486122   0.0008199482  -0.0000927319   0.0002174159  -0.0005050826
        0.0001379306  -0.0004129301  -0.0001374688  -0.0000115306   0.0006034395
       -0.0004773435  -0.0010972178   0.0030036100   0.0015246130  -0.0040034748
        0.0006405632   0.0011031044  -0.0002620249  -0.0030248145   0.0014641862
       -0.0040758803   0.0005603201   0.0001890663   0.0007457446  -0.0026086088
        0.0018954573  -0.0036806578  -0.0061013588   0.0066789353  -0.0159872760
       -0.0051424093  -0.0006516564  -0.0003251916  -0.0052527451  -0.0000689461
       -0.0275954404  -0.0011715906  -0.0004815856   0.0005472787   0.0006866114
       -0.0006379126   0.0009166156  -0.0000247702   0.0000569742  -0.0000030290
       -0.0000358921   0.0000312287   0.0000486392  -0.0000358031   0.0000143028
       -0.0000144286   0.0000269714   0.0000578662  -0.0000127440
       -0.0000877668   0.0012554599  -0.0009079291  -0.0195682852   0.0003116092
       -0.0261857189  -0.0044404382  -0.0026898220   0.0003131595  -0.0001484326
        0.0000729723  -0.0002498621  -0.0008249563  -0.0024612496   0.0020062966
        0.0066078463  -0.0012288322   0.0088021186  -0.0952630226   0.0005038363
       -0.0600518676   0.5208700424   0.0102157709  -0.0194079217   0.0000151527
        0.0002063485   0.0008606872  -0.0005640658   0.0005467567   0.0012317576
       -0.0002938766  -0.0000525271   0.0004463640   0.0000637665  -0.0000762834
        0.0001411136   0.0000427246  -0.0001306859   0.0000006902  -0.0000877175
        0.0001261980  -0.0000432350   0.0004782131  -0.0000760054  -0.0000224196
        0.0000396256   0.0001637716   0.0000281354   0.0000225229  -0.0001667107
        0.0000582966  -0.0001837665  -0.0001275077   0.0000472368  -0.0008293681
       -0.0006695863  -0.0005252462  -0.0000612586   0.0000226359  -0.0006158524
       -0.0001213431   0.0001230297  -0.0003232767  -0.0009275029   0.0000708909
       -0.0013969001   0.0000514638   0.0003933123   0.0000519417   0.0002231876
       -0.0001582184   0.0007988061  -0.0435219016   0.0242053550  -0.0080753609
       -0.2386770035  -0.0965832437   0.0095198417  -0.1224727777   0.0656575970
        0.0928468396   0.0001932039   0.0003417471   0.0003768768  -0.0004166830
        0.0001033480   0.0003001037  -0.0000249648   0.0000125876   0.0000145133
       -0.0000678802   0.0000179401  -0.0000149488  -0.0000482212   0.0000091217
        0.0000097281   0.0000234836   0.0000603837  -0.0000339679
        0.0003896427  -0.0033771790  -0.0008844479  -0.0027314063   0.0012979338
       -0.0049726199  -0.0028185249   0.0061804401   0.0011594145   0.0006053006
       -0.0001075385   0.0001684013  -0.0026819148   0.0062352491   0.0016958222
        0.0025869401   0.0011739928   0.0085217451  -0.0022322556  -0.0601542292
       -0.0002214055   0.0102157709   0.4924608179  -0.0000599663  -0.0006386713
       -0.0015704115  -0.0003047491   0.0015142093  -0.0009545500   0.0004458306
        0.0001313978  -0.0002389565  -0.0007178510  -0.0002525950   0.0001941344
       -0.0001971210   0.0001303591   0.0002328295  -0.0000624726   0.0001982991
       -0.0004877532   0.0001938034  -0.0005520267   0.0002180060  -0.0003000991
        0.0001222491  -0.0006316801   0.0002785095  -0.0002433385   0.0003548832
       -0.0000745564   0.0000103409   0.0001390355  -0.0000363707   0.0006408781
        0.0002473225  -0.0003783510  -0.0001790685   0.0000809703  -0.0001922569
       -0.0013805224   0.0003953697  -0.0000390873  -0.0001985963  -0.0000682886
       -0.0003746435   0.0003821576  -0.0014629291  -0.0003347423   0.0001479760
       -0.0001210043   0.0003155557   0.0267767321  -0.2520477235   0.0709837137
       -0.0967677562  -0.0910234895   0.0039999765   0.0661058087  -0.0970243467
       -0.0780873881  -0.0001076671   0.0000065371  -0.0001903952   0.0006482586
       -0.0000489551  -0.0003543188   0.0000426866   0.0000509861   0.0000145182
        0.0000771716   0.0000358069   0.0000180696   0.0000233004   0.0000298636
        0.0000051195   0.0000348644  -0.0000151438  -0.0000176374
        0.0014866139  -0.0003170034  -0.0015699228  -0.0118095059  -0.0020386588
       -0.0069937019  -0.0000137741   0.0003580802   0.0021086209  -0.0002781363
        0.0001266441  -0.0009256846   0.0029733366   0.0019876248  -0.0014966277
       -0.0062070031   0.0034094691  -0.0315055186  -0.0581035644   0.0050436824
       -0.1842067367  -0.0194079217  -0.0000599663   0.4733127610  -0.0005218092
       -0.0014400756  -0.0002233835  -0.0007233377   0.0011065832  -0.0008158524
       -0.0004260705  -0.0004387215  -0.0001554805  -0.0002008516   0.0000899297
       -0.0001027899   0.0001118223   0.0000043724   0.0000600689   0.0000619901
        0.0000524625  -0.0000036265   0.0000808688   0.0000942679  -0.0000781111
       -0.0003615944  -0.0002294175  -0.0001286624   0.0001554573   0.0000860952
        0.0001217388   0.0003678765   0.0001332187   0.0001105130   0.0012336718
        0.0007575580   0.0007960001   0.0002920654   0.0002243653  -0.0000978075
        0.0005426484  -0.0004434385   0.0004132636   0.0000114565   0.0000094548
       -0.0002000657   0.0000404666  -0.0002321566   0.0000424145  -0.0005595790
        0.0001855449  -0.0012163925  -0.0088462621   0.0666966719  -0.0595865664
        0.0092867004   0.0032374226  -0.0433009278   0.0902690603  -0.0776422275
       -0.1438697133  -0.0003538716  -0.0002258484   0.0001039335   0.0007607700
       -0.0003995231  -0.0005802327   0.0000429284  -0.0000502818   0.0000234659
        0.0000687610  -0.0000209678  -0.0000005148   0.0000527083  -0.0000287817
        0.0000092740  -0.0000259208  -0.0000363792  -0.0000437349
       -0.0014913368  -0.0000235645   0.0003373508   0.0041414131  -0.0022161906
        0.0028111563  -0.0015045270  -0.0004346407  -0.0000708134   0.0021479323
        0.0018467205  -0.0032818656  -0.0439916459  -0.0035772389  -0.0161646521
       -0.2303312937  -0.0392432811  -0.0107792765  -0.0372979858  -0.0142656693
        0.0103750380   0.0000151527  -0.0006386713  -0.0005218092   0.6479652675
        0.0118130319   0.0534404604  -0.2116535787   0.1077332524  -0.0456679905
        0.0027903264   0.0187085362  -0.0067159652   0.0065291348  -0.0061391436
        0.0009630955  -0.0044912769  -0.0022553613  -0.0002319746  -0.0043116453
        0.0008661505  -0.0017622768  -0.0504312202   0.0098996605  -0.0092716424
        0.0057978139   0.0175124931  -0.0034092918  -0.0044224292  -0.0128733023
        0.0032165410  -0.0070346670  -0.0018903009  -0.0011144734  -0.0001917632
        0.0001415603   0.0002231396  -0.0005968393  -0.0001468576   0.0001642603
       -0.0000136991  -0.0001989883   0.0000957197  -0.0005980090   0.0000760807
       -0.0000171752  -0.0018805751  -0.0005349176  -0.0010360968   0.0012103056
        0.0013300240   0.0012289527   0.0006202655  -0.0002791530   0.0005449475
        0.0011709528   0.0007927851  -0.0007630832  -0.0002754101   0.0000878898
        0.0000065642  -0.0710326381  -0.0880544393   0.0267559327  -0.0002642092
       -0.0001385084   0.0007901606   0.0001791292   0.0000910669   0.0002702910
       -0.0003481676   0.0003220927   0.0001871659  -0.0015168357   0.0011087015
       -0.0006175372   0.0011120591   0.0005801824   0.0000151476
       -0.0002373521  -0.0001227537  -0.0003147024  -0.0036908350   0.0063184161
        0.0028149106  -0.0008498263  -0.0005405575   0.0009923105   0.0011735774
        0.0064604593   0.0016172895   0.0010127527   0.0047556004  -0.0033645336
       -0.0452957346  -0.0730135015   0.0162544377  -0.0133983019  -0.0020906040
        0.0021607127   0.0002063485  -0.0015704115  -0.0014400756   0.0118130319
        0.5663647532  -0.2313625014   0.1107414632  -0.1737396917   0.0619267063
        0.0312693852  -0.0513685009   0.0219992219  -0.0140754184  -0.0012801992
       -0.0007483172   0.0077424908   0.0060639044  -0.0002404252  -0.0005208640
       -0.0083236771   0.0033010627   0.0079753460   0.0226815472  -0.0050834434
        0.0014218812  -0.0229452446   0.0068235518  -0.0201088154   0.0038062143
       -0.0037342425   0.0030752436   0.0024836609   0.0001138427   0.0000410790
       -0.0000118524  -0.0000436747   0.0000688584  -0.0000974831   0.0000988065
       -0.0000302052   0.0000103449  -0.0000105762   0.0006185503  -0.0013708182
       -0.0001901512   0.0005577552  -0.0000405367   0.0003952425   0.0008239518
       -0.0023697767  -0.0000379340   0.0005846459  -0.0000830978   0.0003212640
        0.0005598583   0.0000749987   0.0018955435   0.0000849884  -0.0001007936
       -0.0002727100  -0.0831794590  -0.2789063522   0.1271487793   0.0011130447
        0.0009747587  -0.0009707859   0.0011072983  -0.0016196582   0.0003845763
        0.0001844788  -0.0001717399  -0.0002403127  -0.0004097307   0.0000018378
       -0.0000757203  -0.0003794872  -0.0002292453  -0.0001181522
        0.0010824315   0.0002318037   0.0003376806   0.0012558693   0.0012096762
       -0.0043236511  -0.0004412425  -0.0002643464   0.0011293659  -0.0006699622
        0.0023146660  -0.0041528696  -0.0329042871  -0.0045899119  -0.0047376168
       -0.0055439117   0.0167876423  -0.0472443069   0.0220672899   0.0051593448
       -0.0000306743   0.0008606872  -0.0003047491  -0.0002233835   0.0534404604
       -0.2313625014   0.1702393049  -0.0605000439   0.0697731710  -0.0523035438
       -0.0095226744   0.0163003636  -0.0021872080   0.0022378310   0.0014613370
        0.0036252646  -0.0016300549  -0.0009231797   0.0000505838  -0.0004043069
        0.0023768041   0.0025902206  -0.0080820142  -0.0037319725   0.0012895927
        0.0003427011   0.0062017523  -0.0036610497   0.0039423007  -0.0009915571
        0.0036635213  -0.0011123004  -0.0002088533   0.0011289122  -0.0001684156
        0.0000988890   0.0001924925   0.0002716747   0.0001212131  -0.0002359277
       -0.0000212911  -0.0001817024   0.0001106185  -0.0000675321  -0.0003624706
        0.0001150443  -0.0014653318  -0.0003788595  -0.0003185596  -0.0006887952
       -0.0012172607   0.0023504957   0.0006580402  -0.0002448310   0.0004731205
        0.0022353042   0.0003759975  -0.0013447657   0.0004740049   0.0005082932
        0.0002886231   0.0339726814   0.1219213819  -0.0646609184   0.0002825591
       -0.0005198003  -0.0009506430  -0.0002565320   0.0004643235  -0.0004124691
        0.0001181560  -0.0001582067  -0.0007485149   0.0000074821   0.0001350660
        0.0000906725   0.0002292222  -0.0000015227  -0.0001394117
        0.0004074531   0.0001196553  -0.0004542186  -0.0018764615  -0.0011702966
        0.0002213984   0.0003868458   0.0001571567   0.0000826494  -0.0007910104
       -0.0016474636  -0.0016020736   0.0001792365   0.0006825871   0.0006650261
       -0.0383930503   0.0123502060  -0.0069952473   0.0023833339   0.0012288797
        0.0000621948  -0.0005640658   0.0015142093  -0.0007233377  -0.2116535787
        0.1107414632  -0.0605000439   0.6383289816  -0.0097955900   0.0763289989
       -0.0984133619  -0.0306494185   0.0004452682   0.0311190077   0.0151841067
        0.0018184796  -0.0155267961  -0.0232469911   0.0055875392  -0.0460641473
        0.0324929976  -0.0161347793  -0.2397946223  -0.0612754945  -0.0103513469
       -0.0143142151  -0.0458921719   0.0111066633  -0.0152267510   0.0126129320
       -0.0069140927   0.0112437505   0.0033762172   0.0011020905   0.0000857994
       -0.0000989347  -0.0001733154   0.0002895978   0.0000933448   0.0000353250
        0.0000203082   0.0001633918  -0.0001308949   0.0004972376   0.0003703658
        0.0001393415   0.0002984414  -0.0000692699   0.0004974494  -0.0003830905
       -0.0000482378   0.0001286928   0.0000838035   0.0001442214  -0.0005320431
       -0.0001868831  -0.0001001363   0.0031790455   0.0000853079  -0.0001625578
       -0.0001995185   0.0117841985   0.0085373935   0.0030046995  -0.0093724568
       -0.0284605408   0.0055355486  -0.0022084637   0.0026451525  -0.0030200959
        0.0004583454  -0.0009454252   0.0002633865  -0.0012796255   0.0019204357
       -0.0023108889  -0.0016030688  -0.0007721877  -0.0001619005
       -0.0004612544  -0.0001704660   0.0003857949   0.0015127590  -0.0002284801
       -0.0000879853   0.0001307236  -0.0000165264  -0.0000578375  -0.0001176194
        0.0006402864  -0.0000818229  -0.0061547831  -0.0012658182  -0.0002161541
        0.0103692828   0.0087240325  -0.0053565688  -0.0029475395  -0.0014742923
       -0.0010400296   0.0005467567  -0.0009545500   0.0011065832   0.1077332524
       -0.1737396917   0.0697731710  -0.0097955900   0.6119897237  -0.1390385295
       -0.0810227671  -0.2499540705   0.0364032049   0.0631066639  -0.0472796334
        0.0226691608  -0.0336886564  -0.0329229152   0.0019485925   0.0016585723
        0.0479286793  -0.0140457536  -0.0390457076  -0.1137431595   0.0153661815
       -0.0231700231   0.0046086734  -0.0056618974   0.0079440966  -0.0031100537
        0.0018233366  -0.0073800549  -0.0079691645   0.0019048094  -0.0000648392
        0.0001065046   0.0001201387  -0.0002754799  -0.0000686027  -0.0000122113
       -0.0000198448  -0.0001414372   0.0000937947  -0.0004725770  -0.0001021531
       -0.0000859332  -0.0006947152  -0.0000521733  -0.0005883385   0.0004336384
        0.0003764292  -0.0000445078  -0.0004422250  -0.0003349751   0.0006760008
       -0.0000697743   0.0010415097  -0.0020976128  -0.0000570390   0.0001420994
        0.0000493843   0.0153828715  -0.0297764630   0.0069356569  -0.0063694090
       -0.0107098235   0.0033737809   0.0022615087  -0.0001836676   0.0033925648
       -0.0010623336   0.0002267547  -0.0001356882   0.0032112970  -0.0015933662
        0.0025085309  -0.0009791903   0.0000067906   0.0000201841
        0.0002364487   0.0000140885  -0.0002334020  -0.0012433309   0.0002943605
        0.0000099933   0.0005623977   0.0001456911  -0.0000559931  -0.0012250928
       -0.0002615939  -0.0008649841  -0.0005327274  -0.0005786127   0.0010847016
       -0.0144183926  -0.0055898405  -0.0065098681   0.0044391977   0.0018039839
        0.0000391047   0.0012317576   0.0004458306  -0.0008158524  -0.0456679905
        0.0619267063  -0.0523035438   0.0763289989  -0.1390385295   0.1819858463
        0.0136419841   0.0485473539  -0.0620526716  -0.0115888920   0.0149505923
       -0.0080424294   0.0073848159   0.0034921700  -0.0054275027  -0.0082596236
       -0.0081314472  -0.0004151776  -0.0151679136   0.0100831906  -0.0564107975
        0.0049574234  -0.0094884616   0.0014996570  -0.0040639705   0.0027784115
       -0.0025662848   0.0038357636   0.0037072704   0.0018653876   0.0001196203
       -0.0000950859  -0.0001553474   0.0001286316   0.0000291522  -0.0000097461
        0.0000401900   0.0001578728  -0.0000903641   0.0002514520   0.0000618188
       -0.0000403118   0.0000270338   0.0000219913   0.0001378858  -0.0001353336
       -0.0002114168  -0.0005292432  -0.0003526061   0.0003000652  -0.0004350314
        0.0005362681  -0.0007760216  -0.0011405559   0.0001973393  -0.0001506769
       -0.0002447987  -0.0063360507   0.0121503003  -0.0045102508  -0.0001652312
       -0.0023987426   0.0013936912  -0.0027230115   0.0030458757   0.0081845550
        0.0003289115  -0.0001478502   0.0004046448  -0.0021738248   0.0028044089
        0.0054458692  -0.0001942422   0.0001071446   0.0008028198
        0.0000845286  -0.0000307563   0.0000035844   0.0004110032   0.0001523068
       -0.0000261959  -0.0000572874  -0.0000418273  -0.0001488423  -0.0000889192
       -0.0001510852   0.0001586332   0.0001719307   0.0000086987   0.0003080837
        0.0014847305   0.0025070361  -0.0003880186  -0.0008427455   0.0008747946
        0.0001100787  -0.0002938766   0.0001313978  -0.0004260705   0.0027903264
        0.0312693852  -0.0095226744  -0.0984133619  -0.0810227671   0.0136419841
        0.6727683115  -0.0109547086   0.1091698709  -0.2340861376   0.1563228060
       -0.0771944023  -0.0596064946  -0.0028922808  -0.0101771774  -0.0018638673
        0.0182717800  -0.0048704073  -0.0004464528  -0.0281776729   0.0082000816
       -0.0049335533  -0.0011863176  -0.0014682791   0.0009617234   0.0008813890
       -0.0000240217  -0.0005828800  -0.0015008120   0.0004879183  -0.0000148556
       -0.0000048478   0.0000246309  -0.0000411055  -0.0000135441   0.0000044156
       -0.0000445607  -0.0000190029   0.0000791558  -0.0000822772   0.0000074750
       -0.0000129480  -0.0000437112  -0.0000000225  -0.0000697924   0.0000930578
        0.0000732645   0.0000606054   0.0000375923  -0.0001135368   0.0003453707
       -0.0002607853   0.0003175911   0.0001224467  -0.0001083502  -0.0000595736
        0.0000602688  -0.0038547069   0.0017536708  -0.0012114889  -0.2721999853
       -0.0819139017  -0.0273685747   0.0037247899  -0.0025868851   0.0016580578
       -0.0050479335  -0.0020923021  -0.0014867708   0.0007798566   0.0004279522
       -0.0001092501  -0.0003940035  -0.0002377033   0.0000697278
        0.0002351678   0.0000643798  -0.0002472219  -0.0011844475  -0.0001725040
        0.0001069498  -0.0000542693  -0.0000586899   0.0001797153  -0.0000268739
       -0.0002896385  -0.0004070176   0.0003065219   0.0005485369  -0.0008956743
       -0.0043468213  -0.0016120460  -0.0001446202   0.0011347906  -0.0002455606
        0.0009153548  -0.0000525271  -0.0002389565  -0.0004387215   0.0187085362
       -0.0513685009   0.0163003636  -0.0306494185  -0.2499540705   0.0485473539
       -0.0109547086   0.6004118896  -0.1314216249   0.0877787422  -0.1980321537
        0.0581594092   0.0467924292   0.0470633513  -0.0045433956   0.0122863117
       -0.0470572812   0.0144496950  -0.0568053210  -0.0043173557  -0.0089116062
       -0.0027994218  -0.0076729655   0.0043427983  -0.0049350395   0.0037851779
       -0.0023404874   0.0021363459   0.0003970518  -0.0001211159   0.0000538484
       -0.0000444288  -0.0000666175   0.0001400774   0.0000420031   0.0000058243
       -0.0000195958   0.0000550921  -0.0000039921   0.0002499957   0.0000872702
        0.0000501526   0.0002609534   0.0000072625   0.0002405145  -0.0000942766
       -0.0001376950   0.0000158463  -0.0000186110  -0.0000727411   0.0000706939
        0.0011344933  -0.0007411728  -0.0002441528   0.0001057268  -0.0002534751
       -0.0001151033   0.0057253361   0.0027066148   0.0017807861  -0.0822286660
       -0.0709378132  -0.0061588192   0.0199315523  -0.0218773574   0.0093671094
       -0.0024640401   0.0007188094   0.0011154491   0.0000846860  -0.0002757710
        0.0005130630  -0.0004314767  -0.0005272618  -0.0001009088
       -0.0000658984   0.0000289686   0.0000932914   0.0005494862   0.0001673463
       -0.0000974230   0.0000218282   0.0000470274  -0.0003453813  -0.0001556819
        0.0001171064   0.0003296007  -0.0001028952  -0.0003884254   0.0005208470
        0.0017808048   0.0003084888  -0.0017854972  -0.0006455062   0.0004207482
       -0.0010823798   0.0004463640  -0.0007178510  -0.0001554805  -0.0067159652
        0.0219992219  -0.0021872080   0.0004452682   0.0364032049  -0.0620526716
        0.1091698709  -0.1314216249   0.1623906038  -0.0577670476   0.0697751285
       -0.0707039150  -0.0246345618  -0.0131995154   0.0012235199  -0.0030915032
        0.0158608502  -0.0086818875   0.0153040751  -0.0035015183   0.0063977050
       -0.0009569674   0.0052288884   0.0055704386   0.0020226733  -0.0016954385
        0.0000734546  -0.0008032900  -0.0007138935  -0.0009283804  -0.0000406252
        0.0000394882   0.0000689743  -0.0000043827  -0.0000218947  -0.0000000942
       -0.0000561401  -0.0000996621   0.0000822727  -0.0000657292  -0.0000585787
        0.0000301512  -0.0001063990   0.0000101061  -0.0000450850   0.0000354333
       -0.0000101101   0.0001646923   0.0001775213  -0.0003878937   0.0003100163
        0.0006099978  -0.0001502447  -0.0003381732   0.0002107781  -0.0001607916
        0.0000547010  -0.0026599850   0.0012261249   0.0024575262  -0.0270376836
       -0.0060092533  -0.0351489425  -0.0047764794   0.0055973980  -0.0010375324
       -0.0014505498   0.0011851756   0.0055373116   0.0001315789   0.0001422112
       -0.0002272003   0.0002316106  -0.0000207877  -0.0004878549
        0.0001564076   0.0000006822  -0.0001447971  -0.0005129358   0.0001144648
        0.0001975495  -0.0000610571  -0.0000264971   0.0000681152  -0.0000435020
       -0.0001680040  -0.0002372276   0.0006704612   0.0004100871  -0.0003294768
       -0.0026366541  -0.0005586865   0.0001850543   0.0005275402  -0.0001213123
        0.0002469047   0.0000637665  -0.0002525950  -0.0002008516   0.0065291348
       -0.0140754184   0.0022378310   0.0311190077   0.0631066639  -0.0115888920
       -0.2340861376   0.0877787422  -0.0577670476   0.6357305746   0.0078927761
        0.0908057722  -0.2852115850  -0.0273565787  -0.0347196501  -0.0047909428
       -0.0883643473   0.0239836495  -0.0413538411   0.0236266315  -0.0136549502
       -0.0038008312  -0.0145688728   0.0043551517  -0.0059830962   0.0058692805
       -0.0030774199   0.0053236315   0.0015612744   0.0004441649   0.0000082000
       -0.0000332976  -0.0000583004   0.0000871438   0.0000461736   0.0000344982
       -0.0000279756   0.0000780000  -0.0000473083   0.0001812240   0.0000547994
        0.0000145238   0.0001642925   0.0000146882   0.0001767759  -0.0001150907
       -0.0000871175   0.0000371873  -0.0004248214   0.0001217062   0.0001678721
        0.0003064222   0.0001059475   0.0003903639   0.0001734710  -0.0000865209
       -0.0000580028   0.0023780566   0.0020092900   0.0004230984  -0.0246834544
        0.0168609503  -0.0090767150  -0.0567143102  -0.0564218839   0.0101625610
       -0.0229113298  -0.0050709638  -0.0024683011   0.0006230915  -0.0016839109
       -0.0005466185  -0.0006848609  -0.0007761509   0.0000444856
       -0.0000910386  -0.0000331490   0.0000827125   0.0003235456  -0.0000114361
       -0.0000756383   0.0000402326   0.0000285402  -0.0000349392   0.0000422984
        0.0000796747   0.0001044236  -0.0003393556  -0.0000025501   0.0001520047
        0.0011482730   0.0006255450   0.0001537152  -0.0004344116  -0.0001341027
       -0.0000099648  -0.0000762834   0.0001941344   0.0000899297  -0.0061391436
       -0.0012801992   0.0014613370   0.0151841067  -0.0472796334   0.0149505923
        0.1563228060  -0.1980321537   0.0697751285   0.0078927761   0.6417536518
       -0.1402734722  -0.1029765434  -0.1102837557  -0.0013384502  -0.0320716244
       -0.0142227537  -0.0009413972   0.0065873427   0.0003476748  -0.0004005799
        0.0000256844  -0.0001469467  -0.0000955743   0.0002843397   0.0005235564
       -0.0001001921   0.0002894581   0.0002456227  -0.0000806889  -0.0000070494
        0.0000178317   0.0000265613  -0.0000524578  -0.0000147649  -0.0000138589
        0.0000190361   0.0000008671  -0.0000059827  -0.0000899368  -0.0000232917
       -0.0000210597  -0.0000700383  -0.0000118521  -0.0000900299   0.0000351903
        0.0000267103  -0.0000796905   0.0001436777   0.0001333598  -0.0001828975
       -0.0000561482  -0.0002515071  -0.0000750976  -0.0000957207   0.0000766418
        0.0000463516   0.0005830981  -0.0017292368   0.0003527658  -0.0055759162
        0.0051976229  -0.0026283325  -0.0565437119  -0.2760622403   0.0539694903
        0.0177534193   0.0048271633   0.0016704458  -0.0022041123  -0.0044918064
        0.0035093047   0.0001482074  -0.0000672172   0.0001030834
        0.0000468629  -0.0000000915  -0.0000498981  -0.0002906722  -0.0000522887
       -0.0000285394  -0.0000369043  -0.0000368012   0.0001798951   0.0001731596
       -0.0000535316  -0.0001038575   0.0002188818   0.0001668820  -0.0002119293
       -0.0004312966   0.0003135152   0.0005158130   0.0002744210  -0.0002243237
       -0.0000934315   0.0001411136  -0.0001971210  -0.0001027899   0.0009630955
       -0.0007483172   0.0036252646   0.0018184796   0.0226691608  -0.0080424294
       -0.0771944023   0.0581594092  -0.0707039150   0.0908057722  -0.1402734722
        0.1712620273  -0.0144106146   0.0114500194  -0.0535608028   0.0079924983
       -0.0104631431   0.0055707435  -0.0081159376   0.0025889374  -0.0072567963
       -0.0006049924  -0.0025606423   0.0005320104  -0.0011768074   0.0009224034
       -0.0002949493   0.0008989309   0.0001748221  -0.0001196288   0.0000022591
       -0.0000065446  -0.0000151716   0.0000254721   0.0000093767   0.0000152609
       -0.0000157535   0.0000074151  -0.0000033686   0.0000456835   0.0000281252
        0.0000100446   0.0000596208  -0.0000090925   0.0000524574  -0.0000274159
       -0.0000056715   0.0000414470  -0.0000912165   0.0000251498   0.0000901794
        0.0001018874   0.0000537859   0.0000984596   0.0001023793  -0.0000348748
       -0.0000309898   0.0004334547   0.0010603693   0.0012872780  -0.0030660686
        0.0018207724  -0.0011006116   0.0111558826   0.0539917674  -0.0481291899
       -0.0089485054  -0.0022790541  -0.0010484658  -0.0006644028   0.0035891569
        0.0075432560  -0.0001848647  -0.0000860981   0.0000726278
       -0.0000934822  -0.0000082899   0.0000962842   0.0004614248   0.0000063264
       -0.0000630141   0.0000752914   0.0000524688  -0.0000961637  -0.0000193548
        0.0001150862   0.0001903824  -0.0002287142  -0.0001763717   0.0003472531
        0.0014171185   0.0003155441  -0.0000564341  -0.0003470815   0.0000910004
       -0.0001887567   0.0000427246   0.0001303591   0.0001118223  -0.0044912769
        0.0077424908  -0.0016300549  -0.0155267961  -0.0336886564   0.0073848159
       -0.0596064946   0.0467924292  -0.0246345618  -0.2852115850  -0.1029765434
       -0.0144106146   0.6299992079   0.0081361963   0.0893836359  -0.1038550256
       -0.0219809775  -0.0025795727   0.0325800838  -0.0020739522   0.0061106529
        0.0001695842   0.0159487436  -0.0063731588   0.0052054480  -0.0034311262
        0.0022167586  -0.0050703963  -0.0022320490  -0.0000771871  -0.0000210093
        0.0000174625   0.0000359385  -0.0000494391  -0.0000236429  -0.0000073957
        0.0000116703  -0.0000216186  -0.0000183300  -0.0001096451  -0.0000383625
       -0.0000173189  -0.0001114062  -0.0000122404  -0.0001044927   0.0000150220
        0.0000406171  -0.0000265887   0.0000608501  -0.0000252080  -0.0001841603
       -0.0002872602   0.0000344853  -0.0002262713  -0.0000612283   0.0000512771
        0.0000347472  -0.0014593830  -0.0016061500  -0.0003795684  -0.0016221083
        0.0026293163  -0.0024880132  -0.0074498724  -0.0040060359   0.0002318953
       -0.1767441493   0.1167426852  -0.0586590104  -0.0083887140  -0.0270678208
        0.0060465012   0.0007159969   0.0005225569   0.0000299808
       -0.0000524215   0.0000154577   0.0000589524   0.0003535889   0.0000003869
       -0.0000892707   0.0000585786   0.0000466182  -0.0000806543   0.0000182857
        0.0000808809   0.0001431056  -0.0002110575  -0.0000988212   0.0002331477
        0.0010783421   0.0001969155  -0.0001472780  -0.0002432989   0.0000749210
        0.0000325491  -0.0001306859   0.0002328295   0.0000043724  -0.0022553613
        0.0060639044  -0.0009231797  -0.0232469911  -0.0329229152   0.0034921700
       -0.0028922808   0.0470633513  -0.0131995154  -0.0273565787  -0.1102837557
        0.0114500194   0.0081361963   0.6388994881  -0.1532008912  -0.0935883112
       -0.3279689850   0.0686928088   0.0451727664  -0.0595236322   0.0261010469
        0.0061144002   0.0151481425  -0.0017870000   0.0058547857  -0.0073824959
        0.0031619856  -0.0050953235  -0.0010780503  -0.0007808257  -0.0000146934
        0.0000230092   0.0000407522  -0.0000493479  -0.0000231305  -0.0000139430
        0.0000221050  -0.0000257220  -0.0000115517  -0.0000879036  -0.0000360437
       -0.0000192080  -0.0000774783  -0.0000103657  -0.0000888547   0.0000059045
        0.0000095041  -0.0000752267   0.0001795347  -0.0000132185  -0.0001922169
       -0.0001199546  -0.0001451261  -0.0001127548  -0.0001080610   0.0000284353
        0.0000638465  -0.0015498839  -0.0009821738  -0.0003456451   0.0033567493
       -0.0008904938   0.0033186714  -0.0268903537  -0.0112843894  -0.0008216328
        0.1170503791  -0.1453087950   0.0528136681  -0.0042044441  -0.0107130967
        0.0024117651   0.0007728144   0.0008073663  -0.0001292126
        0.0000017110  -0.0000044867   0.0000124887   0.0000305047   0.0000278372
        0.0000149188  -0.0000017245   0.0000019663  -0.0000198302  -0.0000532920
        0.0000062925   0.0000172993   0.0000128956  -0.0000355507   0.0000246530
       -0.0001227123  -0.0001098657  -0.0002335418  -0.0000338883   0.0000722735
       -0.0000186681   0.0000006902  -0.0000624726   0.0000600689  -0.0002319746
       -0.0002404252   0.0000505838   0.0055875392   0.0019485925  -0.0054275027
       -0.0101771774  -0.0045433956   0.0012235199  -0.0347196501  -0.0013384502
       -0.0535608028   0.0893836359  -0.1532008912   0.1674358637   0.0179682456
        0.0801466665  -0.0653343608  -0.0086790885   0.0175966680  -0.0037135886
       -0.0028305305   0.0012160955   0.0071567219  -0.0004103871   0.0007796256
       -0.0016728829   0.0007168022  -0.0002542588  -0.0007259197  -0.0000065569
       -0.0000001334  -0.0000046108   0.0000081211   0.0000029978   0.0000033130
       -0.0000063122   0.0000002665  -0.0000055054   0.0000047659  -0.0000030738
        0.0000005518  -0.0000006722   0.0000035008   0.0000052025   0.0000062695
       -0.0000063246   0.0000166411  -0.0000659552   0.0000014430  -0.0000242188
       -0.0000436236   0.0000920245  -0.0000200324   0.0000173513   0.0000268535
       -0.0000152740   0.0001800159   0.0000350914   0.0001067141  -0.0029042698
        0.0028824900   0.0072523099   0.0055046734   0.0028396105   0.0021362929
       -0.0587178877   0.0529178815  -0.0566849500  -0.0003643844  -0.0006172136
        0.0020382210  -0.0000531343  -0.0001816348  -0.0000936750
       -0.0000261335   0.0000264825   0.0000078046   0.0000255420  -0.0000489048
        0.0000116159   0.0000567146   0.0000340335  -0.0000208324  -0.0000425933
       -0.0000582944  -0.0000649616  -0.0001542287  -0.0000041694   0.0001079381
       -0.0012862444   0.0005777101  -0.0006151563   0.0002068348   0.0000621502
       -0.0000499020  -0.0000877175   0.0001982991   0.0000619901  -0.0043116453
       -0.0005208640  -0.0004043069  -0.0460641473   0.0016585723  -0.0082596236
       -0.0018638673   0.0122863117  -0.0030915032  -0.0047909428  -0.0320716244
        0.0079924983  -0.1038550256  -0.0935883112   0.0179682456   0.6327787032
        0.0563036840   0.0673165318  -0.2006496590   0.1114442520  -0.0586222369
        0.0098893794   0.0189246413  -0.0041023012   0.0047414432  -0.0093091494
        0.0034827090  -0.0060208911  -0.0043399698   0.0002368712   0.0000023694
       -0.0000025704   0.0000025878  -0.0000006061  -0.0000138428  -0.0000010768
        0.0000160431  -0.0000085945  -0.0000146693  -0.0000183831   0.0000014159
        0.0000101595  -0.0000350796  -0.0000185220  -0.0000074636  -0.0000581940
       -0.0000323290   0.0000257239   0.0000599713   0.0000136290  -0.0001415988
       -0.0001805726  -0.0000539259  -0.0000395943  -0.0000277208   0.0000141270
       -0.0000050704  -0.0008266206  -0.0003321580  -0.0000733583   0.0007589371
        0.0005569316   0.0001256166  -0.0052515975  -0.0029704930  -0.0013948009
        0.0035734704   0.0204518249  -0.0051934889  -0.2769524185  -0.0802599132
       -0.0150338477   0.0003948798   0.0010795710  -0.0002144993
        0.0000811727  -0.0000580313  -0.0000587835  -0.0004377252  -0.0000621516
        0.0000645826  -0.0000243915  -0.0000491237   0.0001157066  -0.0000524692
       -0.0001610246  -0.0001203346   0.0000698019  -0.0000162705  -0.0002129966
       -0.0018596693   0.0001830547   0.0001759634   0.0001387853  -0.0000704570
       -0.0000944758   0.0001261980  -0.0004877532   0.0000524625   0.0008661505
       -0.0083236771   0.0023768041   0.0324929976   0.0479286793  -0.0081314472
        0.0182717800  -0.0470572812   0.0158608502  -0.0883643473  -0.0142227537
       -0.0104631431  -0.0219809775  -0.3279689850   0.0801466665   0.0563036840
        0.6396100450  -0.1459973448   0.0747352921  -0.1488643712   0.0422780967
        0.0095786637  -0.0515150315   0.0160388651  -0.0078997364   0.0009236438
       -0.0002501443   0.0110897413  -0.0005484146   0.0024228812   0.0000108767
       -0.0000124629  -0.0000387368   0.0000483396   0.0000357608   0.0000091462
       -0.0000267885   0.0000367785  -0.0000004747   0.0000867499   0.0000560511
        0.0000120205   0.0000843993   0.0000304685   0.0000729896   0.0000600495
        0.0000366872   0.0000634192  -0.0002568541   0.0000134879   0.0002137630
        0.0002858928   0.0002426747   0.0000678788   0.0001197715  -0.0000001911
       -0.0000669730   0.0017299847   0.0008070242   0.0006644615   0.0001364902
       -0.0004689802  -0.0000169363  -0.0024470722   0.0006253000   0.0009019036
       -0.0024860233  -0.0213696763   0.0057433891  -0.0801993735  -0.0684561972
       -0.0019619773  -0.0002813932  -0.0008168218   0.0001319176
       -0.0000417543   0.0000251193   0.0000240278   0.0001946394  -0.0001029643
       -0.0000003326  -0.0000154708   0.0000177771  -0.0000471264   0.0001064481
       -0.0000306344   0.0001306053   0.0002597190   0.0000839522   0.0000379087
        0.0005192441   0.0007237982   0.0013553703  -0.0004298029  -0.0000502254
       -0.0000520691  -0.0000432350   0.0001938034  -0.0000036265  -0.0017622768
        0.0033010627   0.0025902206  -0.0161347793  -0.0140457536  -0.0004151776
       -0.0048704073   0.0144496950  -0.0086818875   0.0239836495  -0.0009413972
        0.0055707435  -0.0025795727   0.0686928088  -0.0653343608   0.0673165318
       -0.1459973448   0.1701544775  -0.0485024576   0.0482262937  -0.0662688571
       -0.0003650142   0.0187349497  -0.0097317469   0.0026777067  -0.0007604397
        0.0046480696  -0.0049670441  -0.0005355844   0.0001640207  -0.0000088960
        0.0000068946   0.0000191773  -0.0000201671  -0.0000132375  -0.0000004195
        0.0000115663  -0.0000187308  -0.0000004034  -0.0000420405   0.0000010413
        0.0000038114  -0.0000046176  -0.0000087266  -0.0000217883  -0.0000179147
        0.0000204328   0.0000032733   0.0000995272  -0.0000126003  -0.0000769121
       -0.0001195232  -0.0000673171   0.0000350011  -0.0000301474   0.0000113619
        0.0000237466  -0.0005890999  -0.0004025240  -0.0001239349   0.0001331889
        0.0001778195  -0.0001447078  -0.0015014736   0.0010621835   0.0063792738
        0.0014607909   0.0094226951  -0.0033142100  -0.0149874645  -0.0025475081
       -0.0366030691   0.0002701476   0.0003832993  -0.0003190979
       -0.0001223916  -0.0000307721   0.0001352632   0.0006922250  -0.0002182690
       -0.0001769783   0.0000913755   0.0000061060  -0.0000291930   0.0000456816
        0.0001238857  -0.0000764353  -0.0022818936  -0.0008907762   0.0002264661
        0.0019064839   0.0032833115  -0.0027862609  -0.0011010642  -0.0000685687
       -0.0009310450   0.0004782131  -0.0005520267   0.0000808688  -0.0504312202
        0.0079753460  -0.0080820142  -0.2397946223  -0.0390457076  -0.0151679136
       -0.0004464528  -0.0568053210   0.0153040751  -0.0413538411   0.0065873427
       -0.0081159376   0.0325800838   0.0451727664  -0.0086790885  -0.2006496590
        0.0747352921  -0.0485024576   0.6284811748   0.0016289744   0.0803531660
       -0.0730459736  -0.0363596756   0.0121859518   0.0075087708   0.0260236684
       -0.0108973127  -0.0330149008  -0.0405635694   0.0048961372  -0.0000501671
        0.0000667563   0.0000728776  -0.0001155976  -0.0000221468   0.0000025489
       -0.0000098495  -0.0000932330   0.0000489012  -0.0001944004  -0.0000164728
       -0.0000162864  -0.0003231754  -0.0000059592  -0.0002193680   0.0001096045
        0.0002401678   0.0000563755  -0.0000687408  -0.0002029502   0.0002984550
       -0.0001614489   0.0003871774  -0.0000766364   0.0001610983   0.0000979290
        0.0000472705  -0.0012141864  -0.0037340273   0.0005963823   0.0006144582
       -0.0007937796  -0.0005968966  -0.0004113200   0.0003355001  -0.0000634486
        0.0008817660  -0.0022141522  -0.0003130396  -0.0244490528   0.0163368489
       -0.0081300335  -0.0043109772  -0.0013836654  -0.0014443934
       -0.0001718096   0.0000973134   0.0001174211   0.0008410423   0.0000126056
       -0.0001602493   0.0000528169   0.0000751890  -0.0001503771   0.0002097213
        0.0004277138   0.0005014563   0.0002224431  -0.0002061435   0.0005223735
        0.0043195243  -0.0013123321   0.0017638113  -0.0008769290   0.0001796240
       -0.0004513907  -0.0000760054   0.0002180060   0.0000942679   0.0098996605
        0.0226815472  -0.0037319725  -0.0612754945  -0.1137431595   0.0100831906
       -0.0281776729  -0.0043173557  -0.0035015183   0.0236266315   0.0003476748
        0.0025889374  -0.0020739522  -0.0595236322   0.0175966680   0.1114442520
       -0.1488643712   0.0482262937   0.0016289744   0.5574492399  -0.1364674193
       -0.0318767749  -0.1651251434   0.0276411245   0.0251111159  -0.0590946590
        0.0297613888  -0.0420922628  -0.0228767780   0.0013785414  -0.0000389619
        0.0000622739   0.0001107092  -0.0001171843  -0.0000684268  -0.0000213043
        0.0000620890  -0.0001230728   0.0000156956  -0.0001885930  -0.0001225822
       -0.0000239541  -0.0001548635  -0.0000225085  -0.0001809640   0.0000450993
        0.0000225094  -0.0001721828   0.0002829378  -0.0001992504  -0.0001303767
       -0.0001272910  -0.0000114576  -0.0002714458  -0.0000945959   0.0001154174
        0.0001484144  -0.0047993425  -0.0050664422  -0.0006598146  -0.0018949736
       -0.0049671658   0.0027309467   0.0004216728   0.0004011856   0.0001664058
       -0.0014157867  -0.0046524124   0.0035179136  -0.0044706840   0.0051560909
       -0.0019717311   0.0017551964   0.0030505024   0.0009291409
       -0.0000000165  -0.0000596337  -0.0000342334  -0.0003781162  -0.0002157111
        0.0001460858   0.0000173777  -0.0000237608   0.0001603947   0.0000718746
       -0.0002918715  -0.0000587644   0.0005294960   0.0002398292  -0.0001642538
       -0.0020544567   0.0016919837   0.0026546324  -0.0003391433  -0.0001200148
       -0.0003400081  -0.0000224196  -0.0003000991  -0.0000781111  -0.0092716424
       -0.0050834434   0.0012895927  -0.0103513469   0.0153661815  -0.0564107975
        0.0082000816  -0.0089116062   0.0063977050  -0.0136549502  -0.0004005799
       -0.0072567963   0.0061106529   0.0261010469  -0.0037135886  -0.0586222369
        0.0422780967  -0.0662688571   0.0803531660  -0.1364674193   0.1679830601
        0.0088965145   0.0250054523  -0.0705210279  -0.0102132225   0.0308284397
        0.0028149410   0.0059765511   0.0017912336   0.0079327078  -0.0000100525
       -0.0000009295  -0.0000173697   0.0000259297   0.0000195956   0.0000313925
       -0.0000295092   0.0000161262  -0.0000025592   0.0000425850   0.0000706865
        0.0000321665   0.0000848781  -0.0000024198   0.0000662819   0.0000261077
        0.0000353970   0.0001552377  -0.0001253954   0.0000690249   0.0000673242
        0.0002116230   0.0001902765   0.0000827196   0.0001066911   0.0000358982
        0.0000033269   0.0012138708   0.0003879304  -0.0005629629  -0.0006667654
        0.0029907597   0.0053087055  -0.0001178452  -0.0001809919  -0.0005569153
       -0.0008110039   0.0033411448   0.0068597773  -0.0028125631   0.0013490690
        0.0001345493  -0.0023867138   0.0002503087   0.0038656443
        0.0002311462   0.0000707912  -0.0002345409  -0.0005486091  -0.0001382152
        0.0000933380   0.0000806937   0.0000339915  -0.0000156992  -0.0001087711
       -0.0000591195  -0.0002474781   0.0010018923   0.0002099465   0.0001300131
       -0.0046982343  -0.0007516035  -0.0003635206   0.0010954780   0.0002946080
        0.0000486122   0.0000396256   0.0001222491  -0.0003615944   0.0057978139
        0.0014218812   0.0003427011  -0.0143142151  -0.0231700231   0.0049574234
       -0.0049335533  -0.0027994218  -0.0009569674  -0.0038008312   0.0000256844
       -0.0006049924   0.0001695842   0.0061144002  -0.0028305305   0.0098893794
        0.0095786637  -0.0003650142  -0.0730459736  -0.0318767749   0.0088965145
        0.5837184864  -0.1045417579   0.1218008015  -0.2427626462   0.2047985882
       -0.1075013994  -0.2311056172  -0.0396289632  -0.0246612298  -0.0000184162
       -0.0000521880  -0.0000268663   0.0000719205   0.0000216155   0.0000419660
       -0.0000423210   0.0000395768  -0.0000099694   0.0001645483   0.0000454776
        0.0000184929   0.0001269352   0.0000096343   0.0001734045  -0.0003022206
       -0.0001472219  -0.0001028761  -0.0000840294   0.0002004145  -0.0000221035
        0.0000316661  -0.0002216779   0.0005450927   0.0000581873  -0.0001316163
       -0.0000656529  -0.0099331635  -0.0031056551  -0.0007651515  -0.0003235461
       -0.0011081378   0.0003756221  -0.0000776804   0.0003264182   0.0000985133
       -0.0000590248   0.0014603469  -0.0006355259  -0.0016719041   0.0020742703
       -0.0005726349  -0.0146465997  -0.0191161820   0.0028212518
        0.0003435064  -0.0001617776  -0.0001958711  -0.0014918004   0.0001470794
        0.0003253522  -0.0000047956  -0.0001141038   0.0002929917  -0.0003028954
       -0.0004809586  -0.0003454239   0.0015896454   0.0004192142  -0.0006128762
       -0.0046760498  -0.0015720162   0.0006710257   0.0016543134  -0.0000292308
        0.0008199482   0.0001637716  -0.0006316801  -0.0002294175   0.0175124931
       -0.0229452446   0.0062017523  -0.0458921719   0.0046086734  -0.0094884616
       -0.0011863176  -0.0076729655   0.0052288884  -0.0145688728  -0.0001469467
       -0.0025606423   0.0159487436   0.0151481425   0.0012160955   0.0189246413
       -0.0515150315   0.0187349497  -0.0363596756  -0.1651251434   0.0250054523
       -0.1045417579   0.6383199926  -0.1801204441   0.1965191146  -0.3239695011
        0.1320149611  -0.0138176264  -0.0899673958   0.0096824745   0.0000607800
       -0.0000855079  -0.0001958968   0.0002404437   0.0001254533   0.0000357295
       -0.0000936643   0.0002132161  -0.0000799978   0.0003673219   0.0001721230
        0.0000293441   0.0004291386   0.0000698381   0.0003405866  -0.0000032133
       -0.0000095218   0.0001710145  -0.0004476649   0.0002477258   0.0000326321
       -0.0001193624   0.0005210130   0.0005596605   0.0002793952  -0.0001221273
       -0.0003111790   0.0113633334   0.0110177246   0.0002227250   0.0006461884
        0.0005629627  -0.0000700789   0.0001986863   0.0008560395  -0.0011184525
       -0.0007413315   0.0005661046  -0.0001725919  -0.0014463006   0.0013393026
       -0.0016824653  -0.0405480165  -0.0097854526  -0.0044017850
       -0.0000722457   0.0000657505  -0.0000299201   0.0002818002  -0.0000975887
       -0.0000832634   0.0000472750   0.0000480410  -0.0000992806   0.0000712175
        0.0001070189  -0.0000157072  -0.0002378933  -0.0001285298   0.0003330412
        0.0003839243   0.0005534574   0.0002941240  -0.0001671892  -0.0000563495
       -0.0000927319   0.0000281354   0.0002785095  -0.0001286624  -0.0034092918
        0.0068235518  -0.0036610497   0.0111066633  -0.0056618974   0.0014996570
       -0.0014682791   0.0043427983   0.0055704386   0.0043551517  -0.0000955743
        0.0005320104  -0.0063731588  -0.0017870000   0.0071567219  -0.0041023012
        0.0160388651  -0.0097317469   0.0121859518   0.0276411245  -0.0705210279
        0.1218008015  -0.1801204441   0.2561444834  -0.1057957034   0.1333844816
       -0.1282203880  -0.0329249207   0.0045661320  -0.0598617927   0.0000100468
        0.0000087856   0.0000414655  -0.0000811167  -0.0000380181  -0.0000060264
        0.0000361501  -0.0000352955   0.0000272976  -0.0000831085  -0.0000293650
       -0.0000171498  -0.0001273477  -0.0000163064  -0.0000796341  -0.0001253878
        0.0000044225  -0.0001734394   0.0000918783  -0.0000247607  -0.0000146211
        0.0000157826  -0.0001513759  -0.0000690849  -0.0000521695   0.0000061665
        0.0000545779  -0.0061447555  -0.0040790193  -0.0000302075  -0.0001941807
       -0.0004279188  -0.0005406156   0.0002853583  -0.0007296446  -0.0015770523
        0.0000674326   0.0002498027   0.0009092026   0.0005263421  -0.0008499744
       -0.0023149253   0.0100651384   0.0002101546   0.0047053069
       -0.0000594502  -0.0001118543   0.0000791651  -0.0001047098   0.0003922512
        0.0001450365  -0.0001009447  -0.0000600065   0.0000882151   0.0001122484
       -0.0000165607   0.0000970609  -0.0000697831   0.0002457954  -0.0003746608
        0.0025045850  -0.0017208904   0.0013269429  -0.0007969189  -0.0004081306
        0.0002174159   0.0000225229  -0.0002433385   0.0001554573  -0.0044224292
       -0.0201088154   0.0039423007  -0.0152267510   0.0079440966  -0.0040639705
        0.0009617234  -0.0049350395   0.0020226733  -0.0059830962   0.0002843397
       -0.0011768074   0.0052054480   0.0058547857  -0.0004103871   0.0047414432
       -0.0078997364   0.0026777067   0.0075087708   0.0251111159  -0.0102132225
       -0.2427626462   0.1965191146  -0.1057957034   0.3318227061  -0.2471129979
        0.1482314203  -0.0916005720   0.0410257235  -0.0381801410   0.0000161968
        0.0000081450  -0.0000279709  -0.0000020755   0.0000061032  -0.0000127079
       -0.0000040320   0.0000245130  -0.0000129525  -0.0000202942  -0.0000180087
       -0.0000077901   0.0000354813   0.0000052158  -0.0000154814   0.0001476515
       -0.0000516799   0.0001651478  -0.0001032684  -0.0000339033   0.0000195103
        0.0000149387   0.0002531743  -0.0001783969   0.0000191195   0.0000434822
       -0.0000272987   0.0048122924   0.0037118017   0.0003673998   0.0000365820
        0.0001111811  -0.0000372734   0.0000218229   0.0000345492  -0.0001666958
       -0.0000905004   0.0001239418   0.0000155797   0.0001088048  -0.0006893969
        0.0000937947   0.0032551339   0.0017110292   0.0010566332
       -0.0001921643   0.0000828244   0.0000810357   0.0006420416   0.0000710158
       -0.0000701756  -0.0000197578   0.0000572817  -0.0001307938   0.0002207989
        0.0002718891   0.0001989897  -0.0005074767  -0.0000192087   0.0002659665
        0.0022843886  -0.0007637896   0.0005937564  -0.0011450449  -0.0000397117
       -0.0005050826  -0.0001667107   0.0003548832   0.0000860952  -0.0128733023
        0.0038062143  -0.0009915571   0.0126129320  -0.0031100537   0.0027784115
        0.0008813890   0.0037851779  -0.0016954385   0.0058692805   0.0005235564
        0.0009224034  -0.0034311262  -0.0073824959   0.0007796256  -0.0093091494
        0.0009236438  -0.0007604397   0.0260236684  -0.0590946590   0.0308284397
        0.2047985882  -0.3239695011   0.1333844816  -0.2471129979   0.3804183576
       -0.1731258624   0.0251791414   0.0133708948   0.0085883931  -0.0000285644
        0.0000363183   0.0001000050  -0.0001214249  -0.0000732927  -0.0000089373
        0.0000409486  -0.0001127688   0.0000464718  -0.0001751563  -0.0001133991
       -0.0000032747  -0.0002036023  -0.0000451002  -0.0001480949  -0.0000056881
       -0.0001144938  -0.0000358554   0.0002670976  -0.0000977571  -0.0000065870
        0.0000722001  -0.0003553544  -0.0002047109  -0.0001130287   0.0000659978
        0.0001771516  -0.0055349688  -0.0065445257  -0.0008716961  -0.0002071676
       -0.0001510831  -0.0000319712  -0.0000501319  -0.0003925397   0.0003476144
        0.0002364719  -0.0012673342   0.0002798883  -0.0001520943   0.0003114212
        0.0000879749   0.0022206106  -0.0004324080  -0.0009562273
        0.0000657349  -0.0000416245   0.0000236924  -0.0002940525   0.0000111862
        0.0000540990  -0.0000168229  -0.0000404723   0.0001622605  -0.0000326138
       -0.0001152814  -0.0000165893   0.0001662904   0.0000928781  -0.0002708314
       -0.0005797369  -0.0001091206  -0.0000390614   0.0002089640  -0.0000447165
        0.0001379306   0.0000582966  -0.0000745564   0.0001217388   0.0032165410
       -0.0037342425   0.0036635213  -0.0069140927   0.0018233366  -0.0025662848
       -0.0000240217  -0.0023404874   0.0000734546  -0.0030774199  -0.0001001921
       -0.0002949493   0.0022167586   0.0031619856  -0.0016728829   0.0034827090
       -0.0002501443   0.0046480696  -0.0108973127   0.0297613888   0.0028149410
       -0.1075013994   0.1320149611  -0.1282203880   0.1482314203  -0.1731258624
        0.1164228056  -0.0333646924   0.0116271180   0.0113928534  -0.0000125730
       -0.0000122932  -0.0000327950   0.0000570952   0.0000268633   0.0000080579
       -0.0000248187   0.0000306028  -0.0000271223   0.0000511032   0.0000302555
        0.0000038158   0.0000952156   0.0000119446   0.0000420835   0.0001915355
        0.0000571282   0.0001617601  -0.0000990996   0.0000757704  -0.0000174969
       -0.0000512108  -0.0000356159   0.0000898361  -0.0000036700  -0.0000377481
       -0.0000407179   0.0038202167   0.0019746026  -0.0022435333   0.0000820927
        0.0000566825   0.0000208023  -0.0000262523   0.0002101139   0.0001221461
       -0.0000028992   0.0003398074  -0.0006338050   0.0000511401  -0.0001954284
        0.0001858222   0.0009275746  -0.0010488397  -0.0040732334
       -0.0002587240  -0.0000138206   0.0002212725   0.0006716365   0.0000351710
       -0.0001363873   0.0000061527   0.0000208151  -0.0000772578   0.0000523280
        0.0001530800   0.0003067613  -0.0008739610  -0.0003886435   0.0002175617
        0.0032788170   0.0006052460  -0.0000322993  -0.0009402320  -0.0000011398
       -0.0004129301  -0.0001837665   0.0000103409   0.0003678765  -0.0070346670
        0.0030752436  -0.0011123004   0.0112437505  -0.0073800549   0.0038357636
       -0.0005828800   0.0021363459  -0.0008032900   0.0053236315   0.0002894581
        0.0008989309  -0.0050703963  -0.0050953235   0.0007168022  -0.0060208911
        0.0110897413  -0.0049670441  -0.0330149008  -0.0420922628   0.0059765511
       -0.2311056172  -0.0138176264  -0.0329249207  -0.0916005720   0.0251791414
       -0.0333646924   0.3924404592   0.0874063454   0.0466666222   0.0000134149
        0.0000588269   0.0000475422  -0.0000703334  -0.0000263762  -0.0000466110
        0.0000590959  -0.0000669038   0.0000181079  -0.0001505194  -0.0000599456
       -0.0000118535  -0.0001394441  -0.0000074633  -0.0001701088   0.0002403196
        0.0001540795   0.0000115478   0.0002189889  -0.0001805867  -0.0000171260
       -0.0000109648   0.0000093718  -0.0004665245  -0.0000598444   0.0001604798
        0.0000939793   0.0031783688   0.0018665289  -0.0005699560  -0.0002935365
       -0.0004679787  -0.0000387365  -0.0000194267  -0.0003442723   0.0001235367
        0.0001920491  -0.0003060583   0.0001737772   0.0018335209  -0.0007594347
        0.0004439800  -0.0413218566  -0.0612423243   0.0150314253
       -0.0000861265   0.0000344271   0.0000680814   0.0003060589   0.0000109088
       -0.0000572217   0.0000058639   0.0000253665  -0.0000622384   0.0000303521
        0.0000791511   0.0000997520  -0.0003532146  -0.0000820564   0.0001269025
        0.0011789026   0.0002472278  -0.0002864698  -0.0002653032   0.0000063351
       -0.0001374688  -0.0001275077   0.0001390355   0.0001332187  -0.0018903009
        0.0024836609  -0.0002088533   0.0033762172  -0.0079691645   0.0037072704
       -0.0015008120   0.0003970518  -0.0007138935   0.0015612744   0.0002456227
        0.0001748221  -0.0022320490  -0.0010780503  -0.0002542588  -0.0043399698
       -0.0005484146  -0.0005355844  -0.0405635694  -0.0228767780   0.0017912336
       -0.0396289632  -0.0899673958   0.0045661320   0.0410257235   0.0133708948
        0.0116271180   0.0874063454   0.4626175784  -0.1266034235   0.0000023841
        0.0000165823   0.0000260399  -0.0000226461  -0.0000157279  -0.0000152731
        0.0000303904  -0.0000292904   0.0000078146  -0.0000497487  -0.0000339536
       -0.0000042687  -0.0000547943  -0.0000163408  -0.0000610923   0.0000449538
       -0.0000039154  -0.0000424102   0.0001167932  -0.0000460739  -0.0000357343
        0.0000477167  -0.0001278601  -0.0001866731  -0.0000534628   0.0000499847
        0.0000493600  -0.0007104172  -0.0010656291  -0.0000189946  -0.0003084336
       -0.0006709558   0.0000896005  -0.0000612622  -0.0002222283   0.0001498721
        0.0001715048  -0.0000366231   0.0000665729  -0.0000867854  -0.0039315838
        0.0011150344  -0.0429691143  -0.3510017859   0.1054250332
       -0.0000029945  -0.0000080428   0.0000441762   0.0001008613   0.0000611610
       -0.0000345927  -0.0000104705  -0.0000041810  -0.0000036596  -0.0000490598
        0.0000496399   0.0000521294  -0.0001905114  -0.0000955327   0.0000338687
        0.0004338188  -0.0002190499  -0.0006326907  -0.0000431142   0.0000503727
       -0.0000115306   0.0000472368  -0.0000363707   0.0001105130  -0.0011144734
        0.0001138427   0.0011289122   0.0011020905   0.0019048094   0.0018653876
        0.0004879183  -0.0001211159  -0.0009283804   0.0004441649  -0.0000806889
       -0.0001196288  -0.0000771871  -0.0007808257  -0.0007259197   0.0002368712
        0.0024228812   0.0001640207   0.0048961372   0.0013785414   0.0079327078
       -0.0246612298   0.0096824745  -0.0598617927  -0.0381801410   0.0085883931
        0.0113928534   0.0466666222  -0.1266034235   0.0858408302  -0.0000095425
        0.0000070807  -0.0000005114   0.0000018068  -0.0000006234  -0.0000057633
       -0.0000040141  -0.0000124604  -0.0000064442  -0.0000131126  -0.0000141825
       -0.0000111218  -0.0000132515   0.0000066774  -0.0000251394   0.0000641500
        0.0000226280  -0.0000075353   0.0000034145  -0.0000264371  -0.0000049712
       -0.0000737091  -0.0000030899  -0.0001050484  -0.0000255163   0.0000045881
       -0.0000056847   0.0010590249   0.0009476544  -0.0001228980   0.0000362251
        0.0001324569   0.0000817477  -0.0000561311   0.0000904609   0.0003165796
       -0.0000298972  -0.0000239191   0.0000650513   0.0002616862   0.0011182229
        0.0001041759   0.0087123271   0.1014480585  -0.0465196407
       -0.0426245720   0.0113683664   0.0100473758  -0.0006954338   0.0116928833
        0.0111273941  -0.0008783096   0.0000659950   0.0008466922   0.0002862928
       -0.0005503402  -0.0000074099   0.0000072520   0.0000215764  -0.0000062131
        0.0004570181  -0.0008852486  -0.0001670826  -0.0007017345  -0.0004232018
        0.0006034395  -0.0008293681   0.0006408781   0.0012336718  -0.0001917632
        0.0000410790  -0.0001684156   0.0000857994  -0.0000648392   0.0001196203
       -0.0000148556   0.0000538484  -0.0000406252   0.0000082000  -0.0000070494
        0.0000022591  -0.0000210093  -0.0000146934  -0.0000065569   0.0000023694
        0.0000108767  -0.0000088960  -0.0000501671  -0.0000389619  -0.0000100525
       -0.0000184162   0.0000607800   0.0000100468   0.0000161968  -0.0000285644
       -0.0000125730   0.0000134149   0.0000023841  -0.0000095425   0.0479448091
       -0.0112734162  -0.0111963743  -0.0009142840  -0.0240544634  -0.0198909491
       -0.0008184967   0.0139525459   0.0083886939  -0.0000870386   0.0000648634
        0.0000595744  -0.0000336423  -0.0000348297   0.0000998305  -0.0000440065
        0.0001455518   0.0000104798   0.0002154373   0.0000903023  -0.0002833989
        0.0000915951  -0.0000515769  -0.0000570953  -0.0012672305  -0.0007923810
       -0.0007197698   0.0000208593   0.0000362433   0.0000057682   0.0000245282
       -0.0000093711   0.0000114721   0.0000063039  -0.0000094965   0.0000074938
        0.0000083688  -0.0000048347   0.0000035864   0.0000072885   0.0000002874
        0.0000013004  -0.0000054055  -0.0000051934   0.0000062560
        0.0096953905  -0.1782316417  -0.1161102007   0.0006215438   0.0070628148
        0.0025001881  -0.0001808358  -0.0003683558   0.0009516746   0.0001621765
       -0.0003268615   0.0002871333  -0.0000280513  -0.0000300148   0.0001088734
       -0.0001176371  -0.0004975924  -0.0000067244  -0.0006399453   0.0005213726
       -0.0004773435  -0.0006695863   0.0002473225   0.0007575580   0.0001415603
       -0.0000118524   0.0000988890  -0.0000989347   0.0001065046  -0.0000950859
       -0.0000048478  -0.0000444288   0.0000394882  -0.0000332976   0.0000178317
       -0.0000065446   0.0000174625   0.0000230092  -0.0000001334  -0.0000025704
       -0.0000124629   0.0000068946   0.0000667563   0.0000622739  -0.0000009295
       -0.0000521880  -0.0000855079   0.0000087856   0.0000081450   0.0000363183
       -0.0000122932   0.0000588269   0.0000165823   0.0000070807  -0.0112734162
        0.2063393424   0.1356847437  -0.0017826500  -0.0089174028  -0.0078508694
        0.0037939826  -0.0259372510  -0.0160439082   0.0000227365   0.0000119248
        0.0000450480  -0.0000431364   0.0000122691   0.0000451237   0.0000173013
        0.0000763818  -0.0000077479   0.0001496963  -0.0005009601  -0.0001871875
       -0.0001998533   0.0000001435   0.0001889136   0.0004482035   0.0005052613
        0.0000631601  -0.0000321565  -0.0000274447   0.0000111695  -0.0000213624
       -0.0000344893   0.0000000751  -0.0000153117  -0.0000062607  -0.0000038056
       -0.0000006019  -0.0000036081  -0.0000016154   0.0000004060   0.0000009162
       -0.0000007044  -0.0000078056  -0.0000041342   0.0000002945
        0.0075042138  -0.1197896546  -0.1360408103   0.0061302128  -0.0160120514
       -0.0245558379   0.0024695992   0.0002650286  -0.0014392116  -0.0000238669
        0.0016996161  -0.0005293295  -0.0003418443  -0.0000674476  -0.0000538307
       -0.0006478204   0.0007996711   0.0002327395  -0.0009983145  -0.0002108883
       -0.0010972178  -0.0005252462  -0.0003783510   0.0007960001   0.0002231396
       -0.0000436747   0.0001924925  -0.0001733154   0.0001201387  -0.0001553474
        0.0000246309  -0.0000666175   0.0000689743  -0.0000583004   0.0000265613
       -0.0000151716   0.0000359385   0.0000407522  -0.0000046108   0.0000025878
       -0.0000387368   0.0000191773   0.0000728776   0.0001107092  -0.0000173697
       -0.0000268663  -0.0001958968   0.0000414655  -0.0000279709   0.0001000050
       -0.0000327950   0.0000475422   0.0000260399  -0.0000005114  -0.0111963743
        0.1356847437   0.1614674252  -0.0021232150  -0.0104248703  -0.0074708799
       -0.0010871594   0.0090696304   0.0084223563   0.0002214608  -0.0004282659
       -0.0000159090   0.0000477633   0.0000631444  -0.0002054847   0.0000630797
       -0.0002567734  -0.0000701830   0.0002774947  -0.0000426356   0.0000512956
       -0.0001261759  -0.0000156870   0.0000272934   0.0003077326   0.0000245463
        0.0004036683  -0.0000360015  -0.0000639890   0.0000145458  -0.0000246539
        0.0000050769  -0.0000280100  -0.0000064006  -0.0000002238  -0.0000038152
       -0.0000033076  -0.0000002061  -0.0000022599  -0.0000026285   0.0000006416
        0.0000001920   0.0000011885  -0.0000003355   0.0000009598
       -0.2501500684  -0.0591691102  -0.0629737154  -0.0207055615  -0.0065350358
       -0.0005487863   0.0010170117   0.0007465736  -0.0019919099  -0.0001413585
        0.0001620213  -0.0003342238   0.0002656457   0.0000907606  -0.0001551532
       -0.0004689422   0.0000439456  -0.0004695314  -0.0019705786  -0.0014359164
        0.0030036100  -0.0000612586  -0.0001790685   0.0002920654  -0.0005968393
        0.0000688584   0.0002716747   0.0002895978  -0.0002754799   0.0001286316
       -0.0000411055   0.0001400774  -0.0000043827   0.0000871438  -0.0000524578
        0.0000254721  -0.0000494391  -0.0000493479   0.0000081211  -0.0000006061
        0.0000483396  -0.0000201671  -0.0001155976  -0.0001171843   0.0000259297
        0.0000719205   0.0002404437  -0.0000811167  -0.0000020755  -0.0001214249
        0.0000570952  -0.0000703334  -0.0000226461   0.0000018068  -0.0009142840
       -0.0017826500  -0.0021232150   0.2902551965   0.0703503506   0.0714994539
       -0.0176142793  -0.0020797845  -0.0074091789   0.0006837929  -0.0000624696
        0.0005710139   0.0000884057   0.0000296613  -0.0000405681   0.0000042985
       -0.0000389922   0.0000389136   0.0001556849  -0.0001475255   0.0000709015
        0.0000791334  -0.0000135658   0.0000586868  -0.0000923127   0.0001671225
        0.0001728659  -0.0000063467   0.0000530388  -0.0000464751  -0.0000058244
       -0.0000500349  -0.0000261499   0.0000043613   0.0000024313  -0.0000014721
        0.0000027029   0.0000011908   0.0000004943  -0.0000004663   0.0000004781
       -0.0000004997   0.0000023822  -0.0000125993  -0.0000001913
       -0.0591643574  -0.0615751626  -0.0174099716  -0.0089014284  -0.0024679530
       -0.0014696689  -0.0002077564  -0.0000665151  -0.0006861800   0.0000129249
        0.0000273587  -0.0001333070   0.0000818801   0.0000412495  -0.0000201811
       -0.0003158022   0.0003016281  -0.0001977558  -0.0013116253   0.0004264651
        0.0015246130   0.0000226359   0.0000809703   0.0002243653  -0.0001468576
       -0.0000974831   0.0001212131   0.0000933448  -0.0000686027   0.0000291522
       -0.0000135441   0.0000420031  -0.0000218947   0.0000461736  -0.0000147649
        0.0000093767  -0.0000236429  -0.0000231305   0.0000029978  -0.0000138428
        0.0000357608  -0.0000132375  -0.0000221468  -0.0000684268   0.0000195956
        0.0000216155   0.0001254533  -0.0000380181   0.0000061032  -0.0000732927
        0.0000268633  -0.0000263762  -0.0000157279  -0.0000006234  -0.0240544634
       -0.0089174028  -0.0104248703   0.0703503506   0.0668479709   0.0197085872
        0.0231429560   0.0053258925   0.0080851306   0.0002594939   0.0000385525
        0.0005743122   0.0000356846   0.0000024580  -0.0000206346   0.0000198080
       -0.0000165753   0.0000067850  -0.0000975760   0.0000310903   0.0000343628
       -0.0000082923   0.0000961904   0.0000117639   0.0002478456  -0.0000336882
        0.0000544384  -0.0000104220   0.0000294601  -0.0000156761  -0.0000126273
       -0.0000149470   0.0000188891  -0.0000020762   0.0000046424  -0.0000005404
       -0.0000036496   0.0000008772  -0.0000004369  -0.0000013794  -0.0000012262
       -0.0000001736  -0.0000029503  -0.0000031244   0.0000007236
       -0.0637228415  -0.0180416004  -0.0617627403   0.0219461736   0.0066619754
        0.0050883337   0.0025837538   0.0004602881   0.0005692326  -0.0000899800
       -0.0000639809   0.0002238257   0.0000411397   0.0000068254   0.0000981952
        0.0010796822   0.0001280971  -0.0000170503   0.0023379065   0.0015244284
       -0.0040034748  -0.0006158524  -0.0001922569  -0.0000978075   0.0001642603
        0.0000988065  -0.0002359277   0.0000353250  -0.0000122113  -0.0000097461
        0.0000044156   0.0000058243  -0.0000000942   0.0000344982  -0.0000138589
        0.0000152609  -0.0000073957  -0.0000139430   0.0000033130  -0.0000010768
        0.0000091462  -0.0000004195   0.0000025489  -0.0000213043   0.0000313925
        0.0000419660   0.0000357295  -0.0000060264  -0.0000127079  -0.0000089373
        0.0000080579  -0.0000466110  -0.0000152731  -0.0000057633  -0.0198909491
       -0.0078508694  -0.0074708799   0.0714994539   0.0197085872   0.0732513926
       -0.0149285306  -0.0026702532  -0.0047437284  -0.0003603538   0.0002415523
       -0.0012104488  -0.0000348581  -0.0000357105   0.0000894079  -0.0000585481
       -0.0000186128   0.0000340424   0.0000914462  -0.0001373077  -0.0000236588
       -0.0000940227  -0.0000004664   0.0001035018  -0.0000347407   0.0001851195
        0.0001334823   0.0000548464  -0.0000064625  -0.0000343896  -0.0000142166
        0.0000273002  -0.0000208286   0.0000010452   0.0000058319  -0.0000003974
       -0.0000072329   0.0000035184  -0.0000031085  -0.0000063505   0.0000007148
       -0.0000006318   0.0000078071  -0.0000006965  -0.0000023167
       -0.0909980828   0.0815138316  -0.0487443249   0.0076463615  -0.0113141334
        0.0054766130  -0.0007800679  -0.0005800234   0.0015126736   0.0001832667
        0.0004952977   0.0003784565   0.0000137577  -0.0000324730   0.0000980668
       -0.0000299414   0.0006261597  -0.0000438532  -0.0004548678  -0.0007693753
        0.0006405632  -0.0001213431  -0.0013805224   0.0005426484  -0.0000136991
       -0.0000302052  -0.0000212911   0.0000203082  -0.0000198448   0.0000401900
       -0.0000445607  -0.0000195958  -0.0000561401  -0.0000279756   0.0000190361
       -0.0000157535   0.0000116703   0.0000221050  -0.0000063122   0.0000160431
       -0.0000267885   0.0000115663  -0.0000098495   0.0000620890  -0.0000295092
       -0.0000423210  -0.0000936643   0.0000361501  -0.0000040320   0.0000409486
       -0.0000248187   0.0000590959   0.0000303904  -0.0000040141  -0.0008184967
        0.0037939826  -0.0010871594  -0.0176142793   0.0231429560  -0.0149285306
        0.1039507312  -0.0957494812   0.0561614486   0.0000274594  -0.0000567857
        0.0001281715  -0.0000530849  -0.0000496359   0.0001143300   0.0000244063
       -0.0000702566  -0.0000493029  -0.0007034300   0.0004923479  -0.0001705655
       -0.0000320364   0.0002379108   0.0000862327  -0.0002141102  -0.0003052405
       -0.0001307881   0.0000056581   0.0000044318   0.0000034807  -0.0000019599
       -0.0000024385   0.0000775388  -0.0000089762   0.0000187907  -0.0000001737
        0.0000124041   0.0000020643   0.0000025005   0.0000062509   0.0000034438
       -0.0000004624  -0.0000042988  -0.0000053215   0.0000023686
        0.0825266870  -0.1835410748   0.0842879016   0.0021629243  -0.0072833827
        0.0077784501  -0.0008523969  -0.0007299539   0.0005996811   0.0000694021
        0.0005457848   0.0000320225  -0.0000156300   0.0000257173  -0.0001034663
        0.0003076942   0.0003502492   0.0000217465   0.0004099200   0.0004984626
        0.0011031044   0.0001230297   0.0003953697  -0.0004434385  -0.0001989883
        0.0000103449  -0.0001817024   0.0001633918  -0.0001414372   0.0001578728
       -0.0000190029   0.0000550921  -0.0000996621   0.0000780000   0.0000008671
        0.0000074151  -0.0000216186  -0.0000257220   0.0000002665  -0.0000085945
        0.0000367785  -0.0000187308  -0.0000932330  -0.0001230728   0.0000161262
        0.0000395768   0.0002132161  -0.0000352955   0.0000245130  -0.0001127688
        0.0000306028  -0.0000669038  -0.0000292904  -0.0000124604   0.0139525459
       -0.0259372510   0.0090696304  -0.0020797845   0.0053258925  -0.0026702532
       -0.0957494812   0.2113352722  -0.0989966073  -0.0000910718  -0.0001454626
       -0.0000799573  -0.0000174341  -0.0000129060   0.0000959038  -0.0000239677
       -0.0000797865  -0.0000084009  -0.0007486526   0.0003525328  -0.0000611090
        0.0002370391   0.0000379900  -0.0001873647  -0.0001566767  -0.0011299649
       -0.0003420775   0.0000788419   0.0000738979  -0.0000220450  -0.0000368749
        0.0000354904   0.0000508278   0.0000078109   0.0000014479   0.0000014209
       -0.0000002501  -0.0000003144   0.0000030953   0.0000019990  -0.0000040978
        0.0000016661  -0.0000028141   0.0000020797   0.0000048369
       -0.0513026745   0.0855083614  -0.0880318086  -0.0068711746   0.0213497435
       -0.0183540792   0.0023556393   0.0016988940  -0.0023873291   0.0003607067
       -0.0010893310  -0.0012681786  -0.0002208947  -0.0000708448  -0.0000037459
       -0.0001752818  -0.0008254729  -0.0002061331  -0.0012926439  -0.0000331994
       -0.0002620249  -0.0003232767  -0.0000390873   0.0004132636   0.0000957197
       -0.0000105762   0.0001106185  -0.0001308949   0.0000937947  -0.0000903641
        0.0000791558  -0.0000039921   0.0000822727  -0.0000473083  -0.0000059827
       -0.0000033686  -0.0000183300  -0.0000115517  -0.0000055054  -0.0000146693
       -0.0000004747  -0.0000004034   0.0000489012   0.0000156956  -0.0000025592
       -0.0000099694  -0.0000799978   0.0000272976  -0.0000129525   0.0000464718
       -0.0000271223   0.0000181079   0.0000078146  -0.0000064442   0.0083886939
       -0.0160439082   0.0084223563  -0.0074091789   0.0080851306  -0.0047437284
        0.0561614486  -0.0989966073   0.1059424409   0.0001194529   0.0003878494
        0.0001905151   0.0000851689   0.0000673059  -0.0002284120  -0.0000362204
        0.0002295072   0.0000526376   0.0001799075   0.0000394194   0.0001971474
       -0.0000930090  -0.0000394281   0.0000214487   0.0000530771  -0.0002159360
        0.0001946883  -0.0000714990  -0.0000492133   0.0000308085   0.0000845308
        0.0000082542  -0.0000787045   0.0000182640  -0.0000143147   0.0000112931
       -0.0000123127   0.0000008641  -0.0000017640  -0.0000078372  -0.0000003309
        0.0000001589   0.0000013533  -0.0000088573   0.0000047283
        0.0011724235   0.0004368935   0.0019204910  -0.0181833991  -0.0036402495
       -0.0033031474  -0.2852657950  -0.0540435259  -0.0206334013  -0.0185081696
       -0.0043419714   0.0002332280  -0.0004991470  -0.0025120361   0.0029132987
        0.0012737691   0.0001714590  -0.0000723306  -0.0003162813  -0.0012744359
       -0.0030248145  -0.0009275029  -0.0001985963   0.0000114565  -0.0005980090
        0.0006185503  -0.0000675321   0.0004972376  -0.0004725770   0.0002514520
       -0.0000822772   0.0002499957  -0.0000657292   0.0001812240  -0.0000899368
        0.0000456835  -0.0001096451  -0.0000879036   0.0000047659  -0.0000183831
        0.0000867499  -0.0000420405  -0.0001944004  -0.0001885930   0.0000425850
        0.0001645483   0.0003673219  -0.0000831085  -0.0000202942  -0.0001751563
        0.0000511032  -0.0001505194  -0.0000497487  -0.0000131126  -0.0000870386
        0.0000227365   0.0002214608   0.0006837929   0.0002594939  -0.0003603538
        0.0000274594  -0.0000910718   0.0001194529   0.3213465775   0.0643226829
        0.0224277848   0.0006966959   0.0008259294  -0.0003302162  -0.0010826361
       -0.0002582642   0.0000344134  -0.0000298896   0.0000286621  -0.0000039573
       -0.0001684615  -0.0000006799  -0.0002643081   0.0000285823  -0.0000270985
        0.0000294026   0.0001486094   0.0001311541  -0.0000523344   0.0000140242
       -0.0000748287   0.0000055818  -0.0000001273   0.0000097855  -0.0000010557
       -0.0000005395   0.0000006837   0.0000004525  -0.0000017159   0.0000010636
       -0.0000014653   0.0000092878  -0.0000064884   0.0000062952
        0.0013128467  -0.0019873971  -0.0001853378   0.0005595362   0.0008083155
       -0.0000770263  -0.0540416918  -0.0453655632  -0.0020328210  -0.0092695431
       -0.0018376869  -0.0000714709  -0.0022176017   0.0063234527   0.0029555901
        0.0002285749   0.0004685118   0.0003379502  -0.0012763754   0.0067618510
        0.0014641862   0.0000708909  -0.0000682886   0.0000094548   0.0000760807
       -0.0013708182  -0.0003624706   0.0003703658  -0.0001021531   0.0000618188
        0.0000074750   0.0000872702  -0.0000585787   0.0000547994  -0.0000232917
        0.0000281252  -0.0000383625  -0.0000360437  -0.0000030738   0.0000014159
        0.0000560511   0.0000010413  -0.0000164728  -0.0001225822   0.0000706865
        0.0000454776   0.0001721230  -0.0000293650  -0.0000180087  -0.0001133991
        0.0000302555  -0.0000599456  -0.0000339536  -0.0000141825   0.0000648634
        0.0000119248  -0.0004282659  -0.0000624696   0.0000385525   0.0002415523
       -0.0000567857  -0.0001454626   0.0003878494   0.0643226829   0.0388256859
       -0.0015790385   0.0005511353  -0.0022562837  -0.0007326897  -0.0006013302
        0.0000201770   0.0000439551   0.0000320029   0.0000069280   0.0000097197
        0.0000911306  -0.0000439249  -0.0000203583   0.0000074827  -0.0000179340
       -0.0000247443  -0.0001031392  -0.0000394491  -0.0000168663  -0.0000321231
       -0.0000182185  -0.0000099584  -0.0000006128   0.0000002854   0.0000044742
       -0.0000040098  -0.0000010672  -0.0000046487   0.0000006533  -0.0000034450
        0.0000048852   0.0000010581   0.0000058337  -0.0000006479
       -0.0017639140  -0.0010798903   0.0006614199  -0.0251272901  -0.0048588095
       -0.0034878386  -0.0207780814  -0.0022091347  -0.0447216620   0.0236601048
        0.0053455140   0.0007508015   0.0025323664   0.0028519939  -0.0030678894
        0.0001259700   0.0002549940  -0.0006662719  -0.0025068142   0.0016594151
       -0.0040758803  -0.0013969001  -0.0003746435  -0.0002000657  -0.0000171752
       -0.0001901512   0.0001150443   0.0001393415  -0.0000859332  -0.0000403118
       -0.0000129480   0.0000501526   0.0000301512   0.0000145238  -0.0000210597
        0.0000100446  -0.0000173189  -0.0000192080   0.0000005518   0.0000101595
        0.0000120205   0.0000038114  -0.0000162864  -0.0000239541   0.0000321665
        0.0000184929   0.0000293441  -0.0000171498  -0.0000077901  -0.0000032747
        0.0000038158  -0.0000118535  -0.0000042687  -0.0000111218   0.0000595744
        0.0000450480  -0.0000159090   0.0005710139   0.0005743122  -0.0012104488
        0.0001281715  -0.0000799573   0.0001905151   0.0224277848  -0.0015790385
        0.0555542608   0.0009662215  -0.0004614502   0.0005923174   0.0012436078
        0.0002985304  -0.0000966135   0.0000069937  -0.0000258258   0.0000196401
       -0.0001992932  -0.0000190907  -0.0003531291  -0.0000228698   0.0000061004
        0.0000886605  -0.0000561942  -0.0000535865  -0.0000618345   0.0000218539
       -0.0000324134  -0.0000330443   0.0000035964  -0.0000008637   0.0000028437
        0.0000015839   0.0000004026  -0.0000025417   0.0000005999   0.0000009985
        0.0000017039   0.0000027687  -0.0000062728   0.0000039635
        0.0002122195  -0.0000266814   0.0006329212  -0.0003590204  -0.0023203513
        0.0023254131   0.0063994975  -0.0013038277   0.0119172081  -0.0983248689
        0.0081021536  -0.1052891110  -0.0163625290   0.0018445493  -0.0270291660
       -0.0041638774  -0.0026850034   0.0001519805  -0.0002446028  -0.0001789613
        0.0005603201   0.0000514638   0.0003821576   0.0000404666  -0.0018805751
        0.0005577552  -0.0014653318   0.0002984414  -0.0006947152   0.0000270338
       -0.0000437112   0.0002609534  -0.0001063990   0.0001642925  -0.0000700383
        0.0000596208  -0.0001114062  -0.0000774783  -0.0000006722  -0.0000350796
        0.0000843993  -0.0000046176  -0.0003231754  -0.0001548635   0.0000848781
        0.0001269352   0.0004291386  -0.0001273477   0.0000354813  -0.0002036023
        0.0000952156  -0.0001394441  -0.0000547943  -0.0000132515  -0.0000336423
       -0.0000431364   0.0000477633   0.0000884057   0.0000356846  -0.0000348581
       -0.0000530849  -0.0000174341   0.0000851689   0.0006966959   0.0005511353
        0.0009662215   0.1134553754  -0.0052608894   0.1176232980   0.0005462576
        0.0007828272  -0.0004805108  -0.0000673097   0.0000312650  -0.0000677844
       -0.0000049541  -0.0000005148   0.0000558616   0.0000230964  -0.0000320855
        0.0000240897   0.0000582086   0.0001399551  -0.0000865949  -0.0000043518
       -0.0000715442   0.0000136830   0.0000018855   0.0000031022   0.0000027747
       -0.0000012331  -0.0000004372  -0.0000057334  -0.0000096362   0.0000033888
       -0.0000010196   0.0000042462  -0.0000121068  -0.0000015208
        0.0002948156  -0.0001708386   0.0004091399  -0.0024858930   0.0064487196
        0.0028436992   0.0036166703  -0.0003198283   0.0081051332   0.0080681926
       -0.0365836007   0.0216613670  -0.0025400611   0.0009100102  -0.0048060443
       -0.0022276428   0.0073487626   0.0009191410  -0.0005970710  -0.0000303808
        0.0001890663   0.0003933123  -0.0014629291  -0.0002321566  -0.0005349176
       -0.0000405367  -0.0003788595  -0.0000692699  -0.0000521733   0.0000219913
       -0.0000000225   0.0000072625   0.0000101061   0.0000146882  -0.0000118521
       -0.0000090925  -0.0000122404  -0.0000103657   0.0000035008  -0.0000185220
        0.0000304685  -0.0000087266  -0.0000059592  -0.0000225085  -0.0000024198
        0.0000096343   0.0000698381  -0.0000163064   0.0000052158  -0.0000451002
        0.0000119446  -0.0000074633  -0.0000163408   0.0000066774  -0.0000348297
        0.0000122691   0.0000631444   0.0000296613   0.0000024580  -0.0000357105
       -0.0000496359  -0.0000129060   0.0000673059   0.0008259294  -0.0022562837
       -0.0004614502  -0.0052608894   0.0286583164  -0.0274670201   0.0005237926
       -0.0024241693  -0.0008915976   0.0001656133  -0.0000345163   0.0002954288
       -0.0000071093  -0.0000052201  -0.0000644305  -0.0001108980  -0.0000164202
       -0.0002079971   0.0000411303   0.0000497624  -0.0000285975  -0.0000127492
       -0.0000252417   0.0000016554  -0.0000032691  -0.0000021377  -0.0000001965
       -0.0000043316   0.0000000585   0.0000039560  -0.0000035770  -0.0000014543
        0.0000001781  -0.0000023040   0.0000068779  -0.0000028295
       -0.0005646520   0.0000329276  -0.0013453265   0.0030092971   0.0029261899
       -0.0028658541  -0.0112611447   0.0030252867  -0.0249237483  -0.1053992308
        0.0215827165  -0.2431077833  -0.0036013435   0.0001922469  -0.0043535405
       -0.0003462087   0.0013682832   0.0016550469   0.0005285191   0.0000100812
        0.0007457446   0.0000519417  -0.0003347423   0.0000424145  -0.0010360968
        0.0003952425  -0.0003185596   0.0004974494  -0.0005883385   0.0001378858
       -0.0000697924   0.0002405145  -0.0000450850   0.0001767759  -0.0000900299
        0.0000524574  -0.0001044927  -0.0000888547   0.0000052025  -0.0000074636
        0.0000729896  -0.0000217883  -0.0002193680  -0.0001809640   0.0000662819
        0.0001734045   0.0003405866  -0.0000796341  -0.0000154814  -0.0001480949
        0.0000420835  -0.0001701088  -0.0000610923  -0.0000251394   0.0000998305
        0.0000451237  -0.0002054847  -0.0000405681  -0.0000206346   0.0000894079
        0.0001143300   0.0000959038  -0.0002284120  -0.0003302162  -0.0007326897
        0.0005923174   0.1176232980  -0.0274670201   0.2733853050   0.0007508899
       -0.0006446755   0.0008359707   0.0000525160   0.0000252743   0.0000601540
       -0.0000477146  -0.0000312569  -0.0000044388   0.0000125867  -0.0000152009
       -0.0000499876   0.0000722257   0.0000699125  -0.0001112936   0.0000319695
       -0.0000390958  -0.0000249487   0.0000070944   0.0000117053  -0.0000002561
       -0.0000007972   0.0000038605  -0.0000040095  -0.0000041618   0.0000029116
       -0.0000013347   0.0000167131   0.0000009334   0.0000063530
        0.0000508064   0.0003016450   0.0001497126  -0.0002518688   0.0001063884
       -0.0006913320  -0.0053770932  -0.0025631934  -0.0011371535  -0.0173430566
       -0.0087778954   0.0243647864  -0.1132337286  -0.0391889313   0.1071333664
        0.0059961169   0.0027765902  -0.0088122815  -0.0004851857  -0.0011240489
       -0.0026086088   0.0002231876   0.0001479760  -0.0005595790   0.0012103056
        0.0008239518  -0.0006887952  -0.0003830905   0.0004336384  -0.0001353336
        0.0000930578  -0.0000942766   0.0000354333  -0.0001150907   0.0000351903
       -0.0000274159   0.0000150220   0.0000059045   0.0000062695  -0.0000581940
        0.0000600495  -0.0000179147   0.0001096045   0.0000450993   0.0000261077
       -0.0003022206  -0.0000032133  -0.0001253878   0.0001476515  -0.0000056881
        0.0001915355   0.0002403196   0.0000449538   0.0000641500  -0.0000440065
        0.0000173013   0.0000630797   0.0000042985   0.0000198080  -0.0000585481
        0.0000244063  -0.0000239677  -0.0000362204  -0.0010826361  -0.0006013302
        0.0012436078   0.0005462576   0.0005237926   0.0007508899   0.1299909409
        0.0474014011  -0.1187886530  -0.0000140729  -0.0000184010  -0.0000575759
        0.0000898443   0.0000282824   0.0000182177  -0.0000362631   0.0000115048
       -0.0001071657   0.0000151974  -0.0001920749  -0.0002393034  -0.0000125859
       -0.0000948088   0.0000394578   0.0000037240  -0.0000345059   0.0000122929
        0.0000068592  -0.0000206059   0.0000094171   0.0000141180  -0.0000126801
        0.0000077639  -0.0000426245  -0.0000278558  -0.0000248196
        0.0003901242  -0.0013981591  -0.0003207179   0.0003069063   0.0000717881
       -0.0000641779  -0.0027044491   0.0071100138   0.0008326610  -0.0042841572
       -0.0018017645   0.0051595650  -0.0384457191  -0.0535297251   0.0603462680
       -0.0033260587   0.0001030558   0.0029620439  -0.0008953424   0.0062765473
        0.0018954573  -0.0001582184  -0.0001210043   0.0001855449   0.0013300240
       -0.0023697767  -0.0012172607  -0.0000482378   0.0003764292  -0.0002114168
        0.0000732645  -0.0001376950  -0.0000101101  -0.0000871175   0.0000267103
       -0.0000056715   0.0000406171   0.0000095041  -0.0000063246  -0.0000323290
        0.0000366872   0.0000204328   0.0002401678   0.0000225094   0.0000353970
       -0.0001472219  -0.0000095218   0.0000044225  -0.0000516799  -0.0001144938
        0.0000571282   0.0001540795  -0.0000039154   0.0000226280   0.0001455518
        0.0000763818  -0.0002567734  -0.0000389922  -0.0000165753  -0.0000186128
       -0.0000702566  -0.0000797865   0.0002295072  -0.0002582642   0.0000201770
        0.0002985304   0.0007828272  -0.0024241693  -0.0006446755   0.0474014011
        0.0478842611  -0.0695559297   0.0000027215  -0.0000041114   0.0000388567
        0.0000153561   0.0000151325  -0.0000383307   0.0000184417   0.0000160423
        0.0001234023  -0.0002213476  -0.0000145632   0.0001442894  -0.0000954831
        0.0000034776  -0.0000095870  -0.0000080830  -0.0000126915   0.0000054352
       -0.0000026295  -0.0000114861  -0.0000022808   0.0000033826  -0.0000036773
        0.0000076981  -0.0000292780   0.0000043987  -0.0000073986
        0.0000999537  -0.0003450602  -0.0000033602  -0.0006551245  -0.0002439307
        0.0005268405  -0.0005254434   0.0013022554   0.0014812448   0.0007529575
        0.0002040861   0.0002344865   0.1072641805   0.0597144209  -0.2098114314
        0.0139899632   0.0086502461  -0.0257017395  -0.0034898330   0.0015689055
       -0.0036806578   0.0007988061   0.0003155557  -0.0012163925   0.0012289527
       -0.0000379340   0.0023504957   0.0001286928  -0.0000445078  -0.0005292432
        0.0000606054   0.0000158463   0.0001646923   0.0000371873  -0.0000796905
        0.0000414470  -0.0000265887  -0.0000752267   0.0000166411   0.0000257239
        0.0000634192   0.0000032733   0.0000563755  -0.0001721828   0.0001552377
       -0.0001028761   0.0001710145  -0.0001734394   0.0001651478  -0.0000358554
        0.0001617601   0.0000115478  -0.0000424102  -0.0000075353   0.0000104798
       -0.0000077479  -0.0000701830   0.0000389136   0.0000067850   0.0000340424
       -0.0000493029  -0.0000084009   0.0000526376   0.0000344134   0.0000439551
       -0.0000966135  -0.0004805108  -0.0008915976   0.0008359707  -0.1187886530
       -0.0695559297   0.2363273036  -0.0000599828   0.0000251410  -0.0001739726
        0.0000579130   0.0000005992   0.0000898883  -0.0001269767   0.0000049906
       -0.0002904796  -0.0005656042  -0.0004420578  -0.0006526019   0.0000652583
       -0.0000763046  -0.0000773268   0.0000274066  -0.0000166923   0.0000074611
        0.0000036424  -0.0000047904  -0.0000061686   0.0000132387  -0.0000122456
        0.0000080024  -0.0000004641   0.0000053446  -0.0000002799
       -0.0002167985   0.0007746443  -0.0006982176  -0.0002367220  -0.0001682405
       -0.0008342784   0.0001956140  -0.0007205278  -0.0003998626  -0.0002639356
       -0.0000581180   0.0000735351   0.0003804906  -0.0007180439  -0.0000414155
       -0.0015289746   0.0002584417  -0.0006285157  -0.0018387559   0.0121846426
       -0.0061013588  -0.0435219016   0.0267767321  -0.0088462621   0.0006202655
        0.0005846459   0.0006580402   0.0000838035  -0.0004422250  -0.0003526061
        0.0000375923  -0.0000186110   0.0001775213  -0.0004248214   0.0001436777
       -0.0000912165   0.0000608501   0.0001795347  -0.0000659552   0.0000599713
       -0.0002568541   0.0000995272  -0.0000687408   0.0002829378  -0.0001253954
       -0.0000840294  -0.0004476649   0.0000918783  -0.0001032684   0.0002670976
       -0.0000990996   0.0002189889   0.0001167932   0.0000034145   0.0002154373
        0.0001496963   0.0002774947   0.0001556849  -0.0000975760   0.0000914462
       -0.0007034300  -0.0007486526   0.0001799075  -0.0000298896   0.0000320029
        0.0000069937  -0.0000673097   0.0001656133   0.0000525160  -0.0000140729
        0.0000027215  -0.0000599828   0.0491442208  -0.0298531787   0.0108181052
        0.0007512164  -0.0291957317   0.0087535806  -0.0030620156   0.0206123887
       -0.0033669666  -0.0000392086   0.0000009591   0.0000422454   0.0001943644
        0.0001179740   0.0004205371   0.0000222253   0.0000673861  -0.0000406811
        0.0000472844   0.0000053407   0.0000026066   0.0000321273   0.0000271116
       -0.0000022988  -0.0000162623  -0.0000249174   0.0000047632
       -0.0004710673   0.0004461614  -0.0006579075  -0.0011545456  -0.0000295342
        0.0004770475  -0.0002101611  -0.0000714571   0.0001095273  -0.0000079901
        0.0000456479  -0.0001614779   0.0000262687   0.0002964042  -0.0000284247
        0.0010931568  -0.0002638867  -0.0002983057   0.0025932256  -0.0006342309
        0.0066789353   0.0242053550  -0.2520477235   0.0666966719  -0.0002791530
       -0.0000830978  -0.0002448310   0.0001442214  -0.0003349751   0.0003000652
       -0.0001135368  -0.0000727411  -0.0003878937   0.0001217062   0.0001333598
        0.0000251498  -0.0000252080  -0.0000132185   0.0000014430   0.0000136290
        0.0000134879  -0.0000126003  -0.0002029502  -0.0001992504   0.0000690249
        0.0002004145   0.0002477258  -0.0000247607  -0.0000339033  -0.0000977571
        0.0000757704  -0.0001805867  -0.0000460739  -0.0000264371   0.0000903023
       -0.0005009601  -0.0000426356  -0.0001475255   0.0000310903  -0.0001373077
        0.0004923479   0.0003525328   0.0000394194   0.0000286621   0.0000069280
       -0.0000258258   0.0000312650  -0.0000345163   0.0000252743  -0.0000184010
       -0.0000041114   0.0000251410  -0.0298531787   0.2921486316  -0.0798875060
       -0.0015871739  -0.0187264002   0.0053072830   0.0047104347  -0.0208538350
        0.0027153301   0.0001666841   0.0001475711  -0.0001899452   0.0002644657
        0.0002014839  -0.0003987052   0.0000652862  -0.0000565123  -0.0000017480
        0.0000034076   0.0000006773  -0.0000057031   0.0000076975  -0.0000181795
       -0.0000045320   0.0000268506   0.0000167592  -0.0000095357
        0.0000602043   0.0004247336   0.0005633698   0.0007984696   0.0007284990
       -0.0008012872   0.0004288950  -0.0011467100  -0.0003087271   0.0001482823
        0.0000419664  -0.0000306675   0.0002683449  -0.0014043863  -0.0010286138
       -0.0026464573   0.0000837294  -0.0019072448  -0.0063901614   0.0260907372
       -0.0159872760  -0.0080753609   0.0709837137  -0.0595865664   0.0005449475
        0.0003212640   0.0004731205  -0.0005320431   0.0006760008  -0.0004350314
        0.0003453707   0.0000706939   0.0003100163   0.0001678721  -0.0001828975
        0.0000901794  -0.0001841603  -0.0001922169  -0.0000242188  -0.0001415988
        0.0002137630  -0.0000769121   0.0002984550  -0.0001303767   0.0000673242
       -0.0000221035   0.0000326321  -0.0000146211   0.0000195103  -0.0000065870
       -0.0000174969  -0.0000171260  -0.0000357343  -0.0000049712  -0.0002833989
       -0.0001871875   0.0000512956   0.0000709015   0.0000343628  -0.0000236588
       -0.0001705655  -0.0000611090   0.0001971474  -0.0000039573   0.0000097197
        0.0000196401  -0.0000677844   0.0002954288   0.0000601540  -0.0000575759
        0.0000388567  -0.0001739726   0.0108181052  -0.0798875060   0.0737983319
        0.0009013858   0.0037187589   0.0000720588   0.0036686370  -0.0199177707
        0.0056348560  -0.0000815436  -0.0001088499   0.0001477382   0.0002330221
       -0.0004506464  -0.0011102541   0.0000097796  -0.0000349246   0.0000470982
       -0.0000703091  -0.0000026478  -0.0000188695  -0.0000330947  -0.0000024699
        0.0000048559  -0.0000049423  -0.0000128396   0.0000132032
       -0.0002185445  -0.0000421003  -0.0002627559  -0.0008449089  -0.0006682213
       -0.0027529200  -0.0007367323  -0.0000324828  -0.0000502432   0.0001173008
       -0.0000198819   0.0001827830  -0.0003172840  -0.0000778403   0.0002117587
       -0.0006160958  -0.0001240511   0.0011878159  -0.0166709501  -0.0061888121
       -0.0051424093  -0.2386770035  -0.0967677562   0.0092867004   0.0011709528
        0.0005598583   0.0022353042  -0.0001868831  -0.0000697743   0.0005362681
       -0.0002607853   0.0011344933   0.0006099978   0.0003064222  -0.0000561482
        0.0001018874  -0.0002872602  -0.0001199546  -0.0000436236  -0.0001805726
        0.0002858928  -0.0001195232  -0.0001614489  -0.0001272910   0.0002116230
        0.0000316661  -0.0001193624   0.0000157826   0.0000149387   0.0000722001
       -0.0000512108  -0.0000109648   0.0000477167  -0.0000737091   0.0000915951
       -0.0001998533  -0.0001261759   0.0000791334  -0.0000082923  -0.0000940227
       -0.0000320364   0.0002370391  -0.0000930090  -0.0001684615   0.0000911306
       -0.0001992932  -0.0000049541  -0.0000071093  -0.0000477146   0.0000898443
        0.0000153561   0.0000579130   0.0007512164  -0.0015871739   0.0009013858
        0.2780777438   0.1124078981  -0.0106858708  -0.0212262746  -0.0080063892
        0.0044541036   0.0000182116  -0.0002474252  -0.0001642256  -0.0001170258
       -0.0002490600  -0.0000889265  -0.0000158757  -0.0000481018  -0.0000042437
       -0.0000091527  -0.0000313314  -0.0000130993   0.0000018438  -0.0000293182
       -0.0000122895  -0.0000076542  -0.0000238538   0.0000319424
        0.0000434425   0.0001152442  -0.0001356015  -0.0002637466   0.0005690051
        0.0001799724   0.0000333422   0.0001900422   0.0002284874   0.0000639361
        0.0000082139  -0.0000158722  -0.0000166519  -0.0000857851   0.0000573636
       -0.0003365650   0.0001684988   0.0002416547  -0.0005510623   0.0002367231
       -0.0006516564  -0.0965832437  -0.0910234895   0.0032374226   0.0007927851
        0.0000749987   0.0003759975  -0.0001001363   0.0010415097  -0.0007760216
        0.0003175911  -0.0007411728  -0.0001502447   0.0001059475  -0.0002515071
        0.0000537859   0.0000344853  -0.0001451261   0.0000920245  -0.0000539259
        0.0002426747  -0.0000673171   0.0003871774  -0.0000114576   0.0001902765
       -0.0002216779   0.0005210130  -0.0001513759   0.0002531743  -0.0003553544
       -0.0000356159   0.0000093718  -0.0001278601  -0.0000030899  -0.0000515769
        0.0000001435  -0.0000156870  -0.0000135658   0.0000961904  -0.0000004664
        0.0002379108   0.0000379900  -0.0000394281  -0.0000006799  -0.0000439249
       -0.0000190907  -0.0000005148  -0.0000052201  -0.0000312569   0.0000282824
        0.0000151325   0.0000005992  -0.0291957317  -0.0187264002   0.0037187589
        0.1124078981   0.1019097794  -0.0050930750   0.0132800631   0.0066503085
       -0.0014449232  -0.0000699138  -0.0001434221   0.0002039538  -0.0003168832
       -0.0002094263   0.0000217485  -0.0000727784   0.0000232448   0.0000101503
       -0.0000582030  -0.0000119968  -0.0000118945  -0.0000448059  -0.0000100132
        0.0000006191  -0.0000437448  -0.0000085561   0.0000298023
        0.0006580329   0.0001368793  -0.0000867724  -0.0024663150   0.0004314124
       -0.0051892159  -0.0013194494   0.0001782606   0.0000054540   0.0000606051
       -0.0000136363   0.0001299647  -0.0001449340   0.0000724254   0.0004692627
       -0.0011257199  -0.0007911804   0.0005106432  -0.0252539571  -0.0119327783
       -0.0003251916   0.0095198417   0.0039999765  -0.0433009278  -0.0007630832
        0.0018955435  -0.0013447657   0.0031790455  -0.0020976128  -0.0011405559
        0.0001224467  -0.0002441528  -0.0003381732   0.0003903639  -0.0000750976
        0.0000984596  -0.0002262713  -0.0001127548  -0.0000200324  -0.0000395943
        0.0000678788   0.0000350011  -0.0000766364  -0.0002714458   0.0000827196
        0.0005450927   0.0005596605  -0.0000690849  -0.0001783969  -0.0002047109
        0.0000898361  -0.0004665245  -0.0001866731  -0.0001050484  -0.0000570953
        0.0001889136   0.0000272934   0.0000586868   0.0000117639   0.0001035018
        0.0000862327  -0.0001873647   0.0000214487  -0.0002643081  -0.0000203583
       -0.0003531291   0.0000558616  -0.0000644305  -0.0000044388   0.0000182177
       -0.0000383307   0.0000898883   0.0087535806   0.0053072830   0.0000720588
       -0.0106858708  -0.0050930750   0.0529926839   0.0198552640   0.0082606715
       -0.0019084466   0.0000539279   0.0000839692  -0.0004434246  -0.0001289395
       -0.0000347960  -0.0000373437  -0.0000489102   0.0000993673  -0.0000472352
       -0.0000528309   0.0000378958  -0.0000270924  -0.0000822580   0.0000330684
       -0.0000175452   0.0000238951   0.0000034284   0.0000302077
       -0.0006107003  -0.0015499117  -0.0017322009  -0.0005366834  -0.0007446480
       -0.0007245070  -0.0000823399   0.0004594480   0.0002887457   0.0000550227
        0.0000215456  -0.0001363109   0.0000538323   0.0005610977  -0.0001445075
       -0.0009624930   0.0002637380  -0.0017999658   0.0082229476  -0.0060575596
       -0.0052527451  -0.1224727777   0.0661058087   0.0902690603  -0.0002754101
        0.0000849884   0.0004740049   0.0000853079  -0.0000570390   0.0001973393
       -0.0001083502   0.0001057268   0.0002107781   0.0001734710  -0.0000957207
        0.0001023793  -0.0000612283  -0.0001080610   0.0000173513  -0.0000277208
        0.0001197715  -0.0000301474   0.0001610983  -0.0000945959   0.0001066911
        0.0000581873   0.0002793952  -0.0000521695   0.0000191195  -0.0001130287
       -0.0000036700  -0.0000598444  -0.0000534628  -0.0000255163  -0.0012672305
        0.0004482035   0.0003077326  -0.0000923127   0.0002478456  -0.0000347407
       -0.0002141102  -0.0001566767   0.0000530771   0.0000285823   0.0000074827
       -0.0000228698   0.0000230964  -0.0001108980   0.0000125867  -0.0000362631
        0.0000184417  -0.0001269767  -0.0030620156   0.0047104347   0.0036686370
       -0.0212262746   0.0132800631   0.0198552640   0.1424338540  -0.0775263957
       -0.1053999242   0.0000009809   0.0000339652  -0.0000490848  -0.0001767883
       -0.0000503056  -0.0000384605  -0.0000103289  -0.0000085324  -0.0000035998
       -0.0000152837  -0.0000039066  -0.0000059335  -0.0000127386   0.0000033759
       -0.0000010813  -0.0000046059  -0.0000205899   0.0000207644
       -0.0001038798   0.0000551362   0.0004579925   0.0000404019   0.0007685725
       -0.0008295892   0.0001055837  -0.0000293310   0.0002415651   0.0000275566
        0.0000091988  -0.0000139988  -0.0000398734   0.0000334758   0.0003122108
       -0.0000222548  -0.0002772945   0.0002131845   0.0001319955   0.0008565304
       -0.0000689461   0.0656575970  -0.0970243467  -0.0776422275   0.0000878898
       -0.0001007936   0.0005082932  -0.0001625578   0.0001420994  -0.0001506769
       -0.0000595736  -0.0002534751  -0.0001607916  -0.0000865209   0.0000766418
       -0.0000348748   0.0000512771   0.0000284353   0.0000268535   0.0000141270
       -0.0000001911   0.0000113619   0.0000979290   0.0001154174   0.0000358982
       -0.0001316163  -0.0001221273   0.0000061665   0.0000434822   0.0000659978
       -0.0000377481   0.0001604798   0.0000499847   0.0000045881  -0.0007923810
        0.0005052613   0.0000245463   0.0001671225  -0.0000336882   0.0001851195
       -0.0003052405  -0.0011299649  -0.0002159360  -0.0000270985  -0.0000179340
        0.0000061004  -0.0000320855  -0.0000164202  -0.0000152009   0.0000115048
        0.0000160423   0.0000049906   0.0206123887  -0.0208538350  -0.0199177707
       -0.0080063892   0.0066503085   0.0082606715  -0.0775263957   0.1105103957
        0.0888158742  -0.0000507109  -0.0000480639  -0.0000249757   0.0001527173
        0.0000224433   0.0000152090  -0.0000183001   0.0000228837  -0.0000217862
        0.0000177201  -0.0000045731  -0.0000006660   0.0000098138   0.0000014930
       -0.0000030445  -0.0000247087  -0.0000182792   0.0000076071
        0.0003290203  -0.0000606553   0.0006270297   0.0013859008   0.0003606291
       -0.0005350297   0.0002942757   0.0007771203   0.0003644768   0.0004027954
        0.0000479283   0.0000234935  -0.0002221493   0.0014274829  -0.0007927380
       -0.0023906641  -0.0014110755  -0.0031960765   0.0126345602  -0.0125405265
       -0.0275954404   0.0928468396  -0.0780873881  -0.1438697133   0.0000065642
       -0.0002727100   0.0002886231  -0.0001995185   0.0000493843  -0.0002447987
        0.0000602688  -0.0001151033   0.0000547010  -0.0000580028   0.0000463516
       -0.0000309898   0.0000347472   0.0000638465  -0.0000152740  -0.0000050704
       -0.0000669730   0.0000237466   0.0000472705   0.0001484144   0.0000033269
       -0.0000656529  -0.0003111790   0.0000545779  -0.0000272987   0.0001771516
       -0.0000407179   0.0000939793   0.0000493600  -0.0000056847  -0.0007197698
        0.0000631601   0.0004036683   0.0001728659   0.0000544384   0.0001334823
       -0.0001307881  -0.0003420775   0.0001946883   0.0000294026  -0.0000247443
        0.0000886605   0.0000240897  -0.0002079971  -0.0000499876  -0.0001071657
        0.0001234023  -0.0002904796  -0.0033669666   0.0027153301   0.0056348560
        0.0044541036  -0.0014449232  -0.0019084466  -0.1053999242   0.0888158742
        0.1707029717  -0.0000957540  -0.0001407169   0.0000269287  -0.0000214330
        0.0001122018  -0.0000667900  -0.0000102589  -0.0000007951   0.0000097737
        0.0000048843  -0.0000061575   0.0000027228   0.0000046346   0.0000027532
        0.0000013923  -0.0000057858  -0.0000018067   0.0000030470
       -0.0002333969  -0.0000168981  -0.0000913603  -0.0012749060   0.0004927866
        0.0008512404   0.0001544037  -0.0000169812   0.0001374661  -0.0003072356
        0.0005205487  -0.0000824659  -0.0000699612  -0.0002836785   0.0011024297
       -0.0147386320  -0.0214786484   0.0106383630  -0.0025417940  -0.0015589899
       -0.0011715906   0.0001932039  -0.0001076671  -0.0003538716  -0.0710326381
       -0.0831794590   0.0339726814   0.0117841985   0.0153828715  -0.0063360507
       -0.0038547069   0.0057253361  -0.0026599850   0.0023780566   0.0005830981
        0.0004334547  -0.0014593830  -0.0015498839   0.0001800159  -0.0008266206
        0.0017299847  -0.0005890999  -0.0012141864  -0.0047993425   0.0012138708
       -0.0099331635   0.0113633334  -0.0061447555   0.0048122924  -0.0055349688
        0.0038202167   0.0031783688  -0.0007104172   0.0010590249   0.0000208593
       -0.0000321565  -0.0000360015  -0.0000063467  -0.0000104220   0.0000548464
        0.0000056581   0.0000788419  -0.0000714990   0.0001486094  -0.0001031392
       -0.0000561942   0.0000582086   0.0000411303   0.0000722257   0.0000151974
       -0.0002213476  -0.0005656042  -0.0000392086   0.0001666841  -0.0000815436
        0.0000182116  -0.0000699138   0.0000539279   0.0000009809  -0.0000507109
       -0.0000957540   0.0853826312   0.0835836079  -0.0352069331  -0.0000220641
       -0.0000179660   0.0000625927  -0.0002143615   0.0003401747  -0.0000884795
        0.0000047063  -0.0000285292  -0.0000163288  -0.0000265863   0.0001053483
       -0.0000154797  -0.0003603954  -0.0003426261   0.0000106411
        0.0000686524  -0.0000100186  -0.0000740207   0.0000314122   0.0001859636
        0.0002427244   0.0001076792   0.0000903653  -0.0003530163  -0.0005898157
        0.0002650397   0.0002186928   0.0013987603   0.0000965767   0.0006558978
       -0.0071559977  -0.0038270331   0.0006102093   0.0011575849   0.0001183805
       -0.0004815856   0.0003417471   0.0000065371  -0.0002258484  -0.0880544393
       -0.2789063522   0.1219213819   0.0085373935  -0.0297764630   0.0121503003
        0.0017536708   0.0027066148   0.0012261249   0.0020092900  -0.0017292368
        0.0010603693  -0.0016061500  -0.0009821738   0.0000350914  -0.0003321580
        0.0008070242  -0.0004025240  -0.0037340273  -0.0050664422   0.0003879304
       -0.0031056551   0.0110177246  -0.0040790193   0.0037118017  -0.0065445257
        0.0019746026   0.0018665289  -0.0010656291   0.0009476544   0.0000362433
       -0.0000274447  -0.0000639890   0.0000530388   0.0000294601  -0.0000064625
        0.0000044318   0.0000738979  -0.0000492133   0.0001311541  -0.0000394491
       -0.0000535865   0.0001399551   0.0000497624   0.0000699125  -0.0001920749
       -0.0000145632  -0.0004420578   0.0000009591   0.0001475711  -0.0001088499
       -0.0002474252  -0.0001434221   0.0000839692   0.0000339652  -0.0000480639
       -0.0001407169   0.0835836079   0.3120427586  -0.1350056530   0.0002930418
        0.0005413930   0.0000454941   0.0002486103  -0.0000255236  -0.0001373208
       -0.0000717480   0.0001426014  -0.0000506529  -0.0001934803   0.0001859990
       -0.0001036612  -0.0002265571  -0.0003013291   0.0001478228
        0.0000737020   0.0000689481   0.0000045879   0.0007930384   0.0004949081
       -0.0001339415  -0.0005196362  -0.0002059882  -0.0000346950   0.0006847333
        0.0003777739  -0.0001787756  -0.0027872005   0.0001387772  -0.0002835444
        0.0091608211  -0.0006129297  -0.0012467654  -0.0000042813  -0.0001308710
        0.0005472787   0.0003768768  -0.0001903952   0.0001039335   0.0267559327
        0.1271487793  -0.0646609184   0.0030046995   0.0069356569  -0.0045102508
       -0.0012114889   0.0017807861   0.0024575262   0.0004230984   0.0003527658
        0.0012872780  -0.0003795684  -0.0003456451   0.0001067141  -0.0000733583
        0.0006644615  -0.0001239349   0.0005963823  -0.0006598146  -0.0005629629
       -0.0007651515   0.0002227250  -0.0000302075   0.0003673998  -0.0008716961
       -0.0022435333  -0.0005699560  -0.0000189946  -0.0001228980   0.0000057682
        0.0000111695   0.0000145458  -0.0000464751  -0.0000156761  -0.0000343896
        0.0000034807  -0.0000220450   0.0000308085  -0.0000523344  -0.0000168663
       -0.0000618345  -0.0000865949  -0.0000285975  -0.0001112936  -0.0002393034
        0.0001442894  -0.0006526019   0.0000422454  -0.0001899452   0.0001477382
       -0.0001642256   0.0002039538  -0.0004434246  -0.0000490848  -0.0000249757
        0.0000269287  -0.0352069331  -0.1350056530   0.0711268445  -0.0001987753
       -0.0001497663  -0.0000507144  -0.0000010307  -0.0001144216  -0.0004508335
       -0.0000028574  -0.0000664352  -0.0000908754   0.0000506490  -0.0000587000
       -0.0000038119   0.0000194279   0.0001844221   0.0001780229
       -0.0000729865  -0.0000502635   0.0000424774  -0.0001855398   0.0000768559
        0.0001481692  -0.0001467052  -0.0000232779  -0.0001849282  -0.0001563143
        0.0000305637  -0.0000700182   0.0001482765   0.0000894697  -0.0000504972
        0.0006056823   0.0012536180  -0.0005725345  -0.0007927102   0.0008990801
        0.0006866114  -0.0004166830   0.0006482586   0.0007607700  -0.0002642092
        0.0011130447   0.0002825591  -0.0093724568  -0.0063694090  -0.0001652312
       -0.2721999853  -0.0822286660  -0.0270376836  -0.0246834544  -0.0055759162
       -0.0030660686  -0.0016221083   0.0033567493  -0.0029042698   0.0007589371
        0.0001364902   0.0001331889   0.0006144582  -0.0018949736  -0.0006667654
       -0.0003235461   0.0006461884  -0.0001941807   0.0000365820  -0.0002071676
        0.0000820927  -0.0002935365  -0.0003084336   0.0000362251   0.0000245282
       -0.0000213624  -0.0000246539  -0.0000058244  -0.0000126273  -0.0000142166
       -0.0000019599  -0.0000368749   0.0000845308   0.0000140242  -0.0000321231
        0.0000218539  -0.0000043518  -0.0000127492   0.0000319695  -0.0000125859
       -0.0000954831   0.0000652583   0.0001943644   0.0002644657   0.0002330221
       -0.0001170258  -0.0003168832  -0.0001289395  -0.0001767883   0.0001527173
       -0.0000214330  -0.0000220641   0.0002930418  -0.0001987753   0.3089540486
        0.0888389605   0.0317302675   0.0007035312  -0.0003950421   0.0008229518
       -0.0012240832  -0.0003384170  -0.0001622644   0.0000315227   0.0001268578
        0.0003041677   0.0000089636  -0.0000066918  -0.0000036552
       -0.0001267739  -0.0000075330   0.0000509408   0.0004505704   0.0001465245
       -0.0001109276   0.0000320178   0.0000528067  -0.0000621226  -0.0000682079
       -0.0000347979   0.0000317508   0.0003185821   0.0000147344   0.0005452916
        0.0001861861  -0.0012973692   0.0005418438   0.0015251737  -0.0005935252
       -0.0006379126   0.0001033480  -0.0000489551  -0.0003995231  -0.0001385084
        0.0009747587  -0.0005198003  -0.0284605408  -0.0107098235  -0.0023987426
       -0.0819139017  -0.0709378132  -0.0060092533   0.0168609503   0.0051976229
        0.0018207724   0.0026293163  -0.0008904938   0.0028824900   0.0005569316
       -0.0004689802   0.0001778195  -0.0007937796  -0.0049671658   0.0029907597
       -0.0011081378   0.0005629627  -0.0004279188   0.0001111811  -0.0001510831
        0.0000566825  -0.0004679787  -0.0006709558   0.0001324569  -0.0000093711
       -0.0000344893   0.0000050769  -0.0000500349  -0.0000149470   0.0000273002
       -0.0000024385   0.0000354904   0.0000082542  -0.0000748287  -0.0000182185
       -0.0000324134  -0.0000715442  -0.0000252417  -0.0000390958  -0.0000948088
        0.0000034776  -0.0000763046   0.0001179740   0.0002014839  -0.0004506464
       -0.0002490600  -0.0002094263  -0.0000347960  -0.0000503056   0.0000224433
        0.0001122018  -0.0000179660   0.0005413930  -0.0001497663   0.0888389605
        0.0827278980   0.0028985521   0.0011149911   0.0006178993  -0.0007156477
        0.0008659889   0.0001684313   0.0001559552   0.0000944970  -0.0001202078
       -0.0003763043  -0.0001084823  -0.0000669004   0.0000030271
        0.0000228422  -0.0000035881  -0.0000204177   0.0000542404   0.0000253403
        0.0001445022  -0.0000764426  -0.0000190011   0.0000050293  -0.0000955867
        0.0000349866  -0.0000933998  -0.0001830871   0.0000729880  -0.0003081042
        0.0001398646  -0.0002356649  -0.0001304208   0.0002577788  -0.0002599083
        0.0009166156   0.0003001037  -0.0003543188  -0.0005802327   0.0007901606
       -0.0009707859  -0.0009506430   0.0055355486   0.0033737809   0.0013936912
       -0.0273685747  -0.0061588192  -0.0351489425  -0.0090767150  -0.0026283325
       -0.0011006116  -0.0024880132   0.0033186714   0.0072523099   0.0001256166
       -0.0000169363  -0.0001447078  -0.0005968966   0.0027309467   0.0053087055
        0.0003756221  -0.0000700789  -0.0005406156  -0.0000372734  -0.0000319712
        0.0000208023  -0.0000387365   0.0000896005   0.0000817477   0.0000114721
        0.0000000751  -0.0000280100  -0.0000261499   0.0000188891  -0.0000208286
        0.0000775388   0.0000508278  -0.0000787045   0.0000055818  -0.0000099584
       -0.0000330443   0.0000136830   0.0000016554  -0.0000249487   0.0000394578
       -0.0000095870  -0.0000773268   0.0004205371  -0.0003987052  -0.0011102541
       -0.0000889265   0.0000217485  -0.0000373437  -0.0000384605   0.0000152090
       -0.0000667900   0.0000625927   0.0000454941  -0.0000507144   0.0317302675
        0.0028985521   0.0294538770   0.0004068447  -0.0010770798  -0.0027601249
       -0.0005308267  -0.0000237987   0.0002301000   0.0002571118  -0.0004685581
       -0.0015516425   0.0000188245   0.0000383266   0.0000504474
       -0.0000248104  -0.0000037252   0.0000130786   0.0000186361   0.0000124179
       -0.0000149895  -0.0000145396  -0.0000035940  -0.0000206567  -0.0000183025
       -0.0000077547   0.0000090426  -0.0000086248  -0.0000065850   0.0000041658
        0.0001653271   0.0000151520  -0.0000470094   0.0000410091   0.0000204165
       -0.0000247702  -0.0000249648   0.0000426866   0.0000429284   0.0001791292
        0.0011072983  -0.0002565320  -0.0022084637   0.0022615087  -0.0027230115
        0.0037247899   0.0199315523  -0.0047764794  -0.0567143102  -0.0565437119
        0.0111558826  -0.0074498724  -0.0268903537   0.0055046734  -0.0052515975
       -0.0024470722  -0.0015014736  -0.0004113200   0.0004216728  -0.0001178452
       -0.0000776804   0.0001986863   0.0002853583   0.0000218229  -0.0000501319
       -0.0000262523  -0.0000194267  -0.0000612622  -0.0000561311   0.0000063039
       -0.0000153117  -0.0000064006   0.0000043613  -0.0000020762   0.0000010452
       -0.0000089762   0.0000078109   0.0000182640  -0.0000001273  -0.0000006128
        0.0000035964   0.0000018855  -0.0000032691   0.0000070944   0.0000037240
       -0.0000080830   0.0000274066   0.0000222253   0.0000652862   0.0000097796
       -0.0000158757  -0.0000727784  -0.0000489102  -0.0000103289  -0.0000183001
       -0.0000102589  -0.0002143615   0.0002486103  -0.0000010307   0.0007035312
        0.0011149911   0.0004068447   0.0675634790   0.0626666557  -0.0089618088
        0.0005220180  -0.0006054684   0.0006191046  -0.0005514347  -0.0013266183
        0.0004648462   0.0000467747  -0.0000480368   0.0000204487
        0.0000216099   0.0000313864  -0.0000227097  -0.0000583783  -0.0000073312
        0.0000105018   0.0000204319   0.0000088961   0.0000099649   0.0000146693
        0.0000063930  -0.0000279955   0.0001046686   0.0000266895  -0.0000046789
       -0.0004471256  -0.0000877899   0.0000452594   0.0000442603  -0.0000205301
        0.0000569742   0.0000125876   0.0000509861  -0.0000502818   0.0000910669
       -0.0016196582   0.0004643235   0.0026451525  -0.0001836676   0.0030458757
       -0.0025868851  -0.0218773574   0.0055973980  -0.0564218839  -0.2760622403
        0.0539917674  -0.0040060359  -0.0112843894   0.0028396105  -0.0029704930
        0.0006253000   0.0010621835   0.0003355001   0.0004011856  -0.0001809919
        0.0003264182   0.0008560395  -0.0007296446   0.0000345492  -0.0003925397
        0.0002101139  -0.0003442723  -0.0002222283   0.0000904609  -0.0000094965
       -0.0000062607  -0.0000002238   0.0000024313   0.0000046424   0.0000058319
        0.0000187907   0.0000014479  -0.0000143147   0.0000097855   0.0000002854
       -0.0000008637   0.0000031022  -0.0000021377   0.0000117053  -0.0000345059
       -0.0000126915  -0.0000166923   0.0000673861  -0.0000565123  -0.0000349246
       -0.0000481018   0.0000232448   0.0000993673  -0.0000085324   0.0000228837
       -0.0000007951   0.0003401747  -0.0000255236  -0.0001144216  -0.0003950421
        0.0006178993  -0.0010770798   0.0626666557   0.3092096497  -0.0648035730
        0.0007114843   0.0006406119  -0.0005814539  -0.0001822066  -0.0006758506
        0.0000960435   0.0000422344   0.0000091673   0.0000232633
       -0.0000123921  -0.0000082940  -0.0000023338  -0.0000313875  -0.0000161282
        0.0000084903  -0.0000012087  -0.0000057336   0.0000173554   0.0000178404
       -0.0000139455  -0.0000186785  -0.0000201490   0.0000133238  -0.0000274860
        0.0001154529   0.0001081188   0.0001778053   0.0000429148  -0.0000449870
       -0.0000030290   0.0000145133   0.0000145182   0.0000234659   0.0002702910
        0.0003845763  -0.0004124691  -0.0030200959   0.0033925648   0.0081845550
        0.0016580578   0.0093671094  -0.0010375324   0.0101625610   0.0539694903
       -0.0481291899   0.0002318953  -0.0008216328   0.0021362929  -0.0013948009
        0.0009019036   0.0063792738  -0.0000634486   0.0001664058  -0.0005569153
        0.0000985133  -0.0011184525  -0.0015770523  -0.0001666958   0.0003476144
        0.0001221461   0.0001235367   0.0001498721   0.0003165796   0.0000074938
       -0.0000038056  -0.0000038152  -0.0000014721  -0.0000005404  -0.0000003974
       -0.0000001737   0.0000014209   0.0000112931  -0.0000010557   0.0000044742
        0.0000028437   0.0000027747  -0.0000001965  -0.0000002561   0.0000122929
        0.0000054352   0.0000074611  -0.0000406811  -0.0000017480   0.0000470982
       -0.0000042437   0.0000101503  -0.0000472352  -0.0000035998  -0.0000217862
        0.0000097737  -0.0000884795  -0.0001373208  -0.0004508335   0.0008229518
       -0.0007156477  -0.0027601249  -0.0089618088  -0.0648035730   0.0396376037
        0.0002766680  -0.0008799420  -0.0017510445  -0.0000130376  -0.0002325574
       -0.0003551124  -0.0000330270  -0.0000106870   0.0000514677
       -0.0000497133   0.0000004993   0.0000324650   0.0000770461   0.0000011802
       -0.0000131811  -0.0000009818   0.0000068466  -0.0000067791   0.0000094620
        0.0000072310   0.0000202345  -0.0000433098  -0.0000009955   0.0000415126
        0.0002671788   0.0001106802   0.0000605634  -0.0000126092  -0.0000112205
       -0.0000358921  -0.0000678802   0.0000771716   0.0000687610  -0.0003481676
        0.0001844788   0.0001181560   0.0004583454  -0.0010623336   0.0003289115
       -0.0050479335  -0.0024640401  -0.0014505498  -0.0229113298   0.0177534193
       -0.0089485054  -0.1767441493   0.1170503791  -0.0587178877   0.0035734704
       -0.0024860233   0.0014607909   0.0008817660  -0.0014157867  -0.0008110039
       -0.0000590248  -0.0007413315   0.0000674326  -0.0000905004   0.0002364719
       -0.0000028992   0.0001920491   0.0001715048  -0.0000298972   0.0000083688
       -0.0000006019  -0.0000033076   0.0000027029  -0.0000036496  -0.0000072329
        0.0000124041  -0.0000002501  -0.0000123127  -0.0000005395  -0.0000040098
        0.0000015839  -0.0000012331  -0.0000043316  -0.0000007972   0.0000068592
       -0.0000026295   0.0000036424   0.0000472844   0.0000034076  -0.0000703091
       -0.0000091527  -0.0000582030  -0.0000528309  -0.0000152837   0.0000177201
        0.0000048843   0.0000047063  -0.0000717480  -0.0000028574  -0.0012240832
        0.0008659889  -0.0005308267   0.0005220180   0.0007114843   0.0002766680
        0.1997281155  -0.1282243083   0.0673811441   0.0008380019  -0.0005726429
        0.0008029202  -0.0000038869  -0.0000743580   0.0000273995
        0.0000163085   0.0000132837  -0.0000099292  -0.0000208157   0.0000094833
        0.0000042884   0.0000123432   0.0000062312  -0.0000127919  -0.0000139851
        0.0000006763  -0.0000064592   0.0000629110   0.0000074139   0.0000054229
       -0.0002209161  -0.0001104219  -0.0000700789   0.0000375419   0.0000262366
        0.0000312287   0.0000179401   0.0000358069  -0.0000209678   0.0003220927
       -0.0001717399  -0.0001582067  -0.0009454252   0.0002267547  -0.0001478502
       -0.0020923021   0.0007188094   0.0011851756  -0.0050709638   0.0048271633
       -0.0022790541   0.1167426852  -0.1453087950   0.0529178815   0.0204518249
       -0.0213696763   0.0094226951  -0.0022141522  -0.0046524124   0.0033411448
        0.0014603469   0.0005661046   0.0002498027   0.0001239418  -0.0012673342
        0.0003398074  -0.0003060583  -0.0000366231  -0.0000239191  -0.0000048347
       -0.0000036081  -0.0000002061   0.0000011908   0.0000008772   0.0000035184
        0.0000020643  -0.0000003144   0.0000008641   0.0000006837  -0.0000010672
        0.0000004026  -0.0000004372   0.0000000585   0.0000038605  -0.0000206059
       -0.0000114861  -0.0000047904   0.0000053407   0.0000006773  -0.0000026478
       -0.0000313314  -0.0000119968   0.0000378958  -0.0000039066  -0.0000045731
       -0.0000061575  -0.0000285292   0.0001426014  -0.0000664352  -0.0003384170
        0.0001684313  -0.0000237987  -0.0006054684   0.0006406119  -0.0008799420
       -0.1282243083   0.1652094067  -0.0630254316   0.0008253242   0.0003750238
       -0.0008248241   0.0000599174  -0.0000256034   0.0000195020
       -0.0000075427   0.0000014790   0.0000073503   0.0000415163   0.0000258217
        0.0000068686   0.0000057724   0.0000068099  -0.0000354801  -0.0000530644
        0.0000050406   0.0000136265  -0.0000444939  -0.0000316791   0.0000346687
        0.0000222701  -0.0001395554  -0.0002224638  -0.0000050635   0.0000588564
        0.0000486392  -0.0000149488   0.0000180696  -0.0000005148   0.0001871659
       -0.0002403127  -0.0007485149   0.0002633865  -0.0001356882   0.0004046448
       -0.0014867708   0.0011154491   0.0055373116  -0.0024683011   0.0016704458
       -0.0010484658  -0.0586590104   0.0528136681  -0.0566849500  -0.0051934889
        0.0057433891  -0.0033142100  -0.0003130396   0.0035179136   0.0068597773
       -0.0006355259  -0.0001725919   0.0009092026   0.0000155797   0.0002798883
       -0.0006338050   0.0001737772   0.0000665729   0.0000650513   0.0000035864
       -0.0000016154  -0.0000022599   0.0000004943  -0.0000004369  -0.0000031085
        0.0000025005   0.0000030953  -0.0000017640   0.0000004525  -0.0000046487
       -0.0000025417  -0.0000057334   0.0000039560  -0.0000040095   0.0000094171
       -0.0000022808  -0.0000061686   0.0000026066  -0.0000057031  -0.0000188695
       -0.0000130993  -0.0000118945  -0.0000270924  -0.0000059335  -0.0000006660
        0.0000027228  -0.0000163288  -0.0000506529  -0.0000908754  -0.0001622644
        0.0001559552   0.0002301000   0.0006191046  -0.0005814539  -0.0017510445
        0.0673811441  -0.0630254316   0.0530231778   0.0003725247  -0.0010591146
       -0.0025109632  -0.0000166897  -0.0000226851  -0.0000360399
       -0.0000407066  -0.0000051110   0.0000246824   0.0000577399  -0.0000077675
       -0.0000058163  -0.0000071848   0.0000025340  -0.0000046948  -0.0000065744
       -0.0000092149  -0.0000098353  -0.0001522925  -0.0000209411   0.0000315190
        0.0000948958   0.0002450103  -0.0001261742  -0.0000224724  -0.0000115945
       -0.0000358031  -0.0000482212   0.0000233004   0.0000527083  -0.0015168357
       -0.0004097307   0.0000074821  -0.0012796255   0.0032112970  -0.0021738248
        0.0007798566   0.0000846860   0.0001315789   0.0006230915  -0.0022041123
       -0.0006644028  -0.0083887140  -0.0042044441  -0.0003643844  -0.2769524185
       -0.0801993735  -0.0149874645  -0.0244490528  -0.0044706840  -0.0028125631
       -0.0016719041  -0.0014463006   0.0005263421   0.0001088048  -0.0001520943
        0.0000511401   0.0018335209  -0.0000867854   0.0002616862   0.0000072885
        0.0000004060  -0.0000026285  -0.0000004663  -0.0000013794  -0.0000063505
        0.0000062509   0.0000019990  -0.0000078372  -0.0000017159   0.0000006533
        0.0000005999  -0.0000096362  -0.0000035770  -0.0000041618   0.0000141180
        0.0000033826   0.0000132387   0.0000321273   0.0000076975  -0.0000330947
        0.0000018438  -0.0000448059  -0.0000822580  -0.0000127386   0.0000098138
        0.0000046346  -0.0000265863  -0.0001934803   0.0000506490   0.0000315227
        0.0000944970   0.0002571118  -0.0005514347  -0.0001822066  -0.0000130376
        0.0008380019   0.0008253242   0.0003725247   0.3105185660   0.0898728909
        0.0192840324   0.0001909523  -0.0007298890   0.0002644014
       -0.0000020037   0.0000093538   0.0000007217   0.0000049282   0.0000113618
       -0.0000087143   0.0000009278   0.0000007282   0.0000002382   0.0000164928
        0.0000133808   0.0000092532   0.0000882906   0.0000146285   0.0000058178
        0.0001944107  -0.0001300363   0.0001102317   0.0000101533   0.0000052721
        0.0000143028   0.0000091217   0.0000298636  -0.0000287817   0.0011087015
        0.0000018378   0.0001350660   0.0019204357  -0.0015933662   0.0028044089
        0.0004279522  -0.0002757710   0.0001422112  -0.0016839109  -0.0044918064
        0.0035891569  -0.0270678208  -0.0107130967  -0.0006172136  -0.0802599132
       -0.0684561972  -0.0025475081   0.0163368489   0.0051560909   0.0013490690
        0.0020742703   0.0013393026  -0.0008499744  -0.0006893969   0.0003114212
       -0.0001954284  -0.0007594347  -0.0039315838   0.0011182229   0.0000002874
        0.0000009162   0.0000006416   0.0000004781  -0.0000012262   0.0000007148
        0.0000034438  -0.0000040978  -0.0000003309   0.0000010636  -0.0000034450
        0.0000009985   0.0000033888  -0.0000014543   0.0000029116  -0.0000126801
       -0.0000036773  -0.0000122456   0.0000271116  -0.0000181795  -0.0000024699
       -0.0000293182  -0.0000100132   0.0000330684   0.0000033759   0.0000014930
        0.0000027532   0.0001053483   0.0001859990  -0.0000587000   0.0001268578
       -0.0001202078  -0.0004685581  -0.0013266183  -0.0006758506  -0.0002325574
       -0.0005726429   0.0003750238  -0.0010591146   0.0898728909   0.0832820546
       -0.0033874132   0.0000669600  -0.0003087181   0.0001492218
       -0.0000061375  -0.0000053806   0.0000024045  -0.0000005274  -0.0000233986
       -0.0000008936  -0.0000030163  -0.0000011306   0.0000035238   0.0000073749
       -0.0000166012   0.0000014401  -0.0000357075  -0.0000011712  -0.0000034246
       -0.0000238814   0.0001664860   0.0000660034  -0.0000179373  -0.0000175613
       -0.0000144286   0.0000097281   0.0000051195   0.0000092740  -0.0006175372
       -0.0000757203   0.0000906725  -0.0023108889   0.0025085309   0.0054458692
       -0.0001092501   0.0005130630  -0.0002272003  -0.0005466185   0.0035093047
        0.0075432560   0.0060465012   0.0024117651   0.0020382210  -0.0150338477
       -0.0019619773  -0.0366030691  -0.0081300335  -0.0019717311   0.0001345493
       -0.0005726349  -0.0016824653  -0.0023149253   0.0000937947   0.0000879749
        0.0001858222   0.0004439800   0.0011150344   0.0001041759   0.0000013004
       -0.0000007044   0.0000001920  -0.0000004997  -0.0000001736  -0.0000006318
       -0.0000004624   0.0000016661   0.0000001589  -0.0000014653   0.0000048852
        0.0000017039  -0.0000010196   0.0000001781  -0.0000013347   0.0000077639
        0.0000076981   0.0000080024  -0.0000022988  -0.0000045320   0.0000048559
       -0.0000122895   0.0000006191  -0.0000175452  -0.0000010813  -0.0000030445
        0.0000013923  -0.0000154797  -0.0001036612  -0.0000038119   0.0003041677
       -0.0003763043  -0.0015516425   0.0004648462   0.0000960435  -0.0003551124
        0.0008029202  -0.0008248241  -0.0025109632   0.0192840324  -0.0033874132
        0.0278342299  -0.0000237951   0.0000294261   0.0001292363
        0.0000275182   0.0000094495  -0.0000240302  -0.0000503651  -0.0000009928
        0.0000156755  -0.0000016138   0.0000004555   0.0000055852   0.0000110291
       -0.0000059252  -0.0000366669   0.0001071384   0.0000513992   0.0000002858
       -0.0002908315  -0.0000790136   0.0000270451   0.0000988154   0.0000048397
        0.0000269714   0.0000234836   0.0000348644  -0.0000259208   0.0011120591
       -0.0003794872   0.0002292222  -0.0016030688  -0.0009791903  -0.0001942422
       -0.0003940035  -0.0004314767   0.0002316106  -0.0006848609   0.0001482074
       -0.0001848647   0.0007159969   0.0007728144  -0.0000531343   0.0003948798
       -0.0002813932   0.0002701476  -0.0043109772   0.0017551964  -0.0023867138
       -0.0146465997  -0.0405480165   0.0100651384   0.0032551339   0.0022206106
        0.0009275746  -0.0413218566  -0.0429691143   0.0087123271  -0.0000054055
       -0.0000078056   0.0000011885   0.0000023822  -0.0000029503   0.0000078071
       -0.0000042988  -0.0000028141   0.0000013533   0.0000092878   0.0000010581
        0.0000027687   0.0000042462  -0.0000023040   0.0000167131  -0.0000426245
       -0.0000292780  -0.0000004641  -0.0000162623   0.0000268506  -0.0000049423
       -0.0000076542  -0.0000437448   0.0000238951  -0.0000046059  -0.0000247087
       -0.0000057858  -0.0003603954  -0.0002265571   0.0000194279   0.0000089636
       -0.0001084823   0.0000188245   0.0000467747   0.0000422344  -0.0000330270
       -0.0000038869   0.0000599174  -0.0000166897   0.0001909523   0.0000669600
       -0.0000237951   0.0577406494   0.0809283970  -0.0176132849
        0.0000074541  -0.0000222581  -0.0000076804  -0.0000199406   0.0000072239
        0.0000093240  -0.0000278342  -0.0000083439   0.0000037533   0.0000003867
       -0.0000005298  -0.0000462240   0.0000437682   0.0000185501   0.0000052945
       -0.0000783485  -0.0000059202   0.0000082164   0.0000611355  -0.0000103268
        0.0000578662   0.0000603837  -0.0000151438  -0.0000363792   0.0005801824
       -0.0002292453  -0.0000015227  -0.0007721877   0.0000067906   0.0001071446
       -0.0002377033  -0.0005272618  -0.0000207877  -0.0007761509  -0.0000672172
       -0.0000860981   0.0005225569   0.0008073663  -0.0001816348   0.0010795710
       -0.0008168218   0.0003832993  -0.0013836654   0.0030505024   0.0002503087
       -0.0191161820  -0.0097854526   0.0002101546   0.0017110292  -0.0004324080
       -0.0010488397  -0.0612423243  -0.3510017859   0.1014480585  -0.0000051934
       -0.0000041342  -0.0000003355  -0.0000125993  -0.0000031244  -0.0000006965
       -0.0000053215   0.0000020797  -0.0000088573  -0.0000064884   0.0000058337
       -0.0000062728  -0.0000121068   0.0000068779   0.0000009334  -0.0000278558
        0.0000043987   0.0000053446  -0.0000249174   0.0000167592  -0.0000128396
       -0.0000238538  -0.0000085561   0.0000034284  -0.0000205899  -0.0000182792
       -0.0000018067  -0.0003426261  -0.0003013291   0.0001844221  -0.0000066918
       -0.0000669004   0.0000383266  -0.0000480368   0.0000091673  -0.0000106870
       -0.0000743580  -0.0000256034  -0.0000226851  -0.0007298890  -0.0003087181
        0.0000294261   0.0809283970   0.3597238106  -0.1012519541
       -0.0000013032   0.0000013107  -0.0000174597   0.0000107419   0.0000031985
        0.0000081367  -0.0000004169   0.0000024905  -0.0000305832   0.0000048344
        0.0000034531  -0.0000034660   0.0000097181  -0.0000075100   0.0000073811
        0.0000174280  -0.0000115743  -0.0000197785  -0.0000067023   0.0000094600
       -0.0000127440  -0.0000339679  -0.0000176374  -0.0000437349   0.0000151476
       -0.0001181522  -0.0001394117  -0.0001619005   0.0000201841   0.0008028198
        0.0000697278  -0.0001009088  -0.0004878549   0.0000444856   0.0001030834
        0.0000726278   0.0000299808  -0.0001292126  -0.0000936750  -0.0002144993
        0.0001319176  -0.0003190979  -0.0014443934   0.0009291409   0.0038656443
        0.0028212518  -0.0044017850   0.0047053069   0.0010566332  -0.0009562273
       -0.0040732334   0.0150314253   0.1054250332  -0.0465196407   0.0000062560
        0.0000002945   0.0000009598  -0.0000001913   0.0000007236  -0.0000023167
        0.0000023686   0.0000048369   0.0000047283   0.0000062952  -0.0000006479
        0.0000039635  -0.0000015208  -0.0000028295   0.0000063530  -0.0000248196
       -0.0000073986  -0.0000002799   0.0000047632  -0.0000095357   0.0000132032
        0.0000319424   0.0000298023   0.0000302077   0.0000207644   0.0000076071
        0.0000030470   0.0000106411   0.0001478228   0.0001780229  -0.0000036552
        0.0000030271   0.0000504474   0.0000204487   0.0000232633   0.0000514677
        0.0000273995   0.0000195020  -0.0000360399   0.0002644014   0.0001492218
        0.0001292363  -0.0176132849  -0.1012519541   0.0418657628
