{
   "temperature":     298.150000000000,
   "unit": "hartree",
   "energy":     -23.421553078287,
   "free energy":     -23.254305272475,
   "G(T)":       0.167247805812,
   "ZPVE":       0.201747170070,
   "number of imags":0,
   "point group": "c1",
   "gradient norm":       0.000061532526
}
