{
   "temperature":     298.150000000000,
   "unit": "hartree",
   "energy":     -27.122717557686,
   "free energy":     -26.988154014031,
   "G(T)":       0.134563543654,
   "ZPVE":       0.171609412593,
   "number of imags":0,
   "point group": "c1",
   "gradient norm":       0.000038853042
}
