{
    "partname": "prescreening",
    "runtime": 10.995307452045381,
    "results": {
        "CONF5": {
            "xtb_gsolv": {
                "gsolv": -0.005836324312998187,
                "energy_xtb_gas": -25.850422902689,
                "energy_xtb_solv": -25.856259227002
            },
            "sp": {
                "energy": -383.227700221254
            },
            "gtot": -383.233536545567,
            "bmw": 0.00018425219108107925
        },
        "CONF3": {
            "xtb_gsolv": {
                "gsolv": -0.006142542092000269,
                "energy_xtb_gas": -25.850886191324,
                "energy_xtb_solv": -25.857028733416
            },
            "sp": {
                "energy": -383.232048248913
            },
            "gtot": -383.23819079100497,
            "bmw": 0.025481053177802238
        },
        "CONF8": {
            "xtb_gsolv": {
                "gsolv": -0.008008489743996705,
                "energy_xtb_gas": -25.842391532092,
                "energy_xtb_solv": -25.850400021836
            },
            "sp": {
                "energy": -383.228455742381
            },
            "gtot": -383.236464232125,
            "bmw": 0.004093127396083771
        },
        "CONF1": {
            "xtb_gsolv": {
                "gsolv": -0.006078335555997683,
                "energy_xtb_gas": -25.853317038109,
                "energy_xtb_solv": -25.859395373665
            },
            "sp": {
                "energy": -383.234574540219
            },
            "gtot": -383.240652875775,
            "bmw": 0.3456988836965559
        },
        "CONF7": {
            "xtb_gsolv": {
                "gsolv": -0.0071091796940017105,
                "energy_xtb_gas": -25.848689542364,
                "energy_xtb_solv": -25.855798722058
            },
            "sp": {
                "energy": -383.233894578819
            },
            "gtot": -383.241003758513,
            "bmw": 0.5012944134168406
        },
        "CONF2": {
            "xtb_gsolv": {
                "gsolv": -0.006243092104998738,
                "energy_xtb_gas": -25.851780255764,
                "energy_xtb_solv": -25.858023347869
            },
            "sp": {
                "energy": -383.233426735863
            },
            "gtot": -383.23966982796804,
            "bmw": 0.12204704973046308
        },
        "CONF6": {
            "xtb_gsolv": {
                "gsolv": -0.005858736335000003,
                "energy_xtb_gas": -25.850378465982,
                "energy_xtb_solv": -25.856237202317
            },
            "sp": {
                "energy": -383.228078601353
            },
            "gtot": -383.23393733768796,
            "bmw": 0.0002816853598119006
        },
        "CONF4": {
            "xtb_gsolv": {
                "gsolv": -0.0058242941059987174,
                "energy_xtb_gas": -25.850610439888,
                "energy_xtb_solv": -25.856434733994
            },
            "sp": {
                "energy": -383.229230086124
            },
            "gtot": -383.23505438023,
            "bmw": 0.0009195350313615379
        }
    },
    "settings": {
        "threshold": 4.0,
        "func": "pbe-d4",
        "basis": "def2-sv(p)",
        "prog": "orca",
        "gfnv": "gfn2",
        "run": true,
        "template": false
    },
    "nconf_in": 8,
    "nconf_out": 6
}