{
    "partname": "screening",
    "runtime": 56.90257881768048,
    "results": {
        "CONF3": {
            "gsolv": {
                "gsolv": -0.0063900939620111785,
                "energy_gas": -383.995017739942,
                "energy_solv": -384.001407833904
            },
            "gtot": -384.001407833904,
            "bmw": 0.09531857349137991
        },
        "CONF7": {
            "gsolv": {
                "gsolv": -0.006073667606017352,
                "energy_gas": -383.995529348252,
                "energy_solv": -384.001603015858
            },
            "gtot": -384.001603015858,
            "bmw": 0.11720739633569627
        },
        "CONF2": {
            "gsolv": {
                "gsolv": -0.006432742437993966,
                "energy_gas": -383.996576726524,
                "energy_solv": -384.003009468962
            },
            "gtot": -384.003009468962,
            "bmw": 0.5198507391194057
        },
        "CONF1": {
            "gsolv": {
                "gsolv": -0.004721837852002864,
                "energy_gas": -383.997301228399,
                "energy_solv": -384.002023066251
            },
            "gtot": -384.002023066251,
            "bmw": 0.18287941558232715
        },
        "CONF4": {
            "gsolv": {
                "gsolv": -0.004840491813013159,
                "energy_gas": -383.992587271051,
                "energy_solv": -383.997427762864
            },
            "gtot": -383.997427762864,
            "bmw": 0.0014075751105983463
        },
        "CONF8": {
            "gsolv": {
                "gsolv": -0.010469996431993422,
                "energy_gas": -383.990810995393,
                "energy_solv": -384.001280991825
            },
            "gtot": -384.001280991825,
            "bmw": 0.08333630036059254
        }
    },
    "settings": {
        "threshold": 3.5,
        "func": "r2scan-3c",
        "basis": "def2-tzvp",
        "prog": "orca",
        "sm": "smd",
        "gfnv": "gfn2",
        "run": true,
        "implicit": false,
        "template": false
    },
    "nconf_in": 6,
    "nconf_out": 6
}