{
   "temperature":     298.150000000000,
   "unit": "hartree",
   "energy":     -51.635412950170,
   "free energy":     -51.445066235348,
   "G(T)":       0.190346714823,
   "ZPVE":       0.236034268642,
   "number of imags":0,
   "point group": "c1",
   "gradient norm":       0.000145532177
}
