{
   "temperature":     298.150000000000,
   "unit": "hartree",
   "energy":     -27.124845297670,
   "free energy":     -26.990103326181,
   "G(T)":       0.134741971489,
   "ZPVE":       0.171433361250,
   "number of imags":0,
   "point group": "c1",
   "gradient norm":       0.000054038247
}
