{
   "temperature":     298.150000000000,
   "unit": "hartree",
   "energy":     -27.122506629328,
   "free energy":     -26.989512858553,
   "G(T)":       0.132993770774,
   "ZPVE":       0.171303415224,
   "number of imags":0,
   "point group": "c1",
   "gradient norm":       0.000044048012
}
