{
   "temperature":     298.150000000000,
   "unit": "hartree",
   "energy":     -25.857612451951,
   "free energy":     -25.751413148652,
   "G(T)":       0.106199303299,
   "ZPVE":       0.139293224581,
   "number of imags":0,
   "point group": "c3",
   "gradient norm":       0.000039391364
}
