{
   "temperature":     298.150000000000,
   "unit": "hartree",
   "energy":     -20.962465615432,
   "free energy":     -20.889323131645,
   "G(T)":       0.073142483787,
   "ZPVE":       0.104954395434,
   "number of imags":0,
   "point group": "c1",
   "gradient norm":       0.000088636504
}
