{
   "temperature":     298.150000000000,
   "unit": "hartree",
   "energy":     -56.021100377174,
   "free energy":     -55.818556382963,
   "G(T)":       0.202543994211,
   "ZPVE":       0.248344708940,
   "number of imags":0,
   "point group": "c1",
   "gradient norm":       0.000083543560
}
