{
   "temperature":     298.150000000000,
   "unit": "hartree",
   "energy":     -27.122288496853,
   "free energy":     -26.988716560050,
   "G(T)":       0.133571936802,
   "ZPVE":       0.171386209468,
   "number of imags":0,
   "point group": "c1",
   "gradient norm":       0.000032008444
}
