{
   "temperature":     298.150000000000,
   "unit": "hartree",
   "energy":     -20.962465693126,
   "free energy":     -20.889494661691,
   "G(T)":       0.072971031435,
   "ZPVE":       0.104942998072,
   "number of imags":0,
   "point group": "c1",
   "gradient norm":       0.000089660622
}
