$hessian                                                                        
        0.4964692499   0.0250696106  -0.0182275326  -0.1545903486   0.0610930165
       -0.0461399067  -0.0002592215   0.0034038255  -0.0019428299   0.0006197900
       -0.0009674922   0.0005769223  -0.0004010335   0.0003734463  -0.0002068951
       -0.0026356812  -0.0026763929   0.0016942799  -0.0307098868   0.0123603181
       -0.0102394700   0.0002613732   0.0012455801  -0.0003144278  -0.0018646983
        0.0010420123  -0.0003988426   0.0002751806  -0.0005510514  -0.0002924669
       -0.0000357499   0.0002336626   0.0000742954   0.0001551410  -0.0000611545
       -0.0000155518  -0.0000785553  -0.0000582153  -0.0000231603  -0.0000221792
        0.0000266255   0.0000209975  -0.0002453817  -0.0001081056   0.0000309389
        0.0003050520   0.0002490431   0.0000992389  -0.0002808669  -0.0001345015
       -0.0000658791  -0.0000580552  -0.0000105510   0.0000001618  -0.0411480394
       -0.0016952605   0.0055998111  -0.2225809877  -0.0797074401   0.0717932035
       -0.0434320239  -0.0179649066  -0.0026836036   0.0014045864  -0.0015864702
        0.0010415302   0.0001011986  -0.0001666759   0.0000671489   0.0001100930
        0.0000203727  -0.0000140210  -0.0012552294   0.0000042124   0.0001576876
        0.0002531135   0.0002181646   0.0000228724  -0.0003120770   0.0002623382
       -0.0006085593   0.0000711952   0.0000936143   0.0000359170  -0.0000113265
       -0.0000735486  -0.0000444213  -0.0000158805   0.0000320148   0.0000083111
       -0.0000423429   0.0000228895  -0.0000008708  -0.0000508771   0.0000026279
       -0.0000006555   0.0000044690   0.0000083916  -0.0000042221
        0.0250696106   0.5005483450  -0.0018424790   0.0564715718  -0.1029481369
        0.0321144069   0.0188379017  -0.0185506515   0.0156511850  -0.0021503302
       -0.0003745375   0.0052823824   0.0004843521  -0.0005158929   0.0002459095
       -0.0022979732   0.0024917071   0.0028009192  -0.0005964872   0.0032267463
       -0.0024907039  -0.0008347161  -0.0010225223  -0.0011674817  -0.0004038049
        0.0001835964  -0.0002195739  -0.0002252444   0.0000159016  -0.0000371398
       -0.0000364803  -0.0000843746  -0.0000747591  -0.0000678003   0.0000263068
        0.0000100176   0.0000385612   0.0000493234   0.0000216159   0.0000352063
       -0.0000706367  -0.0000051987  -0.0000233536   0.0001606486   0.0000354662
       -0.0000018221  -0.0002849515  -0.0000491490   0.0000927862   0.0000975329
        0.0000196985  -0.0000852030   0.0001669343  -0.0000041078  -0.0010364485
       -0.0393951295  -0.0172904889  -0.0790596010  -0.0790097750   0.0302047345
       -0.0159032473  -0.2635745074  -0.0614614328   0.0018040381  -0.0001685006
       -0.0013745283   0.0009408210  -0.0008655868   0.0006013692   0.0001302152
       -0.0004114780  -0.0007345273  -0.0004359572   0.0001198448  -0.0005098775
       -0.0005211663   0.0001470858   0.0002489308  -0.0003271036   0.0001246254
       -0.0000742760   0.0000270724  -0.0000633784   0.0000429855   0.0000092324
        0.0000245196   0.0000404112   0.0000007446  -0.0000041879  -0.0000020887
        0.0000251932  -0.0000031635   0.0000025600   0.0000167699   0.0000066320
        0.0000029422   0.0000226626  -0.0000423389   0.0000122775
       -0.0182275326  -0.0018424790   0.4891846184  -0.0403568422   0.0308502965
       -0.0833717324  -0.0129274665   0.0149209204  -0.0078206499   0.0013288529
        0.0051386670   0.0039081141  -0.0006519639   0.0000660279  -0.0001932250
        0.0014149012   0.0036534837   0.0051936395  -0.0014573398  -0.0019181508
        0.0019685860   0.0001654290  -0.0011141288  -0.0029999354  -0.0001750156
       -0.0001987466   0.0000521366   0.0003689833  -0.0002078684  -0.0000496121
       -0.0000524387   0.0001084816   0.0000528938   0.0000759171  -0.0000332273
       -0.0000252164  -0.0000433941  -0.0000416530  -0.0000103876   0.0000083921
        0.0000360559   0.0000046822  -0.0000519750  -0.0001004860  -0.0000222840
        0.0000973110   0.0001472544   0.0000313712  -0.0001033711  -0.0000618969
        0.0000005319  -0.0000034748  -0.0000334548   0.0000304575   0.0016747592
       -0.0152569208  -0.2764950879   0.0711116241   0.0305416197  -0.0713431134
       -0.0029354654  -0.0631522522  -0.0561411231  -0.0010218074  -0.0014713141
       -0.0013865574  -0.0005824346   0.0004496309  -0.0005383445   0.0000623944
       -0.0008321511  -0.0010539660   0.0019839083   0.0007592141   0.0006998926
        0.0001807770  -0.0005639098   0.0005090583   0.0001483149   0.0000950767
       -0.0000273219  -0.0000227890   0.0000602937  -0.0000840438   0.0000276533
       -0.0000229270  -0.0000430887  -0.0000014102   0.0000148827   0.0000033499
       -0.0000151290   0.0000099257   0.0000034407  -0.0000140394  -0.0000004174
       -0.0000048695  -0.0000053283   0.0000001531  -0.0000322141
       -0.1545903486   0.0564715718  -0.0403568422   0.6190969430   0.0216431987
        0.0086651107  -0.0985830305  -0.0031724655  -0.0015824216   0.0449791639
        0.0088251333  -0.0030283904  -0.0247028702  -0.0267046346   0.0174114195
       -0.0621490937   0.0370833366  -0.0314406047  -0.2741942111  -0.0892821054
        0.0490253073  -0.0090316718  -0.0097911229   0.0057127979   0.0036041097
        0.0030838185  -0.0006526808  -0.0036318508   0.0016832094  -0.0006930651
        0.0000926448  -0.0008714251  -0.0001984688  -0.0004842286   0.0000865345
        0.0003104448   0.0002087227   0.0002036558   0.0000281786  -0.0001188135
       -0.0002603500   0.0000517672   0.0005911714   0.0009708409   0.0003244673
       -0.0005220002  -0.0013964825  -0.0004104897   0.0006718481   0.0004011723
        0.0001635401  -0.0001155328   0.0005500684   0.0000257306  -0.0011364541
        0.0033376357  -0.0060769313  -0.0269999091   0.0116184840  -0.0093602420
        0.0002304066   0.0050501504  -0.0013771308  -0.0099188099  -0.0228670699
        0.0154194739  -0.0027676857   0.0029204930  -0.0024593966   0.0001651669
       -0.0005443279   0.0006281502  -0.0001638220   0.0009204522  -0.0013311917
       -0.0004041903   0.0014692784   0.0001185382  -0.0000129768  -0.0004517889
        0.0004575529  -0.0000151381  -0.0008917544   0.0007043201  -0.0002591892
       -0.0000129795  -0.0000663731  -0.0000057412  -0.0000642271  -0.0000082685
        0.0000518562  -0.0000179951  -0.0000737347   0.0000336940   0.0000191144
        0.0000223850   0.0000818409  -0.0000094194   0.0000470475
        0.0610930165  -0.1029481369   0.0308502965   0.0216431987   0.4871017381
       -0.2320197509  -0.0681884693  -0.2285284328   0.1186305162   0.0569157000
       -0.0346501412   0.0277064235  -0.0292509002  -0.0254196448   0.0130080427
       -0.0079544638   0.0345269407  -0.0270834125  -0.0295167528  -0.0934457308
        0.0286094825  -0.0231778116  -0.0111396820   0.0072349415   0.0056714136
        0.0014838883   0.0042357758  -0.0001501426   0.0005391576   0.0005516020
       -0.0003984940   0.0000911821   0.0001206224   0.0001897579  -0.0000809624
        0.0001298990  -0.0001639015  -0.0001585496  -0.0000974260  -0.0000757898
        0.0002023210  -0.0000501813   0.0003083645  -0.0001532953  -0.0001781650
       -0.0000627123   0.0000880519   0.0000363736  -0.0000236317  -0.0000244875
        0.0000069857   0.0001415446  -0.0000379592  -0.0000375227   0.0002850103
       -0.0011624929   0.0044399989  -0.0066202824   0.0053754505  -0.0034323616
        0.0232410775  -0.0204828585   0.0125514922  -0.0042700137  -0.0083802095
        0.0061094899   0.0022300812   0.0017153497   0.0044403898  -0.0005739848
       -0.0000291717  -0.0000855041  -0.0003527266   0.0006773206   0.0005466865
       -0.0006589875  -0.0013381387   0.0008447597  -0.0006188434  -0.0032925878
        0.0025357649   0.0002954448  -0.0004372645   0.0004655314   0.0000229853
       -0.0001028682  -0.0000624197   0.0000003853  -0.0000133981   0.0000242655
       -0.0000048473   0.0000033429  -0.0000303909   0.0000165229  -0.0000039589
       -0.0000107530   0.0000082522   0.0000252279   0.0000085474
       -0.0461399067   0.0321144069  -0.0833717324   0.0086651107  -0.2320197509
        0.3072056753   0.0440841906   0.1222613978  -0.1286849700  -0.0372620856
        0.0245481171  -0.0194453962   0.0193798649   0.0136415786  -0.0121595924
        0.0010888487  -0.0243134593   0.0146454883   0.0089263783   0.0251587853
       -0.0675614597   0.0145483437   0.0085505838  -0.0039304944  -0.0029636620
        0.0045038607   0.0024872716  -0.0013343277  -0.0002862333   0.0008062562
        0.0002353998  -0.0003266927  -0.0000826478  -0.0002267457   0.0001314631
       -0.0001435609   0.0001838009   0.0001427121   0.0000972688  -0.0000041757
       -0.0001616358  -0.0001562480  -0.0001660503   0.0004335897  -0.0000031770
       -0.0000848502  -0.0002250488  -0.0001118010   0.0001666728   0.0000623289
        0.0000815739  -0.0000353239   0.0001217607  -0.0000126010  -0.0240367822
        0.0174354831  -0.0155982897   0.0062002922  -0.0047311995   0.0035120248
        0.0048525865  -0.0003706593   0.0024649820   0.0023819416   0.0048710017
       -0.0026851921  -0.0021731535   0.0044072997   0.0043050676   0.0004130174
       -0.0000000972   0.0001069724   0.0007349757   0.0000152536   0.0000366982
        0.0007348858   0.0004389759  -0.0002249344   0.0014169245   0.0031289532
       -0.0018306003   0.0004201906   0.0004357223   0.0001243126   0.0000008649
        0.0000431612   0.0000997217  -0.0000019516   0.0000075943  -0.0000289184
        0.0000089616  -0.0000153662   0.0000518534  -0.0000194307   0.0000196234
       -0.0000079810   0.0000051945  -0.0000235103   0.0000144298
       -0.0002592215   0.0188379017  -0.0129274665  -0.0985830305  -0.0681884693
        0.0440841906   0.6715809792   0.0097275120   0.0264806260  -0.2289004402
        0.1261452491  -0.0984722573  -0.0644799342  -0.0071311124  -0.0006573334
       -0.0023259599   0.0185312202  -0.0132127295   0.0037925836  -0.0266256311
        0.0188929213  -0.0045673401  -0.0013577460   0.0007009403  -0.0016997457
       -0.0006968323   0.0007779973   0.0004644434  -0.0000990474   0.0002601135
       -0.0003171333   0.0000845316   0.0000823385   0.0000944311  -0.0001017837
        0.0000831652  -0.0000544818  -0.0000760417  -0.0000478277  -0.0000264712
        0.0001536376   0.0000373299   0.0002346307  -0.0000829496   0.0000640354
        0.0000808239   0.0001341810   0.0000807019  -0.0000372559  -0.0000563069
       -0.0000225049  -0.0000021473  -0.0000029992   0.0000184748  -0.0017128419
        0.0018168815  -0.0016398177   0.0008942292   0.0023356309  -0.0015824602
       -0.0022583788   0.0024723055  -0.0014794218  -0.2698012918  -0.0715504949
        0.0360624033   0.0036726441  -0.0018977960   0.0022194341  -0.0049740504
       -0.0020683422   0.0004103341  -0.0001074277   0.0003291850  -0.0003254883
       -0.0001401456   0.0000972674   0.0001880400  -0.0003608572  -0.0009579208
        0.0005173937   0.0000876909   0.0002698727  -0.0004828375  -0.0002299583
       -0.0000503157  -0.0000851216  -0.0000212222   0.0000030760   0.0000221717
       -0.0000083186   0.0000163906  -0.0000315839  -0.0000081546   0.0000010866
        0.0000060461  -0.0000266475  -0.0000121403  -0.0000218073
        0.0034038255  -0.0185506515   0.0149209204  -0.0031724655  -0.2285284328
        0.1222613978   0.0097275120   0.4784164628  -0.2507847828   0.0615074361
       -0.1442047567   0.0719115565   0.0412388111   0.0367032696  -0.0217499884
        0.0171037756  -0.0379262196   0.0253869998  -0.0708767133  -0.0115516555
        0.0048213320  -0.0011886851   0.0036418652   0.0028487120  -0.0017348949
       -0.0006573688  -0.0010664432   0.0005043173  -0.0004140196   0.0003494661
        0.0003367470  -0.0000315342  -0.0000242004  -0.0001642988   0.0001428179
       -0.0001971260   0.0001566490   0.0001811339   0.0000963108   0.0001443585
       -0.0002303979  -0.0000914630  -0.0002535579   0.0001085255  -0.0000400417
        0.0001117569  -0.0001710955  -0.0000212595  -0.0000394732   0.0000512641
        0.0000080297  -0.0001035015   0.0001121115  -0.0000152725   0.0004192618
       -0.0007555840  -0.0002088199  -0.0017342531   0.0004935075  -0.0004317591
        0.0013823607  -0.0011930954   0.0009306010  -0.0715127117  -0.0629447708
        0.0162453627   0.0176706591  -0.0152557076   0.0117678919  -0.0026299993
        0.0028283598   0.0031943818  -0.0000155877  -0.0002440721  -0.0001323648
        0.0001820999   0.0004964027  -0.0003896183  -0.0002931914  -0.0008894634
        0.0004338947  -0.0002116388   0.0002762337  -0.0002087589   0.0000269402
        0.0001000988   0.0001337789   0.0000001051   0.0000210071  -0.0000154439
        0.0000073872  -0.0000057032   0.0000585550  -0.0000009645   0.0000056836
       -0.0000037289   0.0000079337  -0.0000242151   0.0000118801
       -0.0019428299   0.0156511850  -0.0078206499  -0.0015824216   0.1186305162
       -0.1286849700   0.0264806260  -0.2507847828   0.2858966518  -0.0524334079
        0.0758867161  -0.1017528734  -0.0336013894  -0.0250859867   0.0167858702
       -0.0115256277   0.0240834885  -0.0235022533   0.0498833470   0.0065427676
       -0.0023017884  -0.0000440025   0.0026394372   0.0051629279   0.0010369918
        0.0002417861   0.0007719467  -0.0003299218   0.0002810150  -0.0002514206
       -0.0003002668   0.0000566996   0.0001355210   0.0000955785  -0.0001351801
        0.0001647554  -0.0001054620  -0.0001097182  -0.0000807601  -0.0000966606
        0.0001639201   0.0000726863   0.0002112425  -0.0000494339   0.0000499796
       -0.0000469074   0.0000624924  -0.0000038029   0.0000336289  -0.0000183463
        0.0000028927   0.0000258726  -0.0000489685   0.0000308863  -0.0009493942
        0.0006943965  -0.0004566348   0.0011194257  -0.0003236613   0.0000958397
       -0.0004387358   0.0002153206  -0.0005124967   0.0358679641   0.0163935638
       -0.0418854301  -0.0122224597   0.0110228035  -0.0074431963   0.0007592272
        0.0034766214   0.0054338027  -0.0002789341  -0.0003988732   0.0004147984
        0.0004855723   0.0013809115  -0.0007838275  -0.0000744497  -0.0002249931
        0.0005386100   0.0001393334  -0.0001657046   0.0000608314  -0.0001521722
       -0.0000794053  -0.0000912316  -0.0000073541  -0.0000149996   0.0000145619
       -0.0000094893   0.0000064261  -0.0000507949   0.0000021243  -0.0000054730
        0.0000073859   0.0000009526   0.0000154596  -0.0000178174
        0.0006197900  -0.0021503302   0.0013288529   0.0449791639   0.0569157000
       -0.0372620856  -0.2289004402   0.0615074361  -0.0524334079   0.6593188231
        0.0217396392   0.0220973986  -0.3161820731  -0.0404755912   0.0073563718
        0.0010060846  -0.0737848154   0.0534470686  -0.0599145016   0.0084343912
       -0.0091647641  -0.0001893156  -0.0002714720  -0.0000007374   0.0032289695
       -0.0001516072  -0.0024849249  -0.0005105811   0.0004626489   0.0000209370
        0.0009667026  -0.0003801216  -0.0002369656  -0.0002361542   0.0003278496
       -0.0001969296   0.0002887760   0.0003146663   0.0001588508   0.0001492312
       -0.0004632119  -0.0001405415  -0.0001646312   0.0003899594  -0.0000755695
       -0.0001117655  -0.0005606674  -0.0001869905   0.0000694547   0.0001217879
        0.0000605468  -0.0000650867   0.0001768133   0.0000036926  -0.0001355164
        0.0003770535  -0.0002690551   0.0000617595  -0.0000991570   0.0000526815
        0.0000097206   0.0000311807  -0.0003212966  -0.0254047251   0.0140660190
       -0.0113576770  -0.0534567986  -0.0409988316   0.0264646241  -0.0245876711
       -0.0052296341   0.0019518114  -0.0000131876   0.0001254897  -0.0001174213
       -0.0000183426  -0.0001041450   0.0000126017   0.0000986323  -0.0001223163
        0.0000314145  -0.0005758855  -0.0003354034   0.0006732320  -0.0003789053
        0.0001495477   0.0005150070  -0.0000186098  -0.0000121069  -0.0000304880
        0.0000303555  -0.0000375660   0.0000832145   0.0000168209   0.0000092272
       -0.0000017754   0.0000199065   0.0000275677   0.0000223241
       -0.0009674922  -0.0003745375   0.0051386670   0.0088251333  -0.0346501412
        0.0245481171   0.1261452491  -0.1442047567   0.0758867161   0.0217396392
        0.4914095700  -0.2619947806  -0.1041497162  -0.0979575539   0.0311086254
       -0.0263756314  -0.0118036542   0.0053989908   0.0088259270   0.0008526355
       -0.0028283831  -0.0001362942  -0.0008759055   0.0000808204  -0.0018009312
       -0.0019944089   0.0051619266  -0.0005202639  -0.0004053607   0.0003761322
        0.0004238703  -0.0003258566  -0.0003462472  -0.0003169402   0.0001113870
       -0.0000358715   0.0002070750   0.0002581593   0.0001391863   0.0001111929
       -0.0002841335  -0.0001717153  -0.0001313379   0.0004013949  -0.0000909187
       -0.0001310628  -0.0004621086  -0.0001547303   0.0002279627   0.0001439165
        0.0001258491  -0.0000421112   0.0002222505  -0.0000618079   0.0009262273
       -0.0010626676   0.0006580243  -0.0004203747   0.0000330527  -0.0000438245
       -0.0000257791   0.0002068704   0.0002111676  -0.0061192296   0.0040376528
       -0.0028778119  -0.0403672122  -0.2075504567   0.1200253499   0.0142698739
        0.0041417534  -0.0011313895  -0.0001132819   0.0001414332  -0.0000988642
       -0.0000054074   0.0000859549   0.0001258687   0.0001497747   0.0001007141
       -0.0000519152  -0.0002020787  -0.0002918874   0.0007480263  -0.0000809974
        0.0001198719   0.0001561628   0.0000076845   0.0000112634  -0.0000442558
        0.0000339677  -0.0000083701   0.0000225927   0.0000186066   0.0000180457
       -0.0000140409  -0.0000060420  -0.0000441272   0.0000343335
        0.0005769223   0.0052823824   0.0039081141  -0.0030283904   0.0277064235
       -0.0194453962  -0.0984722573   0.0719115565  -0.1017528734   0.0220973986
       -0.2619947806   0.2977815383   0.0523123154   0.0358294766  -0.0657660816
        0.0201241831   0.0022949886  -0.0011269185  -0.0103755242  -0.0023231096
       -0.0024374572   0.0001084054   0.0004236492  -0.0002658952  -0.0024780654
        0.0064182941   0.0029006008   0.0007124625  -0.0011473751   0.0004496052
        0.0002086825   0.0003134665  -0.0001264145   0.0002334476  -0.0000429647
       -0.0001599064  -0.0000528014  -0.0000403601   0.0000088101   0.0000544827
        0.0000030771  -0.0000829349  -0.0005252951  -0.0003749832  -0.0001146835
        0.0001687200   0.0006773471   0.0001621224  -0.0003217374  -0.0002132279
       -0.0000702060   0.0002653490  -0.0001262193   0.0000222783   0.0005620569
       -0.0004288668   0.0005994366   0.0001792746  -0.0000872445   0.0000282858
       -0.0011446110   0.0011357263  -0.0009031398   0.0028043338  -0.0018725319
        0.0015844677   0.0270816965   0.1197180693  -0.1164854220  -0.0123625628
       -0.0033446856   0.0013731179   0.0000645580  -0.0000611026   0.0000464063
       -0.0000104465  -0.0000812250  -0.0000730446  -0.0001108279  -0.0000729451
        0.0000487210   0.0012330582   0.0005179602  -0.0002175323   0.0001390493
       -0.0001282994   0.0000660503  -0.0000245941   0.0000330194   0.0000115899
       -0.0000306322   0.0000003217   0.0000430629  -0.0000276704   0.0000015286
       -0.0000056020   0.0000390196   0.0000726345  -0.0000006994
       -0.0004010335   0.0004843521  -0.0006519639  -0.0247028702  -0.0292509002
        0.0193798649  -0.0644799342   0.0412388111  -0.0336013894  -0.3161820731
       -0.1041497162   0.0523123154   0.6822810380   0.0199842151   0.0360563525
       -0.0891880817   0.0016888439  -0.0050191784   0.0402054976   0.0091718029
       -0.0030224421  -0.0028811179   0.0025959474  -0.0022932695  -0.0227570039
       -0.0319943048   0.0183827852   0.0029810176  -0.0038504970   0.0015681628
       -0.0023579913   0.0010535840   0.0008944996   0.0009805491  -0.0006908201
        0.0002352726  -0.0005882240  -0.0004587704  -0.0002642698  -0.0000906419
        0.0006904399  -0.0000786666  -0.0001201043  -0.0008798327  -0.0003633257
        0.0008065750   0.0016263347   0.0006262741  -0.0008593323  -0.0005135795
       -0.0002028844  -0.0001440484  -0.0008812647  -0.0002255803   0.0000801110
       -0.0000945060   0.0001549671   0.0003037240   0.0000292856  -0.0000569115
        0.0001869731  -0.0001124420   0.0001279606  -0.0029773171   0.0023090738
       -0.0023922839  -0.0075322106  -0.0036062528   0.0025379563  -0.1877296858
        0.0944322538  -0.0862161773   0.0001667961   0.0007518714  -0.0004565686
       -0.0001128015  -0.0001131522  -0.0000914324  -0.0003654092  -0.0001875380
        0.0000872529  -0.0032916650  -0.0001996501   0.0015915897  -0.0008698628
        0.0007498026   0.0009614442  -0.0000079158   0.0000685642   0.0000972797
       -0.0000974695   0.0000627665  -0.0000436844  -0.0000673298   0.0000109971
       -0.0000122259  -0.0001881573   0.0000342806  -0.0000217237
        0.0003734463  -0.0005158929   0.0000660279  -0.0267046346  -0.0254196448
        0.0136415786  -0.0071311124   0.0367032696  -0.0250859867  -0.0404755912
       -0.0979575539   0.0358294766   0.0199842151   0.4613102622  -0.2512156471
       -0.0517613446  -0.2176052207   0.1158200624   0.0496590228  -0.0307756153
        0.0256767858   0.0020001817   0.0024834845   0.0035225902  -0.0225795709
       -0.0156504100   0.0112129687   0.0024497396  -0.0018595144  -0.0001070870
        0.0007957407  -0.0004806847   0.0001059838  -0.0002505273  -0.0001046757
       -0.0001663071   0.0001677414   0.0000318960   0.0000881559   0.0001225702
        0.0000494064   0.0000338154   0.0004328265   0.0005354516   0.0000520676
        0.0002743564  -0.0002599449  -0.0002480512   0.0002630432   0.0000668959
        0.0000909794  -0.0005182177   0.0001542010   0.0000621797   0.0000880407
       -0.0000653072  -0.0000547590  -0.0000850524   0.0000258575  -0.0000418007
        0.0002058039   0.0001492639   0.0000850388   0.0027075817   0.0013474366
        0.0043132637  -0.0234888497  -0.0092682535   0.0053093563   0.0951495435
       -0.1036578062   0.0611253973  -0.0000878265  -0.0010605195   0.0006335563
        0.0000976636   0.0007187483  -0.0003243458  -0.0001206264   0.0000205944
       -0.0002510045  -0.0013814528   0.0006099165  -0.0000842046  -0.0001227918
        0.0004434618  -0.0000784420  -0.0000095251   0.0000491008  -0.0000416780
        0.0000369708   0.0000138468   0.0000384604  -0.0000038689   0.0000155563
        0.0000242082  -0.0000874956  -0.0000476062  -0.0000326396
       -0.0002068951   0.0002459095  -0.0001932250   0.0174114195   0.0130080427
       -0.0121595924  -0.0006573334  -0.0217499884   0.0167858702   0.0073563718
        0.0311086254  -0.0657660816   0.0360563525  -0.2512156471   0.2949514759
        0.0377666744   0.1238366543  -0.1301484724  -0.0331744650   0.0224156957
       -0.0189413095  -0.0016801272   0.0034022505   0.0041203193   0.0078860333
        0.0069743214  -0.0022946953  -0.0001103838  -0.0005819264  -0.0005135502
        0.0006136380  -0.0001249485  -0.0010656380  -0.0000107637   0.0003477404
       -0.0002511899   0.0001611463   0.0001243741   0.0002124907   0.0001212125
       -0.0002947998  -0.0000795205  -0.0004653451   0.0002411707   0.0001674272
       -0.0000010278  -0.0002523329  -0.0001950527   0.0000322816   0.0000966060
        0.0001121917  -0.0000254396   0.0001326119   0.0000957994  -0.0000543179
        0.0000296005   0.0000573889   0.0000737115  -0.0000194010   0.0000593989
       -0.0001047554  -0.0000839438  -0.0000576974  -0.0026030878   0.0043437935
        0.0042469643   0.0163953801   0.0067091663  -0.0032781721  -0.0861592337
        0.0618130428  -0.0855469727  -0.0001486703   0.0000022505   0.0002958521
        0.0001440985   0.0012958532  -0.0009165620   0.0000874541  -0.0004933629
        0.0004496643  -0.0006536192  -0.0008591160   0.0006143643   0.0018473156
       -0.0005247557  -0.0007200003   0.0000101298   0.0000621570  -0.0000357572
        0.0000568841  -0.0000054666   0.0000895146   0.0000012432   0.0000308674
       -0.0000513327   0.0000341180  -0.0000150447  -0.0000438999
       -0.0026356812  -0.0022979732   0.0014149012  -0.0621490937  -0.0079544638
        0.0010888487  -0.0023259599   0.0171037756  -0.0115256277   0.0010060846
       -0.0263756314   0.0201241831  -0.0891880817  -0.0517613446   0.0377666744
        0.6040486057   0.0180121687   0.0223506759  -0.1810314490   0.1059174303
       -0.0842188150   0.0023635254   0.0019662735  -0.0029469569  -0.2185902696
       -0.0633818909   0.0180190172  -0.0438895877   0.0094989881   0.0008183529
        0.0012316263  -0.0049598913  -0.0011875922  -0.0022503162   0.0009906971
        0.0008091635   0.0010897362   0.0008953513   0.0000961842  -0.0013076738
       -0.0018817527  -0.0003854744   0.0007027399   0.0051108677   0.0019577367
       -0.0037899777  -0.0054630634  -0.0017126136   0.0029207848   0.0018869480
        0.0007251305   0.0011398311   0.0019968120   0.0002142949   0.0002623754
       -0.0000264808   0.0004144684  -0.0005427089   0.0007019127  -0.0006500888
        0.0005083354  -0.0003740912  -0.0000855030   0.0012432683   0.0005890591
       -0.0003408824  -0.0044104560  -0.0020447116  -0.0000299572   0.0018965368
        0.0192077432  -0.0132557639  -0.0004134478  -0.0011846079   0.0007268544
       -0.0002075547  -0.0026483599   0.0003895020  -0.0003563935  -0.0009166416
        0.0016522881  -0.0066947997  -0.0125430390   0.0077843507   0.0003234397
        0.0003681687   0.0000876917   0.0002041033  -0.0004763067  -0.0000848836
        0.0003287324  -0.0001453698  -0.0001970026   0.0000774565   0.0002582194
        0.0000469896   0.0004362694  -0.0000687956   0.0001338533
       -0.0026763929   0.0024917071   0.0036534837   0.0370833366   0.0345269407
       -0.0243134593   0.0185312202  -0.0379262196   0.0240834885  -0.0737848154
       -0.0118036542   0.0022949886   0.0016888439  -0.2176052207   0.1238366543
        0.0180121687   0.5044452908  -0.2332380068   0.0526474049  -0.1345300454
        0.0608734909   0.0160644398  -0.0194914893   0.0153009034  -0.0538844886
       -0.1011120371   0.0066400224   0.0066865637   0.0131940891  -0.0004716754
        0.0022188623  -0.0019282137  -0.0000543631  -0.0006427596   0.0004038593
        0.0005691308   0.0002693178   0.0003091062   0.0001036010   0.0005147983
       -0.0001251169  -0.0000169218   0.0042347643  -0.0005799878  -0.0009034221
       -0.0013564522  -0.0022748145  -0.0008659355   0.0009797558   0.0007674232
        0.0004327532  -0.0006832965  -0.0006515743  -0.0003669375   0.0007669734
       -0.0004112772   0.0003951852  -0.0006554313   0.0003192584   0.0000335032
       -0.0006999582   0.0000166794  -0.0001702676   0.0005154991  -0.0002511403
        0.0003181827  -0.0014428096   0.0031880288   0.0030844771  -0.0002685900
       -0.0139682935   0.0103416262  -0.0014126498  -0.0032254585   0.0022229405
        0.0001399862  -0.0014880578   0.0009739885   0.0006345017   0.0005628730
        0.0003130159  -0.0254135771  -0.0114683182   0.0064421778   0.0018392350
       -0.0008285610  -0.0013505489   0.0000505023  -0.0001268993  -0.0000718910
        0.0001075022  -0.0000448788  -0.0000985118   0.0003214364  -0.0000858767
       -0.0000102208  -0.0003858916  -0.0002981216   0.0000185477
        0.0016942799   0.0028009192   0.0051936395  -0.0314406047  -0.0270834125
        0.0146454883  -0.0132127295   0.0253869998  -0.0235022533   0.0534470686
        0.0053989908  -0.0011269185  -0.0050191784   0.1158200624  -0.1301484724
        0.0223506759  -0.2332380068   0.2877403543  -0.0431423499   0.0640098749
       -0.0967337460  -0.0101088019   0.0148536702  -0.0089261868   0.0266962379
        0.0088788999  -0.0354236004   0.0006610000   0.0027999990  -0.0067237505
        0.0009948654  -0.0004428090  -0.0016357399  -0.0003799424   0.0000802380
        0.0006432980   0.0003125411   0.0001457558  -0.0001104702  -0.0000561476
       -0.0005820259   0.0014590212  -0.0007253845  -0.0000050049   0.0024068514
        0.0001667275  -0.0007626396   0.0004999349   0.0000864203   0.0002858589
       -0.0006457351  -0.0007119484   0.0000005012   0.0001789524   0.0010772552
       -0.0003653414   0.0002426464   0.0002652523   0.0001696999   0.0000778003
       -0.0005280532   0.0005709272  -0.0003210403  -0.0002401790   0.0005157543
        0.0001225989   0.0000701623   0.0031757819   0.0057917254   0.0004558095
        0.0124980429  -0.0078751787   0.0002887774   0.0031523250  -0.0021360705
       -0.0006418486   0.0003985814  -0.0005208506  -0.0010157320   0.0003463897
       -0.0000695616  -0.0013400914   0.0015052789  -0.0025901873   0.0001107174
       -0.0001794525  -0.0004031194  -0.0000288883  -0.0000549735   0.0001410954
        0.0000286452   0.0000691721  -0.0002861764  -0.0000577544  -0.0000686389
        0.0001283542  -0.0000568016  -0.0000814182  -0.0000927025
       -0.0307098868  -0.0005964872  -0.0014573398  -0.2741942111  -0.0295167528
        0.0089263783   0.0037925836  -0.0708767133   0.0498833470  -0.0599145016
        0.0088259270  -0.0103755242   0.0402054976   0.0496590228  -0.0331744650
       -0.1810314490   0.0526474049  -0.0431423499   0.6412905943   0.0163549034
        0.0181796677  -0.0729030150  -0.0236886079   0.0179860165  -0.0545922104
        0.0100927949  -0.0083232648  -0.0005767704  -0.0054698460  -0.0019442605
        0.0005145432   0.0000434587  -0.0001029494   0.0003799673  -0.0002187789
       -0.0003655834   0.0000289602  -0.0000896663   0.0000360115  -0.0000793328
       -0.0001057937   0.0001020918  -0.0023147210  -0.0000210615   0.0003971612
        0.0007559650   0.0017283530   0.0006011745  -0.0006263165  -0.0004676826
       -0.0002902094   0.0001802748  -0.0003914772  -0.0000014049  -0.0006832539
       -0.0007025886   0.0008230848  -0.0040670965   0.0021883022  -0.0015116815
       -0.0004770615  -0.0011965812   0.0004984480   0.0004049948  -0.0008957745
        0.0002429038  -0.0006333112   0.0001770569  -0.0002063326   0.0006289842
       -0.0018303122   0.0007562934   0.0040116366   0.0163032178  -0.0118562098
        0.0005134211  -0.0025678167   0.0001204916  -0.0089063264  -0.0227837518
        0.0160587791  -0.0008747006   0.0027909683  -0.0019943102   0.0002037267
        0.0004399156   0.0000554091   0.0000063681   0.0000862448   0.0000152047
       -0.0000359797   0.0000381522   0.0000711068  -0.0001593384   0.0000492820
        0.0000207045  -0.0001380350  -0.0000053119  -0.0000283888
        0.0123603181   0.0032267463  -0.0019181508  -0.0892821054  -0.0934457308
        0.0251587853  -0.0266256311  -0.0115516555   0.0065427676   0.0084343912
        0.0008526355  -0.0023231096   0.0091718029  -0.0307756153   0.0224156957
        0.1059174303  -0.1345300454   0.0640098749   0.0163549034   0.4568105540
       -0.2191636034  -0.0251406832  -0.1570917972   0.0719753183  -0.0025992161
        0.0072356147  -0.0004945738  -0.0003542398  -0.0011616863  -0.0003200498
       -0.0003016348   0.0010467285   0.0000234278   0.0007441859  -0.0001924529
        0.0000580403  -0.0004333198  -0.0003695993  -0.0001852778  -0.0001638131
        0.0001997607   0.0000560220  -0.0010372884  -0.0007970068   0.0001708813
        0.0002926780   0.0011626697   0.0002916717  -0.0006579513  -0.0003660235
       -0.0002556336   0.0004967486  -0.0002652637   0.0002156039   0.0005468623
        0.0000870863   0.0012338626   0.0026907178  -0.0012809817   0.0018653333
        0.0013189594  -0.0002772124   0.0000377834  -0.0013681562  -0.0014008953
        0.0059346283   0.0002100688   0.0006948091  -0.0004519247  -0.0012038451
       -0.0012998667   0.0055530645   0.0033163337  -0.0068409502   0.0059357377
       -0.0061448764  -0.0291054953   0.0136936478  -0.0049550219  -0.0001324788
        0.0003760784  -0.0014582076  -0.0001470594  -0.0003937658   0.0000398844
       -0.0003379402  -0.0000270541  -0.0000073966   0.0000241682   0.0000629853
       -0.0000586644   0.0000334129  -0.0000226658  -0.0000783167   0.0000067032
        0.0000132812  -0.0000249170  -0.0000111325  -0.0000686823
       -0.0102394700  -0.0024907039   0.0019685860   0.0490253073   0.0286094825
       -0.0675614597   0.0188929213   0.0048213320  -0.0023017884  -0.0091647641
       -0.0028283831  -0.0024374572  -0.0030224421   0.0256767858  -0.0189413095
       -0.0842188150   0.0608734909  -0.0967337460   0.0181796677  -0.2191636034
        0.2976919142   0.0168187622   0.0668334729  -0.1087355483  -0.0014204554
       -0.0021213001   0.0017086673   0.0013801815   0.0005383609   0.0008116640
        0.0003035506  -0.0002144603   0.0000476714  -0.0001104694   0.0001487743
       -0.0000006194   0.0001195234   0.0000999751   0.0000400683   0.0000905588
       -0.0000206248  -0.0000414126   0.0003564425  -0.0000346465  -0.0000813506
       -0.0000916581  -0.0002842442  -0.0000424745   0.0001247477   0.0001118595
        0.0000748942  -0.0000255569   0.0000930345  -0.0001020083  -0.0005620670
        0.0005182293  -0.0003877859  -0.0019568176   0.0016457301  -0.0003287010
       -0.0004745646   0.0005705421   0.0006666592   0.0005421277   0.0058330786
        0.0031852440  -0.0002068666  -0.0004042934   0.0003684914   0.0002166634
        0.0057199931   0.0030670623   0.0012203371   0.0200209548  -0.0143302202
       -0.0028573281  -0.0074355645   0.0098286287   0.0066128624   0.0122858731
       -0.0080328509   0.0005226011   0.0003779160   0.0005132831  -0.0001644486
        0.0002281680   0.0000636032  -0.0000041352  -0.0000163238  -0.0000297193
        0.0000210352  -0.0000186201   0.0000093005   0.0000489450  -0.0000120528
        0.0000028771   0.0000436237   0.0000377671   0.0000398371
        0.0002613732  -0.0008347161   0.0001654290  -0.0090316718  -0.0231778116
        0.0145483437  -0.0045673401  -0.0011886851  -0.0000440025  -0.0001893156
       -0.0001362942   0.0001084054  -0.0028811179   0.0020001817  -0.0016801272
        0.0023635254   0.0160644398  -0.0101088019  -0.0729030150  -0.0251406832
        0.0168187622   0.5254420503  -0.0122451787   0.0092310017  -0.0006579464
        0.0035112890  -0.0011972992   0.0014679278  -0.0005002061  -0.0010087320
       -0.0002775853   0.0002957445   0.0001866708   0.0002385824  -0.0000598070
        0.0000487309  -0.0000961803  -0.0000611802  -0.0000187654   0.0001124068
       -0.0000395403   0.0000471905  -0.0002254382  -0.0001472748   0.0000696309
        0.0007226300  -0.0000888529   0.0000311451  -0.0005297157  -0.0001028195
       -0.0001375674  -0.0003570449   0.0002931715  -0.0000191843  -0.0007310848
       -0.0003783963   0.0008263544   0.0000111788  -0.0004040465   0.0003803689
       -0.0000258981  -0.0004244031   0.0000720410  -0.0005151234  -0.0012426208
        0.0008608648   0.0001357190   0.0000283565   0.0000712502   0.0000487414
        0.0009945406  -0.0007479154  -0.1614538972   0.0196827035  -0.1210918310
       -0.0405423077  -0.0000673371  -0.0007393820  -0.2362916562   0.0234809863
        0.0934693514   0.0003510503  -0.0003889452  -0.0002271109   0.0000345032
        0.0000188171  -0.0000301241  -0.0000244118   0.0000687057   0.0000083165
       -0.0000388338   0.0000498985  -0.0000065635  -0.0000526787   0.0000114594
        0.0000017196   0.0002025742   0.0001285050   0.0001118297
        0.0012455801  -0.0010225223  -0.0011141288  -0.0097911229  -0.0111396820
        0.0085505838  -0.0013577460   0.0036418652   0.0026394372  -0.0002714720
       -0.0008759055   0.0004236492   0.0025959474   0.0024834845   0.0034022505
        0.0019662735  -0.0194914893   0.0148536702  -0.0236886079  -0.1570917972
        0.0668334729  -0.0122451787   0.4672664288   0.0065914263   0.0000164296
       -0.0010371988  -0.0012863136  -0.0008832990   0.0005755727  -0.0000907047
        0.0000336254  -0.0002632346  -0.0001869681  -0.0004100309   0.0001168778
        0.0000231183   0.0002226991   0.0002596444   0.0000830980   0.0001615248
       -0.0002782529  -0.0000213397   0.0000500588   0.0005786965   0.0001442131
        0.0003351639  -0.0012877654  -0.0001290501   0.0001814345   0.0003258604
        0.0000491185  -0.0006242234   0.0007566357  -0.0001594147   0.0000382057
        0.0003341416  -0.0003907805   0.0003977619   0.0000007037   0.0001016412
        0.0002257711   0.0004786280   0.0002955709  -0.0000428947  -0.0004063570
        0.0002071408   0.0000391132  -0.0004984743  -0.0007923079  -0.0001492196
       -0.0007763651   0.0004535283   0.0187337117  -0.0430222420   0.0195004332
       -0.0011963237  -0.1957468716  -0.1097926244   0.0242186267  -0.0437137074
       -0.0110359579  -0.0000999414  -0.0001728737   0.0006543942   0.0000379039
        0.0001129317   0.0000802879   0.0000175662  -0.0000111892  -0.0000108812
        0.0000448375   0.0000047472  -0.0000025043   0.0000423280  -0.0000030767
        0.0000013074   0.0001554972  -0.0000972132   0.0001246340
       -0.0003144278  -0.0011674817  -0.0029999354   0.0057127979   0.0072349415
       -0.0039304944   0.0007009403   0.0028487120   0.0051629279  -0.0000007374
        0.0000808204  -0.0002658952  -0.0022932695   0.0035225902   0.0041203193
       -0.0029469569   0.0153009034  -0.0089261868   0.0179860165   0.0719753183
       -0.1087355483   0.0092310017   0.0065914263   0.4926425821   0.0010751222
        0.0000675778  -0.0025467829   0.0007837950   0.0001116317  -0.0001202427
       -0.0000821477   0.0000659001   0.0000843946  -0.0000678503   0.0000292625
        0.0000278170   0.0000296883   0.0000460077   0.0000205780   0.0000596140
       -0.0000888843   0.0000014091   0.0000573042   0.0001029314   0.0000283841
        0.0003177080  -0.0002745835  -0.0000516641  -0.0000968159  -0.0000056712
        0.0000441101  -0.0002761608   0.0002232628   0.0000435181  -0.0009799078
       -0.0002831346   0.0002994417  -0.0001584126   0.0003058351   0.0000630410
        0.0006525391   0.0001773556   0.0003006785   0.0000298125   0.0002728996
       -0.0002433257   0.0000709796  -0.0007946983  -0.0010196790   0.0000817788
        0.0006004423  -0.0004268219  -0.1211181010   0.0194403309  -0.1670441552
       -0.0012868719  -0.1150292343  -0.1176585321   0.0928399368  -0.0115805512
       -0.0885597067   0.0000654165   0.0002142329  -0.0001828349  -0.0000241340
       -0.0000197615  -0.0000743189  -0.0000179116   0.0000295832   0.0000027047
       -0.0000121946   0.0000133507   0.0000036227  -0.0000244772   0.0000075430
        0.0000054679   0.0000059256  -0.0000188589  -0.0000648727
       -0.0018646983  -0.0004038049  -0.0001750156   0.0036041097   0.0056714136
       -0.0029636620  -0.0016997457  -0.0017348949   0.0010369918   0.0032289695
       -0.0018009312  -0.0024780654  -0.0227570039  -0.0225795709   0.0078860333
       -0.2185902696  -0.0538844886   0.0266962379  -0.0545922104  -0.0025992161
       -0.0014204554  -0.0006579464   0.0000164296   0.0010751222   0.6462074230
       -0.0106898608  -0.0643415016  -0.2395367133   0.0997275238   0.0362690285
       -0.0056608130   0.0275204217   0.0059902307   0.0086480955  -0.0046106349
       -0.0028361611  -0.0050545823  -0.0028945445  -0.0010613413  -0.0041879129
        0.0017045768   0.0000122578  -0.0524101135   0.0018998374   0.0017905848
        0.0054589200   0.0208458636   0.0065661884  -0.0073801968  -0.0043507984
       -0.0021094975   0.0021266049  -0.0116955566  -0.0020888108  -0.0001787589
        0.0000390917  -0.0002717564  -0.0008096557  -0.0000118570   0.0000199425
       -0.0000898808   0.0001486653   0.0001285979  -0.0007014163  -0.0000360887
        0.0004231441  -0.0011085954  -0.0007875226   0.0010369044   0.0010762465
        0.0007552547   0.0000985426  -0.0005398282  -0.0004069541   0.0003655177
        0.0008103120   0.0008423538  -0.0000503845   0.0000800828  -0.0001286659
       -0.0007615278  -0.0495202494  -0.0419545925  -0.0105884361  -0.0001991631
       -0.0006481301   0.0006798394   0.0000457744   0.0002163075   0.0003603930
       -0.0004051398   0.0001877602   0.0003644909  -0.0017155471   0.0009081986
        0.0002770213  -0.0016260974   0.0007344146   0.0000695465
        0.0010420123   0.0001835964  -0.0001987466   0.0030838185   0.0014838883
        0.0045038607  -0.0006968323  -0.0006573688   0.0002417861  -0.0001516072
       -0.0019944089   0.0064182941  -0.0319943048  -0.0156504100   0.0069743214
       -0.0633818909  -0.1011120371   0.0088788999   0.0100927949   0.0072356147
       -0.0021213001   0.0035112890  -0.0010371988   0.0000675778  -0.0106898608
        0.6841200210   0.0659521449   0.1096078492  -0.1584647079  -0.0274151876
        0.0386180651  -0.0453621261  -0.0122836313  -0.0114266023  -0.0031447948
       -0.0023907587   0.0057232447   0.0049846005   0.0018678375  -0.0006263112
       -0.0069087426  -0.0029384857  -0.0003610998   0.0211671575   0.0046059943
        0.0000475189  -0.0151322550  -0.0035774500   0.0030532040   0.0031853239
        0.0010796215  -0.0122705491  -0.0012440646  -0.0008804405  -0.0001034123
       -0.0000431186   0.0000136813   0.0003501047  -0.0000852676  -0.0000351302
       -0.0000410373  -0.0000388369   0.0000249245   0.0002898333  -0.0004375926
       -0.0007808721  -0.0012862652  -0.0003975103   0.0004307793  -0.0002202762
        0.0001664493  -0.0019321612   0.0008922025   0.0000219327   0.0001377277
       -0.0003628509   0.0001230950   0.0003067217   0.0006465226   0.0002674490
       -0.0004304266  -0.0439824642  -0.3710540401  -0.0462523946   0.0006316178
        0.0009352906   0.0003873093   0.0012942787  -0.0013800096  -0.0005532006
        0.0000798029  -0.0000966885   0.0001055587  -0.0006407138   0.0001781654
       -0.0001186774  -0.0007280807   0.0001885942  -0.0000881774
       -0.0003988426  -0.0002195739   0.0000521366  -0.0006526808   0.0042357758
        0.0024872716   0.0007779973  -0.0010664432   0.0007719467  -0.0024849249
        0.0051619266   0.0029006008   0.0183827852   0.0112129687  -0.0022946953
        0.0180190172   0.0066400224  -0.0354236004  -0.0083232648  -0.0004945738
        0.0017086673  -0.0011972992  -0.0012863136  -0.0025467829  -0.0643415016
        0.0659521449   0.0689359089   0.0350220219  -0.0268848403  -0.0341553695
        0.0099617114  -0.0136277688   0.0005614555  -0.0034758203  -0.0018106283
        0.0036717099   0.0015816170   0.0020230193   0.0005806334   0.0008600262
       -0.0032946911   0.0025319313  -0.0004021443   0.0028473191   0.0033829754
       -0.0000229471  -0.0031426352  -0.0028286219   0.0005930886   0.0005723583
        0.0011325109  -0.0029094402  -0.0003627816   0.0014732614   0.0001033992
       -0.0000113816   0.0002067870  -0.0001504599   0.0000088945  -0.0000809920
        0.0000741914  -0.0001393751  -0.0000681409   0.0001797679  -0.0007833172
       -0.0009158545   0.0008495190   0.0002916563  -0.0002060123   0.0009556075
       -0.0025562840  -0.0006506873  -0.0007421276   0.0001361565   0.0004807236
       -0.0000355349  -0.0009509078   0.0002875397  -0.0017822076  -0.0002859242
        0.0004731544  -0.0015994258  -0.0433375475  -0.0101123938   0.0007924670
        0.0011443154  -0.0013616889   0.0003573220  -0.0002507131  -0.0002917510
        0.0001310768   0.0002513673  -0.0008531936   0.0000601311  -0.0000836660
        0.0000886892  -0.0001831250   0.0001114410   0.0000618808
        0.0002751806  -0.0002252444   0.0003689833  -0.0036318508  -0.0001501426
       -0.0013343277   0.0004644434   0.0005043173  -0.0003299218  -0.0005105811
       -0.0005202639   0.0007124625   0.0029810176   0.0024497396  -0.0001103838
       -0.0438895877   0.0066865637   0.0006610000  -0.0005767704  -0.0003542398
        0.0013801815   0.0014679278  -0.0008832990   0.0007837950  -0.2395367133
        0.1096078492   0.0350220219   0.6524359380  -0.0283408257  -0.0100015550
       -0.0868953168  -0.0058027537  -0.0011577212   0.0214185860   0.0221360989
        0.0078578465  -0.0090303027  -0.0213639415  -0.0056747056  -0.0513868504
        0.0238748410   0.0069939889  -0.2290596081  -0.0699373952  -0.0208820833
       -0.0113236628  -0.0423079867  -0.0136288905   0.0126417189   0.0078399669
        0.0040240936  -0.0130153943   0.0098118805   0.0012167604   0.0000966465
       -0.0000682692   0.0002804781   0.0002731288   0.0001652870  -0.0001566776
        0.0000648069  -0.0002558425  -0.0000527028   0.0006456857   0.0002186908
       -0.0000896143   0.0005424036   0.0006128987  -0.0005461594  -0.0001540236
        0.0001710558   0.0003136512   0.0005745272  -0.0000763796   0.0003584497
       -0.0005072410  -0.0003635356  -0.0000985835  -0.0004364435   0.0010391057
       -0.0013245358   0.0061371641   0.0097578291   0.0050632610  -0.0051870749
       -0.0270756912  -0.0090545949  -0.0032920487   0.0030639393   0.0001789381
        0.0007745037  -0.0008973141  -0.0003973553  -0.0023928625   0.0025268065
       -0.0000714642   0.0000326537  -0.0018437451  -0.0003046349
       -0.0005510514   0.0000159016  -0.0002078684   0.0016832094   0.0005391576
       -0.0002862333  -0.0000990474  -0.0004140196   0.0002810150   0.0004626489
       -0.0004053607  -0.0011473751  -0.0038504970  -0.0018595144  -0.0005819264
        0.0094989881   0.0131940891   0.0027999990  -0.0054698460  -0.0011616863
        0.0005383609  -0.0005002061   0.0005755727   0.0001116317   0.0997275238
       -0.1584647079  -0.0268848403  -0.0283408257   0.5961556917   0.1319753506
       -0.0570949348  -0.2488533314  -0.0664953102   0.0711146120  -0.0398595074
       -0.0103768553  -0.0306256231  -0.0363619612  -0.0099994384  -0.0080241848
        0.0489196504   0.0144442083  -0.0458794649  -0.1221935984  -0.0165662657
       -0.0217213048   0.0014825792   0.0010358662  -0.0074736510  -0.0093838306
       -0.0043547041   0.0046156220  -0.0030611632  -0.0004141062  -0.0000493163
        0.0000475059  -0.0001969302  -0.0002851091  -0.0000766251   0.0000918191
       -0.0000262930   0.0001577511   0.0000437978  -0.0004458341  -0.0000326639
        0.0002549111  -0.0004324595  -0.0004504765   0.0003920738  -0.0005015421
       -0.0000144424   0.0009143157  -0.0003527715   0.0000444536  -0.0002139610
        0.0002517319   0.0003611580   0.0000144910   0.0006621215  -0.0007773851
        0.0009277660   0.0234091822  -0.0250258446  -0.0078854403  -0.0050987476
       -0.0130936050  -0.0030998868   0.0026555823   0.0002540482  -0.0023342358
       -0.0010275968   0.0000578034  -0.0000804298   0.0035211697  -0.0012615009
       -0.0027860647   0.0002479151   0.0009458622   0.0000862658
       -0.0002924669  -0.0000371398  -0.0000496121  -0.0006930651   0.0005516020
        0.0008062562   0.0002601135   0.0003494661  -0.0002514206   0.0000209370
        0.0003761322   0.0004496052   0.0015681628  -0.0001070870  -0.0005135502
        0.0008183529  -0.0004716754  -0.0067237505  -0.0019442605  -0.0003200498
        0.0008116640  -0.0010087320  -0.0000907047  -0.0001202427   0.0362690285
       -0.0274151876  -0.0341553695  -0.0100015550   0.1319753506   0.1695488331
       -0.0188522883  -0.0619036721  -0.0730324920   0.0220142174  -0.0108641661
       -0.0050342697  -0.0094213123  -0.0098880217  -0.0085903515  -0.0041961753
        0.0157587207   0.0028284059  -0.0098392888  -0.0176810858  -0.0532917257
       -0.0064725945  -0.0017808224  -0.0036820723  -0.0013128982  -0.0030377363
        0.0022907144   0.0008999588   0.0002094907  -0.0007843511  -0.0000445580
        0.0000209528  -0.0000855775  -0.0000738196   0.0000029953  -0.0000213001
        0.0000056930   0.0000329387   0.0000196597  -0.0000975460  -0.0000700791
       -0.0001630995  -0.0000809757  -0.0000127863   0.0000330380   0.0001145447
        0.0002241410  -0.0005472662  -0.0000872163   0.0000230653  -0.0001742690
        0.0001400804  -0.0000434044   0.0000067090   0.0002856628   0.0001962661
       -0.0001146705   0.0027063776  -0.0050883971  -0.0038648226  -0.0017108354
       -0.0059546522  -0.0003949626   0.0004000942  -0.0028458426   0.0086105683
       -0.0002925971  -0.0001209386   0.0002965261   0.0008070556  -0.0019836954
        0.0057715389   0.0001119057  -0.0000039771   0.0001216570
       -0.0000357499  -0.0000364803  -0.0000524387   0.0000926448  -0.0003984940
        0.0002353998  -0.0003171333   0.0003367470  -0.0003002668   0.0009667026
        0.0004238703   0.0002086825  -0.0023579913   0.0007957407   0.0006136380
        0.0012316263   0.0022188623   0.0009948654   0.0005145432  -0.0003016348
        0.0003035506  -0.0002775853   0.0000336254  -0.0000821477  -0.0056608130
        0.0386180651   0.0099617114  -0.0868953168  -0.0570949348  -0.0188522883
        0.6968517384  -0.0365466087   0.0131719214  -0.2713459849   0.1611780363
        0.0422205686  -0.0663711201  -0.0133972737  -0.0065078080  -0.0069668521
        0.0239228305   0.0070387872   0.0106741716  -0.0272084468  -0.0064803815
       -0.0040310747  -0.0001005690   0.0002181175  -0.0012558069  -0.0020299620
       -0.0009275316   0.0010236916   0.0001843446   0.0000330753  -0.0000281087
        0.0000259154  -0.0000584843  -0.0000756843  -0.0000150250   0.0000253726
       -0.0000015529   0.0000523987   0.0000135136  -0.0001189044  -0.0000750183
       -0.0000463544  -0.0000625331  -0.0000676970   0.0001344038  -0.0004193696
       -0.0001732936   0.0004784308  -0.0000922605   0.0000024737  -0.0000624796
        0.0001426000   0.0000328036   0.0000021396   0.0000637027  -0.0000875664
        0.0002183995  -0.0046512288   0.0014535882   0.0008960947  -0.2575906709
       -0.0902574328  -0.0428718515   0.0012317524  -0.0000571361   0.0007364652
       -0.0048822194  -0.0020440131  -0.0012156650   0.0006478038   0.0005894409
       -0.0000255711  -0.0000030166   0.0000228439  -0.0000218689
        0.0002336626  -0.0000843746   0.0001084816  -0.0008714251   0.0000911821
       -0.0003266927   0.0000845316  -0.0000315342   0.0000566996  -0.0003801216
       -0.0003258566   0.0003134665   0.0010535840  -0.0004806847  -0.0001249485
       -0.0049598913  -0.0019282137  -0.0004428090   0.0000434587   0.0010467285
       -0.0002144603   0.0002957445  -0.0002632346   0.0000659001   0.0275204217
       -0.0453621261  -0.0136277688  -0.0058027537  -0.2488533314  -0.0619036721
       -0.0365466087   0.5802064292   0.1504659094   0.0910335761  -0.1768335139
       -0.0391927527   0.0376447662   0.0492564064   0.0152895970   0.0182128699
       -0.0450525680  -0.0115813855  -0.0578624584  -0.0105879745  -0.0071342093
       -0.0031577603  -0.0072125314  -0.0037423053   0.0021224055   0.0007318560
        0.0007264762  -0.0040428744   0.0029991801   0.0004503141   0.0000283187
       -0.0000085556   0.0000815723   0.0001308051   0.0000442483  -0.0000433209
        0.0000202695  -0.0000751752  -0.0000238955   0.0002266753   0.0000956035
       -0.0000422017   0.0001920419   0.0002460595  -0.0001800351   0.0003894880
        0.0003057776  -0.0002951943   0.0001305151   0.0000240411   0.0000966032
       -0.0001939188  -0.0001042275   0.0000095094   0.0000122089   0.0002945551
       -0.0003910524   0.0044285236   0.0017884915  -0.0001630335  -0.0906709204
       -0.0800985397  -0.0209238516   0.0226577071  -0.0195258063  -0.0061153511
       -0.0023731680   0.0004561064  -0.0017937494   0.0003293314  -0.0004652843
        0.0005049600   0.0000709953  -0.0002931329   0.0000932002
        0.0000742954  -0.0000747591   0.0000528938  -0.0001984688   0.0001206224
       -0.0000826478   0.0000823385  -0.0000242004   0.0001355210  -0.0002369656
       -0.0003462472  -0.0001264145   0.0008944996   0.0001059838  -0.0010656380
       -0.0011875922  -0.0000543631  -0.0016357399  -0.0001029494   0.0000234278
        0.0000476714   0.0001866708  -0.0001869681   0.0000843946   0.0059902307
       -0.0122836313   0.0005614555  -0.0011577212  -0.0664953102  -0.0730324920
        0.0131719214   0.1504659094   0.1572437470   0.0213182203  -0.0374193313
       -0.0529560476   0.0081417048   0.0136594873   0.0063254276   0.0053647615
       -0.0110276183  -0.0068709416  -0.0177605696  -0.0052569232  -0.0007727481
       -0.0008434380  -0.0027255200   0.0067853996   0.0004568554   0.0005627646
       -0.0014140556  -0.0005889830   0.0004096310   0.0000343465   0.0000417014
       -0.0000142042   0.0000546669   0.0000209561   0.0000060615  -0.0000077679
        0.0000249685  -0.0000330402  -0.0000065576   0.0001246842   0.0000111666
        0.0000700367   0.0000565766   0.0000022136  -0.0000171777   0.0014059036
       -0.0005220094  -0.0003174354   0.0000576277  -0.0000187224   0.0000435158
       -0.0000584052  -0.0000194679   0.0000502187   0.0000358253  -0.0000574312
       -0.0000737213   0.0010778321   0.0002142897   0.0034273693  -0.0427036026
       -0.0206057139  -0.0407930437   0.0073677634  -0.0066568428  -0.0009388037
       -0.0013195982  -0.0017887478   0.0056998357   0.0001300162  -0.0000715450
        0.0000652854   0.0001329405   0.0001010394  -0.0005705532
        0.0001551410  -0.0000678003   0.0000759171  -0.0004842286   0.0001897579
       -0.0002267457   0.0000944311  -0.0001642988   0.0000955785  -0.0002361542
       -0.0003169402   0.0002334476   0.0009805491  -0.0002505273  -0.0000107637
       -0.0022503162  -0.0006427596  -0.0003799424   0.0003799673   0.0007441859
       -0.0001104694   0.0002385824  -0.0004100309  -0.0000678503   0.0086480955
       -0.0114266023  -0.0034758203   0.0214185860   0.0711146120   0.0220142174
       -0.2713459849   0.0910335761   0.0213182203   0.6551342164  -0.0220049446
        0.0124799553  -0.2769028070  -0.0350954413  -0.0190318342   0.0112496339
       -0.0873240308  -0.0256040390  -0.0475097987   0.0198034467   0.0032756476
       -0.0042608035  -0.0131781566  -0.0033161612   0.0055099923   0.0024966692
        0.0011599625  -0.0050352212   0.0039817974   0.0005349211   0.0000266425
       -0.0000093211   0.0000879948   0.0000906535   0.0000414427  -0.0000348827
        0.0000142440  -0.0000780869  -0.0000269570   0.0001948579   0.0001047228
        0.0000103758   0.0001110890   0.0002002278  -0.0001464163  -0.0002610561
        0.0001438296   0.0004010758   0.0000765150   0.0000211577   0.0000731337
       -0.0001020935  -0.0001700338  -0.0000151162  -0.0001076483   0.0002768606
       -0.0001416590   0.0014869493   0.0014063337   0.0007973535  -0.0268327428
        0.0147533478   0.0032563635  -0.0467302265  -0.0264197205  -0.0102438607
       -0.0248454110  -0.0075360492  -0.0028678772   0.0009396907  -0.0005723399
        0.0000215896   0.0001546555  -0.0006448837  -0.0001353590
       -0.0000611545   0.0000263068  -0.0000332273   0.0000865345  -0.0000809624
        0.0001314631  -0.0001017837   0.0001428179  -0.0001351801   0.0003278496
        0.0001113870  -0.0000429647  -0.0006908201  -0.0001046757   0.0003477404
        0.0009906971   0.0004038593   0.0000802380  -0.0002187789  -0.0001924529
        0.0001487743  -0.0000598070   0.0001168778   0.0000292625  -0.0046106349
       -0.0031447948  -0.0018106283   0.0221360989  -0.0398595074  -0.0108641661
        0.1611780363  -0.1768335139  -0.0374193313  -0.0220049446   0.6267716251
        0.1597909351  -0.1110959878  -0.1177272162  -0.0257292541  -0.0297503986
       -0.0229558661  -0.0079774143   0.0034217130   0.0022695772   0.0023016007
       -0.0005987766  -0.0011347811  -0.0004000286   0.0009952889   0.0002802303
        0.0002390903  -0.0001072951   0.0007423530   0.0000906840  -0.0000068546
        0.0000013709  -0.0000319426  -0.0000302478  -0.0000090711   0.0000112836
       -0.0000117906   0.0000295356   0.0000104801  -0.0000772802  -0.0000222927
       -0.0000100046  -0.0000487074  -0.0000385252   0.0000601217   0.0001143168
        0.0000659612  -0.0001721882  -0.0000022558   0.0000071590  -0.0000343984
        0.0000120310   0.0000881924   0.0000037846   0.0000452855  -0.0000677251
       -0.0000127191   0.0008261477  -0.0011506739  -0.0010867695  -0.0079185790
        0.0056103935   0.0012181766  -0.0271418249  -0.2740785789  -0.0770664574
        0.0154949441   0.0055108705   0.0021961527  -0.0010164256  -0.0047349435
       -0.0037940014  -0.0000745959  -0.0000429366  -0.0000391119
       -0.0000155518   0.0000100176  -0.0000252164   0.0003104448   0.0001298990
       -0.0001435609   0.0000831652  -0.0001971260   0.0001647554  -0.0001969296
       -0.0000358715  -0.0001599064   0.0002352726  -0.0001663071  -0.0002511899
        0.0008091635   0.0005691308   0.0006432980  -0.0003655834   0.0000580403
       -0.0000006194   0.0000487309   0.0000231183   0.0000278170  -0.0028361611
       -0.0023907587   0.0036717099   0.0078578465  -0.0103768553  -0.0050342697
        0.0422205686  -0.0391927527  -0.0529560476   0.0124799553   0.1597909351
        0.1675347020  -0.0429398140  -0.0239177339  -0.0565839333  -0.0087701852
       -0.0093681816  -0.0016708321  -0.0001150880   0.0027437859  -0.0042654255
       -0.0002184069  -0.0006447534  -0.0004983944   0.0004337150   0.0002543633
        0.0000558827  -0.0001849786   0.0002910937   0.0001995901  -0.0000040977
        0.0000003924  -0.0000112509  -0.0000093095  -0.0000029410   0.0000047964
       -0.0000071400   0.0000085677   0.0000030611  -0.0000305722   0.0000137580
        0.0000294095  -0.0000330547  -0.0000382548   0.0000004314   0.0000651741
        0.0000859134  -0.0000018462   0.0000113234   0.0000057600  -0.0000083717
       -0.0000032798   0.0000287673   0.0000143281   0.0000008189  -0.0000405740
       -0.0000008644   0.0006894421  -0.0006305588   0.0009026936  -0.0036807140
        0.0024288784   0.0007237761  -0.0091827351  -0.0770073161  -0.0603500368
        0.0038781428   0.0014389779   0.0004532153  -0.0005026806  -0.0038354952
        0.0075076266  -0.0000274813  -0.0000359190   0.0000246724
       -0.0000785553   0.0000385612  -0.0000433941   0.0002087227  -0.0001639015
        0.0001838009  -0.0000544818   0.0001566490  -0.0001054620   0.0002887760
        0.0002070750  -0.0000528014  -0.0005882240   0.0001677414   0.0001611463
        0.0010897362   0.0002693178   0.0003125411   0.0000289602  -0.0004333198
        0.0001195234  -0.0000961803   0.0002226991   0.0000296883  -0.0050545823
        0.0057232447   0.0015816170  -0.0090303027  -0.0306256231  -0.0094213123
       -0.0663711201   0.0376447662   0.0081417048  -0.2769028070  -0.1110959878
       -0.0429398140   0.6519294709  -0.0271899161   0.0109586969  -0.0934877210
        0.0143266632   0.0034678652   0.0266468915   0.0083106774   0.0040871064
       -0.0012388658   0.0134360972   0.0033227800  -0.0041653411  -0.0032886358
       -0.0012729218   0.0040451725  -0.0017302461  -0.0001393776  -0.0000171663
        0.0000030890  -0.0000361636  -0.0000516343  -0.0000151668   0.0000122120
       -0.0000184489   0.0000461022   0.0000104597  -0.0001086131  -0.0000530663
       -0.0000181638  -0.0000817105  -0.0000761202   0.0000715203  -0.0001754276
        0.0000518746  -0.0001853348  -0.0000356355  -0.0000115211  -0.0000170537
        0.0000391519   0.0000866848  -0.0000121367   0.0000118917  -0.0001601617
        0.0001036931  -0.0007219340  -0.0009202465  -0.0005495690  -0.0029458208
        0.0030456470   0.0006885968  -0.0038004626  -0.0031600396  -0.0002247711
       -0.2145322932   0.1203609608   0.0294410911  -0.0043421956  -0.0261905455
       -0.0078138223  -0.0003892495   0.0010166472   0.0001380547
       -0.0000582153   0.0000493234  -0.0000416530   0.0002036558  -0.0001585496
        0.0001427121  -0.0000760417   0.0001811339  -0.0001097182   0.0003146663
        0.0002581593  -0.0000403601  -0.0004587704   0.0000318960   0.0001243741
        0.0008953513   0.0003091062   0.0001457558  -0.0000896663  -0.0003695993
        0.0000999751  -0.0000611802   0.0002596444   0.0000460077  -0.0028945445
        0.0049846005   0.0020230193  -0.0213639415  -0.0363619612  -0.0098880217
       -0.0133972737   0.0492564064   0.0136594873  -0.0350954413  -0.1177272162
       -0.0239177339  -0.0271899161   0.6355454713   0.1519896943  -0.0583979732
       -0.3360778070  -0.0836500710   0.0568301907  -0.0540104508  -0.0139735662
        0.0072815438   0.0137816431   0.0014247735  -0.0058610470  -0.0020134817
       -0.0006700361   0.0050664409  -0.0047881152  -0.0005710140  -0.0000196090
       -0.0000080768  -0.0000444812  -0.0000434025  -0.0000169753   0.0000105730
       -0.0000277795   0.0000498431   0.0000136520  -0.0001069699  -0.0000521805
       -0.0000258402  -0.0000421696  -0.0000779574   0.0000666767  -0.0000275369
        0.0000058392  -0.0002180576   0.0000010123  -0.0000090348  -0.0000314948
       -0.0000134305   0.0001238253   0.0000046669   0.0000086676  -0.0001697490
       -0.0000062182  -0.0010103823  -0.0005003501  -0.0004057073   0.0038469158
       -0.0002730541  -0.0022429595  -0.0255494771  -0.0130315221  -0.0050093648
        0.1205781990  -0.1267560581  -0.0242227781  -0.0030296789  -0.0129654723
       -0.0048880488  -0.0002121963   0.0005307194   0.0002057569
       -0.0000231603   0.0000216159  -0.0000103876   0.0000281786  -0.0000974260
        0.0000972688  -0.0000478277   0.0000963108  -0.0000807601   0.0001588508
        0.0001391863   0.0000088101  -0.0002642698   0.0000881559   0.0002124907
        0.0000961842   0.0001036010  -0.0001104702   0.0000360115  -0.0001852778
        0.0000400683  -0.0000187654   0.0000830980   0.0000205780  -0.0010613413
        0.0018678375   0.0005806334  -0.0056747056  -0.0099994384  -0.0085903515
       -0.0065078080   0.0152895970   0.0063254276  -0.0190318342  -0.0257292541
       -0.0565839333   0.0109586969   0.1519896943   0.1516243941  -0.0176489998
       -0.0819807885  -0.0681860608   0.0162411105  -0.0164761241  -0.0017834036
        0.0021826995   0.0029601937   0.0084104575  -0.0018405699  -0.0002254022
       -0.0012012007   0.0018750848  -0.0018008477  -0.0006272646  -0.0000060809
       -0.0000031132  -0.0000145282  -0.0000189749  -0.0000074338   0.0000048796
       -0.0000103122   0.0000205674   0.0000040920  -0.0000429784  -0.0000242310
       -0.0000186428  -0.0000177418  -0.0000228448   0.0000290856  -0.0001360090
        0.0000262194  -0.0000756979   0.0000012778  -0.0000043656  -0.0000114254
       -0.0000037730   0.0000446305   0.0000044286   0.0000081708  -0.0000641167
       -0.0000052586  -0.0003468885  -0.0002371285  -0.0000379902   0.0007473192
       -0.0027879075   0.0076729752  -0.0083188582  -0.0047729162   0.0001959014
        0.0295749258  -0.0240096647  -0.0376920010  -0.0009182607  -0.0045965619
        0.0002275866   0.0000306492   0.0002941350  -0.0004297011
       -0.0000221792   0.0000352063   0.0000083921  -0.0001188135  -0.0000757898
       -0.0000041757  -0.0000264712   0.0001443585  -0.0000966606   0.0001492312
        0.0001111929   0.0000544827  -0.0000906419   0.0001225702   0.0001212125
       -0.0013076738   0.0005147983  -0.0000561476  -0.0000793328  -0.0001638131
        0.0000905588   0.0001124068   0.0001615248   0.0000596140  -0.0041879129
       -0.0006263112   0.0008600262  -0.0513868504  -0.0080241848  -0.0041961753
       -0.0069668521   0.0182128699   0.0053647615   0.0112496339  -0.0297503986
       -0.0087701852  -0.0934877210  -0.0583979732  -0.0176489998   0.6256882735
        0.0243714563   0.0186525189  -0.2277631574   0.1133183985   0.0272080116
        0.0087219736   0.0269988697   0.0072928354  -0.0086236674  -0.0067858886
       -0.0026438145   0.0060482696  -0.0074889442  -0.0011421801  -0.0000051788
       -0.0000084695  -0.0000049824  -0.0000179894  -0.0000011568  -0.0000080440
       -0.0000100838   0.0000088139   0.0000044774  -0.0000334129  -0.0000365460
       -0.0000288192  -0.0000139571  -0.0000247260   0.0000123658  -0.0001392968
        0.0000507072  -0.0001629233   0.0000149055  -0.0000132560   0.0000315339
       -0.0000755825  -0.0000020195  -0.0000005278  -0.0000851602  -0.0001192153
       -0.0000220721  -0.0006294096  -0.0001565398  -0.0001016694   0.0007075255
        0.0005911049   0.0004508018  -0.0049266355  -0.0029550643  -0.0013301474
        0.0008689803   0.0235960900   0.0068682992  -0.2533158398  -0.0943340579
       -0.0309685752  -0.0002473800   0.0007263931   0.0001062079
        0.0000266255  -0.0000706367   0.0000360559  -0.0002603500   0.0002023210
       -0.0001616358   0.0001536376  -0.0002303979   0.0001639201  -0.0004632119
       -0.0002841335   0.0000030771   0.0006904399   0.0000494064  -0.0002947998
       -0.0018817527  -0.0001251169  -0.0005820259  -0.0001057937   0.0001997607
       -0.0000206248  -0.0000395403  -0.0002782529  -0.0000888843   0.0017045768
       -0.0069087426  -0.0032946911   0.0238748410   0.0489196504   0.0157587207
        0.0239228305  -0.0450525680  -0.0110276183  -0.0873240308  -0.0229558661
       -0.0093681816   0.0143266632  -0.3360778070  -0.0819807885   0.0243714563
        0.6567749519   0.1530176836   0.0753195662  -0.1361079099  -0.0254793330
        0.0107537665  -0.0520435732  -0.0141712560   0.0153342878   0.0018433870
        0.0016856631  -0.0071488524  -0.0013463690  -0.0015701263   0.0000244906
        0.0000101359   0.0000474172   0.0000450464   0.0000209005  -0.0000086620
        0.0000272625  -0.0000427523  -0.0000161081   0.0001087166   0.0000766632
        0.0000360307   0.0000499011   0.0000924139  -0.0000880599   0.0000810095
        0.0000234784   0.0002142847  -0.0000006917   0.0000103473   0.0000168331
        0.0000241096  -0.0001028346   0.0000056274   0.0000460492   0.0001768592
        0.0000068974   0.0011053811   0.0002038953   0.0003993650   0.0002502383
       -0.0002773502  -0.0004104904  -0.0025259901   0.0006324441  -0.0025293178
        0.0005026254  -0.0197729021  -0.0052676695  -0.0945175005  -0.0851739303
       -0.0148610140   0.0015241926  -0.0023854723  -0.0001702887
        0.0000209975  -0.0000051987   0.0000046822   0.0000517672  -0.0000501813
       -0.0001562480   0.0000373299  -0.0000914630   0.0000726863  -0.0001405415
       -0.0001717153  -0.0000829349  -0.0000786666   0.0000338154  -0.0000795205
       -0.0003854744  -0.0000169218   0.0014590212   0.0001020918   0.0000560220
       -0.0000414126   0.0000471905  -0.0000213397   0.0000014091   0.0000122578
       -0.0029384857   0.0025319313   0.0069939889   0.0144442083   0.0028284059
        0.0070387872  -0.0115813855  -0.0068709416  -0.0256040390  -0.0079774143
       -0.0016708321   0.0034678652  -0.0836500710  -0.0681860608   0.0186525189
        0.1530176836   0.1603713439   0.0151949688  -0.0246840510  -0.0525744873
        0.0040726729  -0.0109884142  -0.0054566936   0.0031955649  -0.0007457383
        0.0009003760  -0.0014876489  -0.0013995962   0.0021135932   0.0000064136
        0.0000022596   0.0000106075   0.0000125378   0.0000016348   0.0000034720
        0.0000047541  -0.0000068679  -0.0000039687   0.0000223783   0.0000313732
        0.0000400537  -0.0000006817   0.0000065012  -0.0000149610   0.0000515779
        0.0000060796   0.0001010002  -0.0000028030   0.0000005312   0.0000094141
        0.0000072321  -0.0000097292  -0.0000022410   0.0000030797   0.0000208757
        0.0000179618   0.0003087665  -0.0001800324   0.0003294094   0.0001274007
       -0.0000428719  -0.0002221811  -0.0012197802  -0.0022159083   0.0060770381
        0.0001994283  -0.0048713804  -0.0020239716  -0.0309802032  -0.0153921880
       -0.0400441310   0.0002682678  -0.0005800308   0.0005581800
       -0.0002453817  -0.0000233536  -0.0000519750   0.0005911714   0.0003083645
       -0.0001660503   0.0002346307  -0.0002535579   0.0002112425  -0.0001646312
       -0.0001313379  -0.0005252951  -0.0001201043   0.0004328265  -0.0004653451
        0.0007027399   0.0042347643  -0.0007253845  -0.0023147210  -0.0010372884
        0.0003564425  -0.0002254382   0.0000500588   0.0000573042  -0.0524101135
       -0.0003610998  -0.0004021443  -0.2290596081  -0.0458794649  -0.0098392888
        0.0106741716  -0.0578624584  -0.0177605696  -0.0475097987   0.0034217130
       -0.0001150880   0.0266468915   0.0568301907   0.0162411105  -0.2277631574
        0.0753195662   0.0151949688   0.6457097775  -0.0029675347   0.0102893232
       -0.0651513568  -0.0267039557  -0.0034039760  -0.0328576930  -0.0452161138
       -0.0179050755   0.0023945922   0.0271775227   0.0054414551  -0.0000320603
        0.0000163709  -0.0000851013  -0.0001356927  -0.0000209384   0.0000290497
       -0.0000074370   0.0000602293   0.0000208229  -0.0001628361  -0.0000047042
        0.0001263297  -0.0001372435  -0.0001991854   0.0001136254   0.0001246237
       -0.0003432786   0.0002979279  -0.0001010366  -0.0000126623  -0.0001115169
        0.0002017313   0.0000543305  -0.0000217337   0.0000608700  -0.0000551520
        0.0002777337   0.0000802730  -0.0028973579  -0.0006833861   0.0006609274
        0.0001396071  -0.0000551646  -0.0005304816   0.0002310383   0.0000811551
        0.0010055697  -0.0011257194  -0.0001523786  -0.0272013758   0.0127819669
        0.0040840093  -0.0029578024   0.0040366134  -0.0003530269
       -0.0001081056   0.0001606486  -0.0001004860   0.0009708409  -0.0001532953
        0.0004335897  -0.0000829496   0.0001085255  -0.0000494339   0.0003899594
        0.0004013949  -0.0003749832  -0.0008798327   0.0005354516   0.0002411707
        0.0051108677  -0.0005799878  -0.0000050049  -0.0000210615  -0.0007970068
       -0.0000346465  -0.0001472748   0.0005786965   0.0001029314   0.0018998374
        0.0211671575   0.0028473191  -0.0699373952  -0.1221935984  -0.0176810858
       -0.0272084468  -0.0105879745  -0.0052569232   0.0198034467   0.0022695772
        0.0027437859   0.0083106774  -0.0540104508  -0.0164761241   0.1133183985
       -0.1361079099  -0.0246840510  -0.0029675347   0.5464172672   0.1176746300
       -0.0227183952  -0.1606168651  -0.0257192572  -0.0442406521  -0.0317145754
       -0.0170999351   0.0269221527  -0.0511904031  -0.0105476146  -0.0000625940
       -0.0000177566  -0.0001307327  -0.0001075078  -0.0000617537   0.0000321306
       -0.0000583878   0.0001073232   0.0000399506  -0.0002350612  -0.0001250178
        0.0000161330  -0.0001087246  -0.0002614623   0.0001747043   0.0000834236
       -0.0003896896  -0.0001906630  -0.0000826705  -0.0000281640  -0.0000940565
        0.0000255763   0.0002235884  -0.0000033124   0.0000814170  -0.0003558180
        0.0000558247  -0.0019875618  -0.0023605883  -0.0009917505  -0.0006290382
       -0.0048127967  -0.0031840557   0.0003711580   0.0003061940   0.0006623775
       -0.0002262927  -0.0048480750  -0.0035438479  -0.0069311366   0.0062591516
        0.0017107553   0.0014528680   0.0026782126  -0.0005673386
        0.0000309389   0.0000354662  -0.0000222840   0.0003244673  -0.0001781650
       -0.0000031770   0.0000640354  -0.0000400417   0.0000499796  -0.0000755695
       -0.0000909187  -0.0001146835  -0.0003633257   0.0000520676   0.0001674272
        0.0019577367  -0.0009034221   0.0024068514   0.0003971612   0.0001708813
       -0.0000813506   0.0000696309   0.0001442131   0.0000283841   0.0017905848
        0.0046059943   0.0033829754  -0.0208820833  -0.0165662657  -0.0532917257
       -0.0064803815  -0.0071342093  -0.0007727481   0.0032756476   0.0023016007
       -0.0042654255   0.0040871064  -0.0139735662  -0.0017834036   0.0272080116
       -0.0254793330  -0.0525744873   0.0102893232   0.1176746300   0.1471874629
       -0.0055365414  -0.0277609616  -0.0708035490  -0.0166197584  -0.0173006404
        0.0084047107   0.0055326508  -0.0098465388   0.0049713414  -0.0000019510
       -0.0000051374  -0.0000173653  -0.0000174022  -0.0000221397   0.0000141087
       -0.0000083229   0.0000231933   0.0000010627  -0.0000505883  -0.0000131464
        0.0000420742  -0.0000506793  -0.0000923630   0.0000230288  -0.0001899624
       -0.0000957190   0.0000500668  -0.0000216302  -0.0000215821   0.0000090047
       -0.0000057362   0.0000502993  -0.0000226538   0.0000047526  -0.0000727656
        0.0000370462  -0.0004615292  -0.0001430688  -0.0015093108  -0.0005924283
       -0.0033450682   0.0053371767   0.0000662035   0.0001809654  -0.0000725361
       -0.0002972723  -0.0037685110   0.0069545770  -0.0026737867   0.0015571305
        0.0018552147  -0.0007693022   0.0000571220   0.0044122070
        0.0003050520  -0.0000018221   0.0000973110  -0.0005220002  -0.0000627123
       -0.0000848502   0.0000808239   0.0001117569  -0.0000469074  -0.0001117655
       -0.0001310628   0.0001687200   0.0008065750   0.0002743564  -0.0000010278
       -0.0037899777  -0.0013564522   0.0001667275   0.0007559650   0.0002926780
       -0.0000916581   0.0007226300   0.0003351639   0.0003177080   0.0054589200
        0.0000475189  -0.0000229471  -0.0113236628  -0.0217213048  -0.0064725945
       -0.0040310747  -0.0031577603  -0.0008434380  -0.0042608035  -0.0005987766
       -0.0002184069  -0.0012388658   0.0072815438   0.0021826995   0.0087219736
        0.0107537665   0.0040726729  -0.0651513568  -0.0227183952  -0.0055365414
        0.7370743877   0.0979060167   0.1017570694  -0.4974845100  -0.1575996695
       -0.0997757819  -0.1733407122   0.0798681981   0.0010894971  -0.0000171047
       -0.0000352165   0.0000558787   0.0000800472   0.0000568317  -0.0000593090
       -0.0000574861  -0.0000427596  -0.0000092740   0.0001438685   0.0000296338
       -0.0000243964   0.0001126086   0.0001396714  -0.0001058281  -0.0000265774
        0.0000453352  -0.0000275631   0.0002359992  -0.0000279847   0.0002032061
       -0.0004947748  -0.0000166010  -0.0000742739  -0.0003065354  -0.0001482127
       -0.0005923922  -0.0050916575  -0.0013275010  -0.0004743607  -0.0001796971
       -0.0010326724  -0.0003550705  -0.0000654206   0.0002081848  -0.0000533240
       -0.0002145443   0.0016243242   0.0002994568  -0.0024072279   0.0032776526
        0.0006137399   0.0156169043   0.0077262707   0.0038452581
        0.0002490431  -0.0002849515   0.0001472544  -0.0013964825   0.0000880519
       -0.0002250488   0.0001341810  -0.0001710955   0.0000624924  -0.0005606674
       -0.0004621086   0.0006773471   0.0016263347  -0.0002599449  -0.0002523329
       -0.0054630634  -0.0022748145  -0.0007626396   0.0017283530   0.0011626697
       -0.0002842442  -0.0000888529  -0.0012877654  -0.0002745835   0.0208458636
       -0.0151322550  -0.0031426352  -0.0423079867   0.0014825792  -0.0017808224
       -0.0001005690  -0.0072125314  -0.0027255200  -0.0131781566  -0.0011347811
       -0.0006447534   0.0134360972   0.0137816431   0.0029601937   0.0269988697
       -0.0520435732  -0.0109884142  -0.0267039557  -0.1606168651  -0.0277609616
        0.0979060167   0.5231658999   0.0981068859  -0.1587906840  -0.1331890017
       -0.0406631963   0.0529305775  -0.1401341289  -0.0111495720   0.0001043441
        0.0000516691   0.0002127639   0.0001926294   0.0000834204  -0.0000426305
        0.0001073049  -0.0001350580  -0.0000655846   0.0003864759   0.0001694478
       -0.0000912853   0.0001975695   0.0004414629  -0.0002931684  -0.0003214266
        0.0002744194   0.0001952450   0.0000804910   0.0000752164   0.0001183661
        0.0002095692  -0.0003043279  -0.0000056447  -0.0000528173   0.0008805173
        0.0000564197   0.0063157284   0.0066884651   0.0027977633   0.0005556490
        0.0004085541   0.0002376367  -0.0000323367   0.0009449159   0.0003454342
       -0.0007661919   0.0007086701  -0.0002820991  -0.0015720576  -0.0001261905
        0.0002077659   0.0273301508  -0.0356382089  -0.0046904315
        0.0000992389  -0.0000491490   0.0000313712  -0.0004104897   0.0000363736
       -0.0001118010   0.0000807019  -0.0000212595  -0.0000038029  -0.0001869905
       -0.0001547303   0.0001621224   0.0006262741  -0.0002480512  -0.0001950527
       -0.0017126136  -0.0008659355   0.0004999349   0.0006011745   0.0002916717
       -0.0000424745   0.0000311451  -0.0001290501  -0.0000516641   0.0065661884
       -0.0035774500  -0.0028286219  -0.0136288905   0.0010358662  -0.0036820723
        0.0002181175  -0.0037423053   0.0067853996  -0.0033161612  -0.0004000286
       -0.0004983944   0.0033227800   0.0014247735   0.0084104575   0.0072928354
       -0.0141712560  -0.0054566936  -0.0034039760  -0.0257192572  -0.0708035490
        0.1017570694   0.0981068859   0.2076806030  -0.0998821079  -0.0399660123
       -0.0848662654  -0.0060520897  -0.0079782185  -0.0543117723   0.0000033943
        0.0000027601   0.0000432827   0.0000739980   0.0000406095  -0.0000242653
        0.0000093004  -0.0000454691   0.0000046944   0.0001142244   0.0000639096
       -0.0000254106   0.0000651721   0.0001423625  -0.0000974456  -0.0001047868
        0.0001983333   0.0000316325   0.0000429469   0.0000131125   0.0000295996
       -0.0000392992  -0.0001031414   0.0000409139  -0.0001335383   0.0001302843
       -0.0001276689   0.0006596403   0.0013798664   0.0007146253   0.0000329913
        0.0003878644  -0.0002955634   0.0000661417   0.0008710657  -0.0017770880
       -0.0002211832  -0.0000568937   0.0006667356  -0.0007230146   0.0009938489
       -0.0025820385   0.0081518068  -0.0078913806   0.0026802716
       -0.0002808669   0.0000927862  -0.0001033711   0.0006718481  -0.0000236317
        0.0001666728  -0.0000372559  -0.0000394732   0.0000336289   0.0000694547
        0.0002279627  -0.0003217374  -0.0008593323   0.0002630432   0.0000322816
        0.0029207848   0.0009797558   0.0000864203  -0.0006263165  -0.0006579513
        0.0001247477  -0.0005297157   0.0001814345  -0.0000968159  -0.0073801968
        0.0030532040   0.0005930886   0.0126417189  -0.0074736510  -0.0013128982
       -0.0012558069   0.0021224055   0.0004568554   0.0055099923   0.0009952889
        0.0004337150  -0.0041653411  -0.0058610470  -0.0018405699  -0.0086236674
        0.0153342878   0.0031955649  -0.0328576930  -0.0442406521  -0.0166197584
       -0.4974845100  -0.1587906840  -0.0998821079   0.6354485569   0.1767412247
        0.1298895265  -0.1077402446   0.0202680296  -0.0149748059   0.0000003492
        0.0000090569  -0.0000739186  -0.0000748841  -0.0000678789   0.0000560444
        0.0000281903   0.0000512181   0.0000212357  -0.0001560781  -0.0000606329
        0.0000362787  -0.0000970408  -0.0001942527   0.0001266825   0.0001398577
       -0.0001375644  -0.0000750418  -0.0001549606  -0.0000481518  -0.0001578864
        0.0003563951   0.0000740369   0.0000295892   0.0001975921  -0.0000999796
        0.0003840605   0.0012231542   0.0007904442  -0.0002719123  -0.0002074765
       -0.0005346090  -0.0001863952   0.0000855926  -0.0002673360   0.0000346891
        0.0002148994  -0.0003430748   0.0000480784   0.0022274197  -0.0002592570
        0.0000359971   0.0007955814  -0.0020843517   0.0001320615
       -0.0001345015   0.0000975329  -0.0000618969   0.0004011723  -0.0000244875
        0.0000623289  -0.0000563069   0.0000512641  -0.0000183463   0.0001217879
        0.0001439165  -0.0002132279  -0.0005135795   0.0000668959   0.0000966060
        0.0018869480   0.0007674232   0.0002858589  -0.0004676826  -0.0003660235
        0.0001118595  -0.0001028195   0.0003258604  -0.0000056712  -0.0043507984
        0.0031853239   0.0005723583   0.0078399669  -0.0093838306  -0.0030377363
       -0.0020299620   0.0007318560   0.0005627646   0.0024966692   0.0002802303
        0.0002543633  -0.0032886358  -0.0020134817  -0.0002254022  -0.0067858886
        0.0018433870  -0.0007457383  -0.0452161138  -0.0317145754  -0.0173006404
       -0.1575996695  -0.1331890017  -0.0399660123   0.1767412247   0.1550487974
        0.0570302756   0.0354961493   0.0173451987   0.0034718031  -0.0000139897
       -0.0000107037  -0.0000484359  -0.0000396668  -0.0000255976   0.0000199021
       -0.0000173971   0.0000401255   0.0000176429  -0.0001072846  -0.0000364332
        0.0000253057  -0.0000520771  -0.0001213702   0.0000797481   0.0001421745
       -0.0000291553  -0.0001018817  -0.0000383435  -0.0000196050  -0.0000540897
       -0.0000014741   0.0000965981   0.0000314337   0.0000558715  -0.0002594871
        0.0000725036  -0.0009689824  -0.0014294054  -0.0006327897  -0.0003065884
       -0.0007951296  -0.0003036927  -0.0000720970  -0.0002981429  -0.0001824379
        0.0002019644  -0.0001732429  -0.0000207440  -0.0003993865  -0.0017717641
       -0.0007721917  -0.0028206832   0.0016370275   0.0009961807
       -0.0000658791   0.0000196985   0.0000005319   0.0001635401   0.0000069857
        0.0000815739  -0.0000225049   0.0000080297   0.0000028927   0.0000605468
        0.0001258491  -0.0000702060  -0.0002028844   0.0000909794   0.0001121917
        0.0007251305   0.0004327532  -0.0006457351  -0.0002902094  -0.0002556336
        0.0000748942  -0.0001375674   0.0000491185   0.0000441101  -0.0021094975
        0.0010796215   0.0011325109   0.0040240936  -0.0043547041   0.0022907144
       -0.0009275316   0.0007264762  -0.0014140556   0.0011599625   0.0002390903
        0.0000558827  -0.0012729218  -0.0006700361  -0.0012012007  -0.0026438145
        0.0016856631   0.0009003760  -0.0179050755  -0.0170999351   0.0084047107
       -0.0997757819  -0.0406631963  -0.0848662654   0.1298895265   0.0570302756
        0.0577055996  -0.0110279530   0.0018452494   0.0219750821  -0.0000010502
        0.0000050637  -0.0000240908  -0.0000303493  -0.0000195609   0.0000129985
        0.0000006150   0.0000227144  -0.0000006992  -0.0000519257  -0.0000240792
       -0.0000032745  -0.0000219776  -0.0000521761   0.0000310689   0.0000311515
       -0.0000531149  -0.0000749833  -0.0000097267  -0.0000015473  -0.0000472704
        0.0000567346   0.0000501421  -0.0000092071   0.0000944653  -0.0000303819
        0.0000298978   0.0000635915  -0.0001773818  -0.0001093496  -0.0000586571
       -0.0003657401  -0.0000455918  -0.0000339999  -0.0002326280   0.0002896708
        0.0000820132  -0.0000684759   0.0000130364   0.0000835195  -0.0004970165
       -0.0001962405   0.0001544170   0.0011478973  -0.0044495731
       -0.0000580552  -0.0000852030  -0.0000034748  -0.0001155328   0.0001415446
       -0.0000353239  -0.0000021473  -0.0001035015   0.0000258726  -0.0000650867
       -0.0000421112   0.0002653490  -0.0001440484  -0.0005182177  -0.0000254396
        0.0011398311  -0.0006832965  -0.0007119484   0.0001802748   0.0004967486
       -0.0000255569  -0.0003570449  -0.0006242234  -0.0002761608   0.0021266049
       -0.0122705491  -0.0029094402  -0.0130153943   0.0046156220   0.0008999588
        0.0010236916  -0.0040428744  -0.0005889830  -0.0050352212  -0.0001072951
       -0.0001849786   0.0040451725   0.0050664409   0.0018750848   0.0060482696
       -0.0071488524  -0.0014876489   0.0023945922   0.0269221527   0.0055326508
       -0.1733407122   0.0529305775  -0.0060520897  -0.1077402446   0.0354961493
       -0.0110279530   0.3681234385   0.0074408651   0.0498789124   0.0000400688
        0.0000317779   0.0000352540   0.0000179376  -0.0000024234   0.0000155380
        0.0000653690  -0.0000280491  -0.0000123451   0.0000407508   0.0000278097
       -0.0000254426   0.0000006002   0.0000610869  -0.0000295099  -0.0000295468
        0.0001254251   0.0000648502  -0.0000597299   0.0000513182  -0.0000812829
        0.0005260413  -0.0000572111   0.0001595853   0.0001313909   0.0003668127
        0.0003361294  -0.0024927271  -0.0016086005   0.0002100447   0.0000327024
        0.0001070302  -0.0000013602  -0.0000277761   0.0001845826  -0.0001312041
       -0.0001527197   0.0001514181  -0.0000239537   0.0000945684  -0.0011636809
       -0.0005837064  -0.0833953176  -0.1057312726  -0.0350814276
       -0.0000105510   0.0001669343  -0.0000334548   0.0005500684  -0.0000379592
        0.0001217607  -0.0000029992   0.0001121115  -0.0000489685   0.0001768133
        0.0002222505  -0.0001262193  -0.0008812647   0.0001542010   0.0001326119
        0.0019968120  -0.0006515743   0.0000005012  -0.0003914772  -0.0002652637
        0.0000930345   0.0002931715   0.0007566357   0.0002232628  -0.0116955566
       -0.0012440646  -0.0003627816   0.0098118805  -0.0030611632   0.0002094907
        0.0001843446   0.0029991801   0.0004096310   0.0039817974   0.0007423530
        0.0002910937  -0.0017302461  -0.0047881152  -0.0018008477  -0.0074889442
       -0.0013463690  -0.0013995962   0.0271775227  -0.0511904031  -0.0098465388
        0.0798681981  -0.1401341289  -0.0079782185   0.0202680296   0.0173451987
        0.0018452494   0.0074408651   0.4986128922   0.1072350420  -0.0000558949
       -0.0000375264  -0.0000818550  -0.0000595068  -0.0000299012   0.0000021158
       -0.0000581251   0.0000272229   0.0000316310  -0.0001275696  -0.0000970548
        0.0000314371  -0.0000620042  -0.0001915435   0.0001177503   0.0001739210
       -0.0001618889  -0.0000536551   0.0000381360  -0.0000738615  -0.0000324953
       -0.0004163055  -0.0000539727  -0.0000645783  -0.0000478347  -0.0004469013
       -0.0001330964  -0.0055882718  -0.0041373125  -0.0013623774  -0.0001412275
       -0.0001003509  -0.0000149357  -0.0000022662  -0.0003612614   0.0000455140
        0.0003120283  -0.0009733080  -0.0001542982  -0.0002488530   0.0008231824
        0.0004876391  -0.1232646901  -0.3125782379  -0.0877838485
        0.0000001618  -0.0000041078   0.0000304575   0.0000257306  -0.0000375227
       -0.0000126010   0.0000184748  -0.0000152725   0.0000308863   0.0000036926
       -0.0000618079   0.0000222783  -0.0002255803   0.0000621797   0.0000957994
        0.0002142949  -0.0003669375   0.0001789524  -0.0000014049   0.0002156039
       -0.0001020083  -0.0000191843  -0.0001594147   0.0000435181  -0.0020888108
       -0.0008804405   0.0014732614   0.0012167604  -0.0004141062  -0.0007843511
        0.0000330753   0.0004503141   0.0000343465   0.0005349211   0.0000906840
        0.0001995901  -0.0001393776  -0.0005710140  -0.0006272646  -0.0011421801
       -0.0015701263   0.0021135932   0.0054414551  -0.0105476146   0.0049713414
        0.0010894971  -0.0111495720  -0.0543117723  -0.0149748059   0.0034718031
        0.0219750821   0.0498789124   0.1072350420   0.0674772571   0.0000213951
        0.0000112220   0.0000090907  -0.0000211987  -0.0000176600   0.0000049433
        0.0000121272   0.0000039690  -0.0000313604  -0.0000123035  -0.0000156859
        0.0000089602  -0.0000230161  -0.0000392180   0.0000142262   0.0000354489
       -0.0001087139   0.0000073917  -0.0000077594   0.0000004859   0.0000173652
        0.0000934538   0.0000216207  -0.0001462335   0.0002147937   0.0002017514
        0.0002106169  -0.0008434860  -0.0004768855  -0.0017068645  -0.0000178055
       -0.0000109883  -0.0000387973  -0.0000104694  -0.0000569531   0.0000220717
        0.0000582144  -0.0000783896  -0.0003470163  -0.0000237154   0.0000055360
        0.0000404839  -0.0393413114  -0.0851877809  -0.0408732441
       -0.0411480394  -0.0010364485   0.0016747592  -0.0011364541   0.0002850103
       -0.0240367822  -0.0017128419   0.0004192618  -0.0009493942  -0.0001355164
        0.0009262273   0.0005620569   0.0000801110   0.0000880407  -0.0000543179
        0.0002623754   0.0007669734   0.0010772552  -0.0006832539   0.0005468623
       -0.0005620670  -0.0007310848   0.0000382057  -0.0009799078  -0.0001787589
       -0.0001034123   0.0001033992   0.0000966465  -0.0000493163  -0.0000445580
       -0.0000281087   0.0000283187   0.0000417014   0.0000266425  -0.0000068546
       -0.0000040977  -0.0000171663  -0.0000196090  -0.0000060809  -0.0000051788
        0.0000244906   0.0000064136  -0.0000320603  -0.0000625940  -0.0000019510
       -0.0000171047   0.0001043441   0.0000033943   0.0000003492  -0.0000139897
       -0.0000010502   0.0000400688  -0.0000558949   0.0000213951   0.0480649874
       -0.0005810400  -0.0036443559  -0.0028170738   0.0008313466   0.0291731490
        0.0011964237  -0.0009294487  -0.0026893193  -0.0000763155  -0.0001155291
       -0.0001745314  -0.0000953101   0.0000988775  -0.0000788293   0.0000227796
       -0.0001564536  -0.0001748349  -0.0011979046  -0.0010158961   0.0005476643
        0.0003163299  -0.0000837943   0.0003314780  -0.0000840284   0.0000172223
       -0.0000288635  -0.0000123673   0.0000673474  -0.0000687474   0.0000039324
       -0.0000036276  -0.0000277582   0.0000029592  -0.0000028502  -0.0000008710
        0.0000050930  -0.0000015221  -0.0000006426   0.0000044936  -0.0000004700
       -0.0000003571  -0.0000146245  -0.0000037774  -0.0000133490
       -0.0016952605  -0.0393951295  -0.0152569208   0.0033376357  -0.0011624929
        0.0174354831   0.0018168815  -0.0007555840   0.0006943965   0.0003770535
       -0.0010626676  -0.0004288668  -0.0000945060  -0.0000653072   0.0000296005
       -0.0000264808  -0.0004112772  -0.0003653414  -0.0007025886   0.0000870863
        0.0005182293  -0.0003783963   0.0003341416  -0.0002831346   0.0000390917
       -0.0000431186  -0.0000113816  -0.0000682692   0.0000475059   0.0000209528
        0.0000259154  -0.0000085556  -0.0000142042  -0.0000093211   0.0000013709
        0.0000003924   0.0000030890  -0.0000080768  -0.0000031132  -0.0000084695
        0.0000101359   0.0000022596   0.0000163709  -0.0000177566  -0.0000051374
       -0.0000352165   0.0000516691   0.0000027601   0.0000090569  -0.0000107037
        0.0000050637   0.0000317779  -0.0000375264   0.0000112220  -0.0005810400
        0.0467763850   0.0168602925  -0.0019250209   0.0012040764   0.0132230159
        0.0005712348  -0.0055590022  -0.0332675621   0.0000196418   0.0002002335
        0.0002027844   0.0000722223  -0.0000621564   0.0000842181  -0.0000285862
        0.0000878423   0.0001369908  -0.0010511251  -0.0001175630   0.0003818063
        0.0002137354  -0.0000366071  -0.0000735430   0.0001039816  -0.0000539643
        0.0001141041  -0.0000234773   0.0000129615  -0.0000134456   0.0000019606
        0.0000012020   0.0000134983   0.0000032511  -0.0000037965  -0.0000007704
       -0.0000035719  -0.0000011295  -0.0000008129  -0.0000030221  -0.0000022588
       -0.0000004777  -0.0000085482   0.0000000634  -0.0000123585
        0.0055998111  -0.0172904889  -0.2764950879  -0.0060769313   0.0044399989
       -0.0155982897  -0.0016398177  -0.0002088199  -0.0004566348  -0.0002690551
        0.0006580243   0.0005994366   0.0001549671  -0.0000547590   0.0000573889
        0.0004144684   0.0003951852   0.0002426464   0.0008230848   0.0012338626
       -0.0003877859   0.0008263544  -0.0003907805   0.0002994417  -0.0002717564
        0.0000136813   0.0002067870   0.0002804781  -0.0001969302  -0.0000855775
       -0.0000584843   0.0000815723   0.0000546669   0.0000879948  -0.0000319426
       -0.0000112509  -0.0000361636  -0.0000444812  -0.0000145282  -0.0000049824
        0.0000474172   0.0000106075  -0.0000851013  -0.0001307327  -0.0000173653
        0.0000558787   0.0002127639   0.0000432827  -0.0000739186  -0.0000484359
       -0.0000240908   0.0000352540  -0.0000818550   0.0000090907  -0.0036443559
        0.0168602925   0.3209890527   0.0038388497  -0.0000692044  -0.0158055449
        0.0005826601  -0.0046293946  -0.0136842226  -0.0000655872  -0.0002558047
       -0.0002100005  -0.0000361857   0.0001006911  -0.0000581725  -0.0000136107
       -0.0000801350  -0.0001353077  -0.0005772086  -0.0003997247   0.0006035924
       -0.0001425836  -0.0001651543  -0.0001867709   0.0002865233  -0.0000330025
        0.0001594152   0.0000082995   0.0000542705  -0.0000783858   0.0000048087
        0.0000080282  -0.0000176504   0.0000034031   0.0000049935   0.0000034971
        0.0000007233   0.0000016194   0.0000000472   0.0000013105  -0.0000016514
       -0.0000005845  -0.0000091273   0.0000008966  -0.0000117020
       -0.2225809877  -0.0790596010   0.0711116241  -0.0269999091  -0.0066202824
        0.0062002922   0.0008942292  -0.0017342531   0.0011194257   0.0000617595
       -0.0004203747   0.0001792746   0.0003037240  -0.0000850524   0.0000737115
       -0.0005427089  -0.0006554313   0.0002652523  -0.0040670965   0.0026907178
       -0.0019568176   0.0000111788   0.0003977619  -0.0001584126  -0.0008096557
        0.0003501047  -0.0001504599   0.0002731288  -0.0002851091  -0.0000738196
       -0.0000756843   0.0001308051   0.0000209561   0.0000906535  -0.0000302478
       -0.0000093095  -0.0000516343  -0.0000434025  -0.0000189749  -0.0000179894
        0.0000450464   0.0000125378  -0.0001356927  -0.0001075078  -0.0000174022
        0.0000800472   0.0001926294   0.0000739980  -0.0000748841  -0.0000396668
       -0.0000303493   0.0000179376  -0.0000595068  -0.0000211987  -0.0028170738
       -0.0019250209   0.0038388497   0.2599712878   0.0905811372  -0.0814674860
       -0.0043206574  -0.0046463156   0.0017394615   0.0004812443   0.0010476303
       -0.0005863195   0.0001233438  -0.0000241947   0.0000287458   0.0000155844
        0.0000480981  -0.0000024300  -0.0000604302   0.0000486201  -0.0001588170
        0.0000614052   0.0001176125  -0.0000020542   0.0000935776   0.0000359988
       -0.0000376424   0.0000740959   0.0000862005   0.0000222028   0.0000038253
       -0.0000279618   0.0000018320   0.0000024110  -0.0000012976   0.0000025753
        0.0000072245  -0.0000011352  -0.0000006756   0.0000034226   0.0000005663
        0.0000004774  -0.0000156767  -0.0000065677   0.0000009522
       -0.0797074401  -0.0790097750   0.0305416197   0.0116184840   0.0053754505
       -0.0047311995   0.0023356309   0.0004935075  -0.0003236613  -0.0000991570
        0.0000330527  -0.0000872445   0.0000292856   0.0000258575  -0.0000194010
        0.0007019127   0.0003192584   0.0001696999   0.0021883022  -0.0012809817
        0.0016457301  -0.0004040465   0.0000007037   0.0003058351  -0.0000118570
       -0.0000852676   0.0000088945   0.0001652870  -0.0000766251   0.0000029953
       -0.0000150250   0.0000442483   0.0000060615   0.0000414427  -0.0000090711
       -0.0000029410  -0.0000151668  -0.0000169753  -0.0000074338  -0.0000011568
        0.0000209005   0.0000016348  -0.0000209384  -0.0000617537  -0.0000221397
        0.0000568317   0.0000834204   0.0000406095  -0.0000678789  -0.0000255976
       -0.0000195609  -0.0000024234  -0.0000299012  -0.0000176600   0.0008313466
        0.0012040764  -0.0000692044   0.0905811372   0.0897865258  -0.0382528329
       -0.0281102172  -0.0160900532   0.0105101373   0.0001537873  -0.0008035229
        0.0005963393  -0.0000310351   0.0000437643  -0.0000408275  -0.0000557408
        0.0000127852  -0.0000182471  -0.0002404144  -0.0001195236  -0.0003012288
        0.0001383893   0.0000912490   0.0001128340  -0.0000777055   0.0000610948
       -0.0000502744   0.0000274471  -0.0000150866   0.0000052645  -0.0000019988
        0.0000130876   0.0000063162  -0.0000009316   0.0000070062   0.0000030446
       -0.0000076034   0.0000032983   0.0000009121  -0.0000053415  -0.0000026090
       -0.0000008580   0.0000067939   0.0000074563   0.0000067863
        0.0717932035   0.0302047345  -0.0713431134  -0.0093602420  -0.0034323616
        0.0035120248  -0.0015824602  -0.0004317591   0.0000958397   0.0000526815
       -0.0000438245   0.0000282858  -0.0000569115  -0.0000418007   0.0000593989
       -0.0006500888   0.0000335032   0.0000778003  -0.0015116815   0.0018653333
       -0.0003287010   0.0003803689   0.0001016412   0.0000630410   0.0000199425
       -0.0000351302  -0.0000809920  -0.0001566776   0.0000918191  -0.0000213001
        0.0000253726  -0.0000433209  -0.0000077679  -0.0000348827   0.0000112836
        0.0000047964   0.0000122120   0.0000105730   0.0000048796  -0.0000080440
       -0.0000086620   0.0000034720   0.0000290497   0.0000321306   0.0000141087
       -0.0000593090  -0.0000426305  -0.0000242653   0.0000560444   0.0000199021
        0.0000129985   0.0000155380   0.0000021158   0.0000049433   0.0291731490
        0.0132230159  -0.0158055449  -0.0814674860  -0.0382528329   0.0804910324
       -0.0066139414  -0.0034881328   0.0032284325  -0.0000936738   0.0005003480
       -0.0001727634   0.0000180961  -0.0000471982   0.0000165632   0.0000349040
       -0.0000192059   0.0000089733  -0.0000905068  -0.0001858821   0.0000726618
        0.0000436461  -0.0000147180   0.0000241126   0.0000494156   0.0000049105
        0.0000770886  -0.0000203799   0.0000037622  -0.0000051136   0.0000021895
       -0.0000042848  -0.0000063948   0.0000016329  -0.0000069926  -0.0000027120
        0.0000033594  -0.0000033942  -0.0000015890   0.0000038226  -0.0000000512
        0.0000007159  -0.0000083428  -0.0000028910  -0.0000009123
       -0.0434320239  -0.0159032473  -0.0029354654   0.0002304066   0.0232410775
        0.0048525865  -0.0022583788   0.0013823607  -0.0004387358   0.0000097206
       -0.0000257791  -0.0011446110   0.0001869731   0.0002058039  -0.0001047554
        0.0005083354  -0.0006999582  -0.0005280532  -0.0004770615   0.0013189594
       -0.0004745646  -0.0000258981   0.0002257711   0.0006525391  -0.0000898808
       -0.0000410373   0.0000741914   0.0000648069  -0.0000262930   0.0000056930
       -0.0000015529   0.0000202695   0.0000249685   0.0000142440  -0.0000117906
       -0.0000071400  -0.0000184489  -0.0000277795  -0.0000103122  -0.0000100838
        0.0000272625   0.0000047541  -0.0000074370  -0.0000583878  -0.0000083229
       -0.0000574861   0.0001073049   0.0000093004   0.0000281903  -0.0000173971
        0.0000006150   0.0000653690  -0.0000581251   0.0000121272   0.0011964237
        0.0005712348   0.0005826601  -0.0043206574  -0.0281102172  -0.0066139414
        0.0499012105   0.0179095333   0.0054003104  -0.0001008797   0.0001421332
        0.0000987210  -0.0001394439   0.0001272426  -0.0001291493  -0.0000029886
        0.0000711668   0.0001457753  -0.0009135491   0.0001858389   0.0011107921
       -0.0004409536  -0.0004781269  -0.0003573102   0.0001622627  -0.0000984809
       -0.0001505904  -0.0000706960   0.0000563939  -0.0000428568   0.0000144902
       -0.0000146609  -0.0000139246   0.0000068000  -0.0000081219  -0.0000016320
        0.0000052505  -0.0000033394  -0.0000007203   0.0000041468  -0.0000002918
        0.0000004261  -0.0000312102  -0.0000093193  -0.0000133747
       -0.0179649066  -0.2635745074  -0.0631522522   0.0050501504  -0.0204828585
       -0.0003706593   0.0024723055  -0.0011930954   0.0002153206   0.0000311807
        0.0002068704   0.0011357263  -0.0001124420   0.0001492639  -0.0000839438
       -0.0003740912   0.0000166794   0.0005709272  -0.0011965812  -0.0002772124
        0.0005705421  -0.0004244031   0.0004786280   0.0001773556   0.0001486653
       -0.0000388369  -0.0001393751  -0.0002558425   0.0001577511   0.0000329387
        0.0000523987  -0.0000751752  -0.0000330402  -0.0000780869   0.0000295356
        0.0000085677   0.0000461022   0.0000498431   0.0000205674   0.0000088139
       -0.0000427523  -0.0000068679   0.0000602293   0.0001073232   0.0000231933
       -0.0000427596  -0.0001350580  -0.0000454691   0.0000512181   0.0000401255
        0.0000227144  -0.0000280491   0.0000272229   0.0000039690  -0.0009294487
       -0.0055590022  -0.0046293946  -0.0046463156  -0.0160900532  -0.0034881328
        0.0179095333   0.3060365227   0.0702654606   0.0001850535   0.0000014407
       -0.0003900727   0.0000944738  -0.0001266671   0.0001137898   0.0000435973
       -0.0001090993  -0.0001362709  -0.0000322004   0.0002537745  -0.0004773453
        0.0001728829   0.0001175708  -0.0000841719  -0.0002445891   0.0000397350
       -0.0001569979   0.0000382499  -0.0000080708   0.0000322656  -0.0000252950
       -0.0000095827   0.0000005129  -0.0000104464  -0.0000013751  -0.0000022817
       -0.0000047245  -0.0000021227   0.0000006620  -0.0000026312  -0.0000003242
       -0.0000003782   0.0000079581   0.0000135065   0.0000021402
       -0.0026836036  -0.0614614328  -0.0561411231  -0.0013771308   0.0125514922
        0.0024649820  -0.0014794218   0.0009306010  -0.0005124967  -0.0003212966
        0.0002111676  -0.0009031398   0.0001279606   0.0000850388  -0.0000576974
       -0.0000855030  -0.0001702676  -0.0003210403   0.0004984480   0.0000377834
        0.0006666592   0.0000720410   0.0002955709   0.0003006785   0.0001285979
        0.0000249245  -0.0000681409  -0.0000527028   0.0000437978   0.0000196597
        0.0000135136  -0.0000238955  -0.0000065576  -0.0000269570   0.0000104801
        0.0000030611   0.0000104597   0.0000136520   0.0000040920   0.0000044774
       -0.0000161081  -0.0000039687   0.0000208229   0.0000399506   0.0000010627
       -0.0000092740  -0.0000655846   0.0000046944   0.0000212357   0.0000176429
       -0.0000006992  -0.0000123451   0.0000316310  -0.0000313604  -0.0026893193
       -0.0332675621  -0.0136842226   0.0017394615   0.0105101373   0.0032284325
        0.0054003104   0.0702654606   0.0657239846  -0.0000566478   0.0000555364
        0.0001675363  -0.0000843540   0.0000718525  -0.0000541586   0.0000099188
        0.0000674255   0.0000930050   0.0008748567  -0.0003477802  -0.0009134466
        0.0001288243   0.0000986048   0.0001043625  -0.0001804515   0.0000261131
       -0.0001534267   0.0000114705  -0.0000264402   0.0000532293  -0.0000014666
       -0.0000030674  -0.0000019307  -0.0000011406  -0.0000012236  -0.0000010123
        0.0000007316  -0.0000001450  -0.0000000076   0.0000006037   0.0000007274
        0.0000005435  -0.0000021199  -0.0000060832   0.0000184461
        0.0014045864   0.0018040381  -0.0010218074  -0.0099188099  -0.0042700137
        0.0023819416  -0.2698012918  -0.0715127117   0.0358679641  -0.0254047251
       -0.0061192296   0.0028043338  -0.0029773171   0.0027075817  -0.0026030878
        0.0012432683   0.0005154991  -0.0002401790   0.0004049948  -0.0013681562
        0.0005421277  -0.0005151234  -0.0000428947   0.0000298125  -0.0007014163
        0.0002898333   0.0001797679   0.0006456857  -0.0004458341  -0.0000975460
       -0.0001189044   0.0002266753   0.0001246842   0.0001948579  -0.0000772802
       -0.0000305722  -0.0001086131  -0.0001069699  -0.0000429784  -0.0000334129
        0.0001087166   0.0000223783  -0.0001628361  -0.0002350612  -0.0000505883
        0.0001438685   0.0003864759   0.0001142244  -0.0001560781  -0.0001072846
       -0.0000519257   0.0000407508  -0.0001275696  -0.0000123035  -0.0000763155
        0.0000196418  -0.0000655872   0.0004812443   0.0001537873  -0.0000936738
       -0.0001008797   0.0001850535  -0.0000566478   0.3061343623   0.0787199591
       -0.0381861273   0.0007626344  -0.0002835596   0.0004152461  -0.0014309838
       -0.0003451416   0.0000483102   0.0000452553   0.0000353513   0.0000197263
       -0.0000221864  -0.0000535108  -0.0000121973  -0.0000331192  -0.0001284460
        0.0001064981   0.0000717412   0.0001298960  -0.0000445256   0.0000187247
       -0.0000619651  -0.0000466303   0.0000016400   0.0000054824   0.0000087689
       -0.0000017218   0.0000007192   0.0000013354  -0.0000023064  -0.0000025716
        0.0000011733  -0.0000275735  -0.0000005107  -0.0000119151
       -0.0015864702  -0.0001685006  -0.0014713141  -0.0228670699  -0.0083802095
        0.0048710017  -0.0715504949  -0.0629447708   0.0163935638   0.0140660190
        0.0040376528  -0.0018725319   0.0023090738   0.0013474366   0.0043437935
        0.0005890591  -0.0002511403   0.0005157543  -0.0008957745  -0.0014008953
        0.0058330786  -0.0012426208  -0.0004063570   0.0002728996  -0.0000360887
       -0.0004375926  -0.0007833172   0.0002186908  -0.0000326639  -0.0000700791
       -0.0000750183   0.0000956035   0.0000111666   0.0001047228  -0.0000222927
        0.0000137580  -0.0000530663  -0.0000521805  -0.0000242310  -0.0000365460
        0.0000766632   0.0000313732  -0.0000047042  -0.0001250178  -0.0000131464
        0.0000296338   0.0001694478   0.0000639096  -0.0000606329  -0.0000364332
       -0.0000240792   0.0000278097  -0.0000970548  -0.0000156859  -0.0001155291
        0.0002002335  -0.0002558047   0.0010476303  -0.0008035229   0.0005003480
        0.0001421332   0.0000014407   0.0000555364   0.0787199591   0.0695345564
       -0.0270650662   0.0007959124  -0.0002784638  -0.0015315021   0.0007571720
        0.0002084321   0.0000507856  -0.0000417484   0.0000680990  -0.0000585598
       -0.0000444446  -0.0000450008   0.0000328541  -0.0001356717  -0.0003065431
        0.0001915249  -0.0000237830   0.0000545716  -0.0000044632  -0.0000209544
       -0.0000066577   0.0000089094  -0.0000023543  -0.0000011322   0.0000055578
       -0.0000020919  -0.0000019472  -0.0000040605   0.0000021331  -0.0000045075
        0.0000007588  -0.0000148848   0.0000087468  -0.0000027328
        0.0010415302  -0.0013745283  -0.0013865574   0.0154194739   0.0061094899
       -0.0026851921   0.0360624033   0.0162453627  -0.0418854301  -0.0113576770
       -0.0028778119   0.0015844677  -0.0023922839   0.0043132637   0.0042469643
       -0.0003408824   0.0003181827   0.0001225989   0.0002429038   0.0059346283
        0.0031852440   0.0008608648   0.0002071408  -0.0002433257   0.0004231441
       -0.0007808721  -0.0009158545  -0.0000896143   0.0002549111  -0.0001630995
       -0.0000463544  -0.0000422017   0.0000700367   0.0000103758  -0.0000100046
        0.0000294095  -0.0000181638  -0.0000258402  -0.0000186428  -0.0000288192
        0.0000360307   0.0000400537   0.0001263297   0.0000161330   0.0000420742
       -0.0000243964  -0.0000912853  -0.0000254106   0.0000362787   0.0000253057
       -0.0000032745  -0.0000254426   0.0000314371   0.0000089602  -0.0001745314
        0.0002027844  -0.0002100005  -0.0005863195   0.0005963393  -0.0001727634
        0.0000987210  -0.0003900727   0.0001675363  -0.0381861273  -0.0270650662
        0.0397785282  -0.0003762003  -0.0016573645  -0.0014615819  -0.0005490452
       -0.0000128391   0.0000932486   0.0000287809  -0.0000332977   0.0000391988
       -0.0000211605   0.0000180519  -0.0000113702   0.0000447894   0.0001529496
       -0.0001394063  -0.0001647100  -0.0000913031  -0.0000504930  -0.0000152761
        0.0000100450  -0.0000366243   0.0000011171  -0.0000090124   0.0000034831
       -0.0000004008   0.0000006436  -0.0000103860   0.0000021854  -0.0000020894
        0.0000048560  -0.0000014928  -0.0000091103   0.0000027524
        0.0001011986   0.0009408210  -0.0005824346  -0.0027676857   0.0022300812
       -0.0021731535   0.0036726441   0.0176706591  -0.0122224597  -0.0534567986
       -0.0403672122   0.0270816965  -0.0075322106  -0.0234888497   0.0163953801
       -0.0044104560  -0.0014428096   0.0000701623  -0.0006333112   0.0002100688
       -0.0002068666   0.0001357190   0.0000391132   0.0000709796  -0.0011085954
       -0.0012862652   0.0008495190   0.0005424036  -0.0004324595  -0.0000809757
       -0.0000625331   0.0001920419   0.0000565766   0.0001110890  -0.0000487074
       -0.0000330547  -0.0000817105  -0.0000421696  -0.0000177418  -0.0000139571
        0.0000499011  -0.0000006817  -0.0001372435  -0.0001087246  -0.0000506793
        0.0001126086   0.0001975695   0.0000651721  -0.0000970408  -0.0000520771
       -0.0000219776   0.0000006002  -0.0000620042  -0.0000230161  -0.0000953101
        0.0000722223  -0.0000361857   0.0001233438  -0.0000310351   0.0000180961
       -0.0001394439   0.0000944738  -0.0000843540   0.0007626344   0.0007959124
       -0.0003762003   0.0645876634   0.0455060631  -0.0294709770   0.0007061529
       -0.0004932654   0.0006539872  -0.0000057795  -0.0000114120   0.0000371649
       -0.0000245892   0.0000101531  -0.0000209783  -0.0000044969   0.0000124470
       -0.0000275028  -0.0002551887  -0.0000224540   0.0001373829   0.0000146184
       -0.0001297045  -0.0000148003  -0.0000099176   0.0000125036   0.0000077817
       -0.0000012610   0.0000018804   0.0000052246  -0.0000011055   0.0000027413
       -0.0000014883  -0.0000320411  -0.0000195025  -0.0000035956
       -0.0001666759  -0.0008655868   0.0004496309   0.0029204930   0.0017153497
        0.0044072997  -0.0018977960  -0.0152557076   0.0110228035  -0.0409988316
       -0.2075504567   0.1197180693  -0.0036062528  -0.0092682535   0.0067091663
       -0.0020447116   0.0031880288   0.0031757819   0.0001770569   0.0006948091
       -0.0004042934   0.0000283565  -0.0004984743  -0.0007946983  -0.0007875226
       -0.0003975103   0.0002916563   0.0006128987  -0.0004504765  -0.0000127863
       -0.0000676970   0.0002460595   0.0000022136   0.0002002278  -0.0000385252
       -0.0000382548  -0.0000761202  -0.0000779574  -0.0000228448  -0.0000247260
        0.0000924139   0.0000065012  -0.0001991854  -0.0002614623  -0.0000923630
        0.0001396714   0.0004414629   0.0001423625  -0.0001942527  -0.0001213702
       -0.0000521761   0.0000610869  -0.0001915435  -0.0000392180   0.0000988775
       -0.0000621564   0.0001006911  -0.0000241947   0.0000437643  -0.0000471982
        0.0001272426  -0.0001266671   0.0000718525  -0.0002835596  -0.0002784638
       -0.0016573645   0.0455060631   0.2292265725  -0.1414342183   0.0005892483
       -0.0002577888  -0.0016337699   0.0000534963   0.0000892856  -0.0000392766
       -0.0000409073  -0.0002077448   0.0000886510  -0.0000291400   0.0000814158
       -0.0000427365   0.0000149156   0.0001389910   0.0000633479  -0.0000496903
       -0.0000704012   0.0000459415  -0.0000047772   0.0000134871   0.0000053779
       -0.0000064465  -0.0000021399   0.0000114399  -0.0000040316  -0.0000062991
       -0.0000010711  -0.0000231153   0.0000173452  -0.0000005172
        0.0000671489   0.0006013692  -0.0005383445  -0.0024593966   0.0044403898
        0.0043050676   0.0022194341   0.0117678919  -0.0074431963   0.0264646241
        0.1200253499  -0.1164854220   0.0025379563   0.0053093563  -0.0032781721
       -0.0000299572   0.0030844771   0.0057917254  -0.0002063326  -0.0004519247
        0.0003684914   0.0000712502  -0.0007923079  -0.0010196790   0.0010369044
        0.0004307793  -0.0002060123  -0.0005461594   0.0003920738   0.0000330380
        0.0001344038  -0.0001800351  -0.0000171777  -0.0001464163   0.0000601217
        0.0000004314   0.0000715203   0.0000666767   0.0000290856   0.0000123658
       -0.0000880599  -0.0000149610   0.0001136254   0.0001747043   0.0000230288
       -0.0001058281  -0.0002931684  -0.0000974456   0.0001266825   0.0000797481
        0.0000310689  -0.0000295099   0.0001177503   0.0000142262  -0.0000788293
        0.0000842181  -0.0000581725   0.0000287458  -0.0000408275   0.0000165632
       -0.0001291493   0.0001137898  -0.0000541586   0.0004152461  -0.0015315021
       -0.0014615819  -0.0294709770  -0.1414342183   0.1215710084  -0.0001499543
       -0.0018306729  -0.0014472221   0.0000171270   0.0000835572  -0.0000844327
       -0.0000650495  -0.0002400252   0.0001814631   0.0000242078   0.0000815491
       -0.0000932859   0.0000731857  -0.0000828038  -0.0000745653  -0.0000304502
        0.0000707109   0.0000024721   0.0000080481  -0.0000115891  -0.0000099294
        0.0000055360  -0.0000040765   0.0000018724   0.0000035589   0.0000025559
        0.0000015126   0.0000164383  -0.0000058581   0.0000127037
        0.0001100930   0.0001302152   0.0000623944   0.0001651669  -0.0005739848
        0.0004130174  -0.0049740504  -0.0026299993   0.0007592272  -0.0245876711
        0.0142698739  -0.0123625628  -0.1877296858   0.0951495435  -0.0861592337
        0.0018965368  -0.0002685900   0.0004558095   0.0006289842  -0.0012038451
        0.0002166634   0.0000487414  -0.0001492196   0.0000817788   0.0010762465
       -0.0002202762   0.0009556075  -0.0001540236  -0.0005015421   0.0001145447
       -0.0004193696   0.0003894880   0.0014059036  -0.0002610561   0.0001143168
        0.0000651741  -0.0001754276  -0.0000275369  -0.0001360090  -0.0001392968
        0.0000810095   0.0000515779   0.0001246237   0.0000834236  -0.0001899624
       -0.0000265774  -0.0003214266  -0.0001047868   0.0001398577   0.0001421745
        0.0000311515  -0.0000295468   0.0001739210   0.0000354489   0.0000227796
       -0.0000285862  -0.0000136107   0.0000155844  -0.0000557408   0.0000349040
       -0.0000029886   0.0000435973   0.0000099188  -0.0014309838   0.0007571720
       -0.0005490452   0.0007061529   0.0005892483  -0.0001499543   0.2151666878
       -0.1056443220   0.0943368088   0.0000102237  -0.0000161308   0.0000071881
       -0.0000122628   0.0000139676   0.0000174260   0.0000414833  -0.0000115855
       -0.0000184710  -0.0001132322  -0.0001321591  -0.0001074432  -0.0001636648
       -0.0000995206   0.0007549555   0.0000391703  -0.0000116894  -0.0000227656
        0.0000152847   0.0000061163  -0.0000199378   0.0000204720  -0.0000059843
        0.0000261280  -0.0000082516  -0.0000419281  -0.0000018455
        0.0000203727  -0.0004114780  -0.0008321511  -0.0005443279  -0.0000291717
       -0.0000000972  -0.0020683422   0.0028283598   0.0034766214  -0.0052296341
        0.0041417534  -0.0033446856   0.0944322538  -0.1036578062   0.0618130428
        0.0192077432  -0.0139682935   0.0124980429  -0.0018303122  -0.0012998667
        0.0057199931   0.0009945406  -0.0007763651   0.0006004423   0.0007552547
        0.0001664493  -0.0025562840   0.0001710558  -0.0000144424   0.0002241410
       -0.0001732936   0.0003057776  -0.0005220094   0.0001438296   0.0000659612
        0.0000859134   0.0000518746   0.0000058392   0.0000262194   0.0000507072
        0.0000234784   0.0000060796  -0.0003432786  -0.0003896896  -0.0000957190
        0.0000453352   0.0002744194   0.0001983333  -0.0001375644  -0.0000291553
       -0.0000531149   0.0001254251  -0.0001618889  -0.0001087139  -0.0001564536
        0.0000878423  -0.0000801350   0.0000480981   0.0000127852  -0.0000192059
        0.0000711668  -0.0001090993   0.0000674255  -0.0003451416   0.0002084321
       -0.0000128391  -0.0004932654  -0.0002577888  -0.0018306729  -0.1056443220
        0.1127534291  -0.0750747326  -0.0000286441  -0.0003094293   0.0002067854
        0.0000179864  -0.0000721931   0.0000517556   0.0000689732   0.0000723679
       -0.0000637087   0.0001802694   0.0002220434   0.0001535576   0.0004692718
        0.0004086465  -0.0005141813   0.0000670955  -0.0000828104  -0.0000272889
        0.0000235737  -0.0000151180  -0.0000122767   0.0000331130  -0.0000285101
       -0.0000123718   0.0000166393   0.0000355217   0.0000318345
       -0.0000140210  -0.0007345273  -0.0010539660   0.0006281502  -0.0000855041
        0.0001069724   0.0004103341   0.0031943818   0.0054338027   0.0019518114
       -0.0011313895   0.0013731179  -0.0862161773   0.0611253973  -0.0855469727
       -0.0132557639   0.0103416262  -0.0078751787   0.0007562934   0.0055530645
        0.0030670623  -0.0007479154   0.0004535283  -0.0004268219   0.0000985426
       -0.0019321612  -0.0006506873   0.0003136512   0.0009143157  -0.0005472662
        0.0004784308  -0.0002951943  -0.0003174354   0.0004010758  -0.0001721882
       -0.0000018462  -0.0001853348  -0.0002180576  -0.0000756979  -0.0001629233
        0.0002142847   0.0001010002   0.0002979279  -0.0001906630   0.0000500668
       -0.0000275631   0.0001952450   0.0000316325  -0.0000750418  -0.0001018817
       -0.0000749833   0.0000648502  -0.0000536551   0.0000073917  -0.0001748349
        0.0001369908  -0.0001353077  -0.0000024300  -0.0000182471   0.0000089733
        0.0001457753  -0.0001362709   0.0000930050   0.0000483102   0.0000507856
        0.0000932486   0.0006539872  -0.0016337699  -0.0014472221   0.0943368088
       -0.0750747326   0.0900480738   0.0000801319   0.0001608808  -0.0001149156
        0.0000206173   0.0000431848  -0.0000113223  -0.0000150988  -0.0000412127
        0.0000225451  -0.0003832095  -0.0003110220  -0.0000816342   0.0007185718
       -0.0002155044  -0.0020734542  -0.0000339400  -0.0000085193   0.0000205359
       -0.0000458191   0.0000012062  -0.0000188862  -0.0000299848  -0.0000046085
       -0.0000056889  -0.0000352126  -0.0000257824   0.0000018585
       -0.0012552294  -0.0004359572   0.0019839083  -0.0001638220  -0.0003527266
        0.0007349757  -0.0001074277  -0.0000155877  -0.0002789341  -0.0000131876
       -0.0001132819   0.0000645580   0.0001667961  -0.0000878265  -0.0001486703
       -0.0004134478  -0.0014126498   0.0002887774   0.0040116366   0.0033163337
        0.0012203371  -0.1614538972   0.0187337117  -0.1211181010  -0.0005398282
        0.0008922025  -0.0007421276   0.0005745272  -0.0003527715  -0.0000872163
       -0.0000922605   0.0001305151   0.0000576277   0.0000765150  -0.0000022558
        0.0000113234  -0.0000356355   0.0000010123   0.0000012778   0.0000149055
       -0.0000006917  -0.0000028030  -0.0001010366  -0.0000826705  -0.0000216302
        0.0002359992   0.0000804910   0.0000429469  -0.0001549606  -0.0000383435
       -0.0000097267  -0.0000597299   0.0000381360  -0.0000077594  -0.0011979046
       -0.0010511251  -0.0005772086  -0.0000604302  -0.0002404144  -0.0000905068
       -0.0009135491  -0.0000322004   0.0008748567   0.0000452553  -0.0000417484
        0.0000287809  -0.0000057795   0.0000534963   0.0000171270   0.0000102237
       -0.0000286441   0.0000801319   0.1883611094  -0.0213136755   0.1405725904
       -0.0014557012  -0.0010051038  -0.0030574302  -0.0256926174   0.0031312284
       -0.0200086898   0.0002518019   0.0001791034   0.0001954123  -0.0000159087
        0.0000123244  -0.0000101202  -0.0000082401   0.0000151187   0.0000020274
       -0.0000018423   0.0000065617   0.0000004608  -0.0000048383   0.0000020933
       -0.0000021950  -0.0000014953   0.0000153460  -0.0000140006
        0.0000042124   0.0001198448   0.0007592141   0.0009204522   0.0006773206
        0.0000152536   0.0003291850  -0.0002440721  -0.0003988732   0.0001254897
        0.0001414332  -0.0000611026   0.0007518714  -0.0010605195   0.0000022505
       -0.0011846079  -0.0032254585   0.0031523250   0.0163032178  -0.0068409502
        0.0200209548   0.0196827035  -0.0430222420   0.0194403309  -0.0004069541
        0.0000219327   0.0001361565  -0.0000763796   0.0000444536   0.0000230653
        0.0000024737   0.0000240411  -0.0000187224   0.0000211577   0.0000071590
        0.0000057600  -0.0000115211  -0.0000090348  -0.0000043656  -0.0000132560
        0.0000103473   0.0000005312  -0.0000126623  -0.0000281640  -0.0000215821
       -0.0000279847   0.0000752164   0.0000131125  -0.0000481518  -0.0000196050
       -0.0000015473   0.0000513182  -0.0000738615   0.0000004859  -0.0010158961
       -0.0001175630  -0.0003997247   0.0000486201  -0.0001195236  -0.0001858821
        0.0001858389   0.0002537745  -0.0003477802   0.0000353513   0.0000680990
       -0.0000332977  -0.0000114120   0.0000892856   0.0000835572  -0.0000161308
       -0.0003094293   0.0001608808  -0.0213136755   0.0521453525  -0.0245660705
       -0.0186227635   0.0010113302  -0.0205480743   0.0042105215   0.0004195687
        0.0027596610   0.0001202410  -0.0001047928  -0.0000193114  -0.0000029211
        0.0000150648   0.0000353125  -0.0000043443   0.0000083907   0.0000024410
       -0.0000117067   0.0000043340   0.0000016497  -0.0000126734   0.0000006574
       -0.0000007566   0.0000003864   0.0000376100  -0.0000058521
        0.0001576876  -0.0005098775   0.0006998926  -0.0013311917   0.0005466865
        0.0000366982  -0.0003254883  -0.0001323648   0.0004147984  -0.0001174213
       -0.0000988642   0.0000464063  -0.0004565686   0.0006335563   0.0002958521
        0.0007268544   0.0022229405  -0.0021360705  -0.0118562098   0.0059357377
       -0.0143302202  -0.1210918310   0.0195004332  -0.1670441552   0.0003655177
        0.0001377277   0.0004807236   0.0003584497  -0.0002139610  -0.0001742690
       -0.0000624796   0.0000966032   0.0000435158   0.0000731337  -0.0000343984
       -0.0000083717  -0.0000170537  -0.0000314948  -0.0000114254   0.0000315339
        0.0000168331   0.0000094141  -0.0001115169  -0.0000940565   0.0000090047
        0.0002032061   0.0001183661   0.0000295996  -0.0001578864  -0.0000540897
       -0.0000472704  -0.0000812829  -0.0000324953   0.0000173652   0.0005476643
        0.0003818063   0.0006035924  -0.0001588170  -0.0003012288   0.0000726618
        0.0011107921  -0.0004773453  -0.0009134466   0.0000197263  -0.0000585598
        0.0000391988   0.0000371649  -0.0000392766  -0.0000844327   0.0000071881
        0.0002067854  -0.0001149156   0.1405725904  -0.0245660705   0.1910929033
       -0.0164872970  -0.0018183940  -0.0176024375   0.0077944514  -0.0012342016
        0.0086891620   0.0002043879  -0.0001639918  -0.0001101330   0.0000160513
        0.0000086972  -0.0000175529   0.0000062681   0.0000135314   0.0000062824
       -0.0000075639   0.0000114714  -0.0000004789  -0.0000073069  -0.0000067545
       -0.0000020001   0.0000372470   0.0000362490   0.0000101084
        0.0002531135  -0.0005211663   0.0001807770  -0.0004041903  -0.0006589875
        0.0007348858  -0.0001401456   0.0001820999   0.0004855723  -0.0000183426
       -0.0000054074  -0.0000104465  -0.0001128015   0.0000976636   0.0001440985
       -0.0002075547   0.0001399862  -0.0006418486   0.0005134211  -0.0061448764
       -0.0028573281  -0.0405423077  -0.0011963237  -0.0012868719   0.0008103120
       -0.0003628509  -0.0000355349  -0.0005072410   0.0002517319   0.0001400804
        0.0001426000  -0.0001939188  -0.0000584052  -0.0001020935   0.0000120310
       -0.0000032798   0.0000391519  -0.0000134305  -0.0000037730  -0.0000755825
        0.0000241096   0.0000072321   0.0002017313   0.0000255763  -0.0000057362
       -0.0004947748   0.0002095692  -0.0000392992   0.0003563951  -0.0000014741
        0.0000567346   0.0005260413  -0.0004163055   0.0000934538   0.0003163299
        0.0002137354  -0.0001425836   0.0000614052   0.0001383893   0.0000436461
       -0.0004409536   0.0001728829   0.0001288243  -0.0000221864  -0.0000444446
       -0.0000211605  -0.0000245892  -0.0000409073  -0.0000650495  -0.0000122628
        0.0000179864   0.0000206173  -0.0014557012  -0.0186227635  -0.0164872970
        0.0447307203   0.0016890336   0.0007629956  -0.0024194609   0.0245771631
        0.0192948021  -0.0005669823   0.0005448117  -0.0002774468  -0.0000307943
       -0.0000453762  -0.0000109173   0.0000054489  -0.0000313955  -0.0000113487
        0.0000148080  -0.0000225863  -0.0000050355   0.0000145696   0.0000035555
        0.0000027541  -0.0004080833   0.0000218888  -0.0001331118
        0.0002181646   0.0001470858  -0.0005639098   0.0014692784  -0.0013381387
        0.0004389759   0.0000972674   0.0004964027   0.0013809115  -0.0001041450
        0.0000859549  -0.0000812250  -0.0001131522   0.0007187483   0.0012958532
       -0.0026483599  -0.0014880578   0.0003985814  -0.0025678167  -0.0291054953
       -0.0074355645  -0.0000673371  -0.1957468716  -0.1150292343   0.0008423538
        0.0001230950  -0.0009509078  -0.0003635356   0.0003611580  -0.0000434044
        0.0000328036  -0.0001042275  -0.0000194679  -0.0001700338   0.0000881924
        0.0000287673   0.0000866848   0.0001238253   0.0000446305  -0.0000020195
       -0.0001028346  -0.0000097292   0.0000543305   0.0002235884   0.0000502993
       -0.0000166010  -0.0003043279  -0.0001031414   0.0000740369   0.0000965981
        0.0000501421  -0.0000572111  -0.0000539727   0.0000216207  -0.0000837943
       -0.0000366071  -0.0001651543   0.0001176125   0.0000912490  -0.0000147180
       -0.0004781269   0.0001175708   0.0000986048  -0.0000535108  -0.0000450008
        0.0000180519   0.0000101531  -0.0002077448  -0.0002400252   0.0000139676
       -0.0000721931   0.0000431848  -0.0010051038   0.0010113302  -0.0018183940
        0.0016890336   0.2302811082   0.1282739925   0.0023061547  -0.0052317457
       -0.0059728422   0.0009372638  -0.0002547375   0.0003611097  -0.0000424206
        0.0000297122   0.0000002808  -0.0000202833   0.0000052737  -0.0000049981
       -0.0000008254  -0.0000046891  -0.0000020241  -0.0000017733   0.0000046581
       -0.0000000245  -0.0001530549   0.0000910926  -0.0000502417
        0.0000228724   0.0002489308   0.0005090583   0.0001185382   0.0008447597
       -0.0002249344   0.0001880400  -0.0003896183  -0.0007838275   0.0000126017
        0.0001258687  -0.0000730446  -0.0000914324  -0.0003243458  -0.0009165620
        0.0003895020   0.0009739885  -0.0005208506   0.0001204916   0.0136936478
        0.0098286287  -0.0007393820  -0.1097926244  -0.1176585321  -0.0000503845
        0.0003067217   0.0002875397  -0.0000985835   0.0000144910   0.0000067090
        0.0000021396   0.0000095094   0.0000502187  -0.0000151162   0.0000037846
        0.0000143281  -0.0000121367   0.0000046669   0.0000044286  -0.0000005278
        0.0000056274  -0.0000022410  -0.0000217337  -0.0000033124  -0.0000226538
       -0.0000742739  -0.0000056447   0.0000409139   0.0000295892   0.0000314337
       -0.0000092071   0.0001595853  -0.0000645783  -0.0001462335   0.0003314780
       -0.0000735430  -0.0001867709  -0.0000020542   0.0001128340   0.0000241126
       -0.0003573102  -0.0000841719   0.0001043625  -0.0000121973   0.0000328541
       -0.0000113702  -0.0000209783   0.0000886510   0.0001814631   0.0000174260
        0.0000517556  -0.0000113223  -0.0030574302  -0.0205480743  -0.0176024375
        0.0007629956   0.1282739925   0.1369498545   0.0024193803  -0.0133645371
       -0.0099358432   0.0000726834  -0.0001580228   0.0000804278   0.0000091382
       -0.0000043919  -0.0000214986   0.0000018461  -0.0000053422  -0.0000043877
        0.0000038772  -0.0000022436  -0.0000019939   0.0000065228  -0.0000003608
       -0.0000011713  -0.0001151667  -0.0000027058   0.0000528369
       -0.0003120770  -0.0003271036   0.0001483149  -0.0000129768  -0.0006188434
        0.0014169245  -0.0003608572  -0.0002931914  -0.0000744497   0.0000986323
        0.0001497747  -0.0001108279  -0.0003654092  -0.0001206264   0.0000874541
       -0.0003563935   0.0006345017  -0.0010157320  -0.0089063264  -0.0049550219
        0.0066128624  -0.2362916562   0.0242186267   0.0928399368   0.0000800828
        0.0006465226  -0.0017822076  -0.0004364435   0.0006621215   0.0002856628
        0.0000637027   0.0000122089   0.0000358253  -0.0001076483   0.0000452855
        0.0000008189   0.0000118917   0.0000086676   0.0000081708  -0.0000851602
        0.0000460492   0.0000030797   0.0000608700   0.0000814170   0.0000047526
       -0.0003065354  -0.0000528173  -0.0001335383   0.0001975921   0.0000558715
        0.0000944653   0.0001313909  -0.0000478347   0.0002147937  -0.0000840284
        0.0001039816   0.0002865233   0.0000935776  -0.0000777055   0.0000494156
        0.0001622627  -0.0002445891  -0.0001804515  -0.0000331192  -0.0001356717
        0.0000447894  -0.0000044969  -0.0000291400   0.0000242078   0.0000414833
        0.0000689732  -0.0000150988  -0.0256926174   0.0042105215   0.0077944514
       -0.0024194609   0.0023061547   0.0024193803   0.2749043809  -0.0267014512
       -0.1076435124  -0.0000586494   0.0005805449  -0.0013492183  -0.0000099966
       -0.0001111375   0.0000094183   0.0000013628  -0.0000250254  -0.0000096521
        0.0000042745  -0.0000233567   0.0000026776   0.0000096447  -0.0000108572
       -0.0000000367  -0.0000172964  -0.0000568498  -0.0000692003
        0.0002623382   0.0001246254   0.0000950767  -0.0004517889  -0.0032925878
        0.0031289532  -0.0009579208  -0.0008894634  -0.0002249931  -0.0001223163
        0.0001007141  -0.0000729451  -0.0001875380   0.0000205944  -0.0004933629
       -0.0009166416   0.0005628730   0.0003463897  -0.0227837518  -0.0001324788
        0.0122858731   0.0234809863  -0.0437137074  -0.0115805512  -0.0001286659
        0.0002674490  -0.0002859242   0.0010391057  -0.0007773851   0.0001962661
       -0.0000875664   0.0002945551  -0.0000574312   0.0002768606  -0.0000677251
       -0.0000405740  -0.0001601617  -0.0001697490  -0.0000641167  -0.0001192153
        0.0001768592   0.0000208757  -0.0000551520  -0.0003558180  -0.0000727656
       -0.0001482127   0.0008805173   0.0001302843  -0.0000999796  -0.0002594871
       -0.0000303819   0.0003668127  -0.0004469013   0.0002017514   0.0000172223
       -0.0000539643  -0.0000330025   0.0000359988   0.0000610948   0.0000049105
       -0.0000984809   0.0000397350   0.0000261131  -0.0001284460  -0.0003065431
        0.0001529496   0.0000124470   0.0000814158   0.0000815491  -0.0000115855
        0.0000723679  -0.0000412127   0.0031312284   0.0004195687  -0.0012342016
        0.0245771631  -0.0052317457  -0.0133645371  -0.0267014512   0.0520284190
        0.0104465345   0.0002364347   0.0006693058   0.0005856988  -0.0000648141
       -0.0000913635   0.0000180104  -0.0000216449   0.0000079069   0.0000135352
       -0.0000268085  -0.0000047333   0.0000038929  -0.0000365715   0.0000065381
        0.0000013659  -0.0001278841  -0.0000208866  -0.0001440305
       -0.0006085593  -0.0000742760  -0.0000273219   0.0004575529   0.0025357649
       -0.0018306003   0.0005173937   0.0004338947   0.0005386100   0.0000314145
       -0.0000519152   0.0000487210   0.0000872529  -0.0002510045   0.0004496643
        0.0016522881   0.0003130159  -0.0000695616   0.0160587791   0.0003760784
       -0.0080328509   0.0934693514  -0.0110359579  -0.0885597067  -0.0007615278
       -0.0004304266   0.0004731544  -0.0013245358   0.0009277660  -0.0001146705
        0.0002183995  -0.0003910524  -0.0000737213  -0.0001416590  -0.0000127191
       -0.0000008644   0.0001036931  -0.0000062182  -0.0000052586  -0.0000220721
        0.0000068974   0.0000179618   0.0002777337   0.0000558247   0.0000370462
       -0.0005923922   0.0000564197  -0.0001276689   0.0003840605   0.0000725036
        0.0000298978   0.0003361294  -0.0001330964   0.0002106169  -0.0000288635
        0.0001141041   0.0001594152  -0.0000376424  -0.0000502744   0.0000770886
       -0.0001505904  -0.0001569979  -0.0001534267   0.0001064981   0.0001915249
       -0.0001394063  -0.0000275028  -0.0000427365  -0.0000932859  -0.0000184710
       -0.0000637087   0.0000225451  -0.0200086898   0.0027596610   0.0086891620
        0.0192948021  -0.0059728422  -0.0099358432  -0.1076435124   0.0104465345
        0.1009933034  -0.0017362230   0.0004568305  -0.0024961778   0.0000167198
        0.0000211461  -0.0000211902   0.0000280575  -0.0000384071  -0.0000119534
        0.0000208508  -0.0000175104  -0.0000123214   0.0000345468  -0.0000095941
        0.0000015463   0.0000067174  -0.0000292288  -0.0000429030
        0.0000711952   0.0000270724  -0.0000227890  -0.0000151381   0.0002954448
        0.0004201906   0.0000876909  -0.0002116388   0.0001393334  -0.0005758855
       -0.0002020787   0.0012330582  -0.0032916650  -0.0013814528  -0.0006536192
       -0.0066947997  -0.0254135771  -0.0013400914  -0.0008747006  -0.0014582076
        0.0005226011   0.0003510503  -0.0000999414   0.0000654165  -0.0495202494
       -0.0439824642  -0.0015994258   0.0061371641   0.0234091822   0.0027063776
       -0.0046512288   0.0044285236   0.0010778321   0.0014869493   0.0008261477
        0.0006894421  -0.0007219340  -0.0010103823  -0.0003468885  -0.0006294096
        0.0011053811   0.0003087665   0.0000802730  -0.0019875618  -0.0004615292
       -0.0050916575   0.0063157284   0.0006596403   0.0012231542  -0.0009689824
        0.0000635915  -0.0024927271  -0.0055882718  -0.0008434860  -0.0000123673
       -0.0000234773   0.0000082995   0.0000740959   0.0000274471  -0.0000203799
       -0.0000706960   0.0000382499   0.0000114705   0.0000717412  -0.0000237830
       -0.0001647100  -0.0002551887   0.0000149156   0.0000731857  -0.0001132322
        0.0001802694  -0.0003832095   0.0002518019   0.0001202410   0.0002043879
       -0.0005669823   0.0009372638   0.0000726834  -0.0000586494   0.0002364347
       -0.0017362230   0.0651778564   0.0455809637  -0.0004904250  -0.0000940700
       -0.0001084966  -0.0000082540  -0.0002854299   0.0002814308   0.0000660504
       -0.0000011923  -0.0000186498  -0.0000358992  -0.0000106231   0.0000612908
        0.0000450523   0.0010148543  -0.0014070217  -0.0002604501
        0.0000936143  -0.0000633784   0.0000602937  -0.0008917544  -0.0004372645
        0.0004357223   0.0002698727   0.0002762337  -0.0001657046  -0.0003354034
       -0.0002918874   0.0005179602  -0.0001996501   0.0006099165  -0.0008591160
       -0.0125430390  -0.0114683182   0.0015052789   0.0027909683  -0.0001470594
        0.0003779160  -0.0003889452  -0.0001728737   0.0002142329  -0.0419545925
       -0.3710540401  -0.0433375475   0.0097578291  -0.0250258446  -0.0050883971
        0.0014535882   0.0017884915   0.0002142897   0.0014063337  -0.0011506739
       -0.0006305588  -0.0009202465  -0.0005003501  -0.0002371285  -0.0001565398
        0.0002038953  -0.0001800324  -0.0028973579  -0.0023605883  -0.0001430688
       -0.0013275010   0.0066884651   0.0013798664   0.0007904442  -0.0014294054
       -0.0001773818  -0.0016086005  -0.0041373125  -0.0004768855   0.0000673474
        0.0000129615   0.0000542705   0.0000862005  -0.0000150866   0.0000037622
        0.0000563939  -0.0000080708  -0.0000264402   0.0001298960   0.0000545716
       -0.0000913031  -0.0000224540   0.0001389910  -0.0000828038  -0.0001321591
        0.0002220434  -0.0003110220   0.0001791034  -0.0001047928  -0.0001639918
        0.0005448117  -0.0002547375  -0.0001580228   0.0005805449   0.0006693058
        0.0004568305   0.0455809637   0.4092932458   0.0470139694   0.0002760532
        0.0004715948   0.0002877064   0.0001936058   0.0000146052   0.0001224581
       -0.0000799062   0.0001136391   0.0001040630  -0.0002285252   0.0001577005
        0.0000641505  -0.0005708962  -0.0020939764  -0.0006833660
        0.0000359170   0.0000429855  -0.0000840438   0.0007043201   0.0004655314
        0.0001243126  -0.0004828375  -0.0002087589   0.0000608314   0.0006732320
        0.0007480263  -0.0002175323   0.0015915897  -0.0000842046   0.0006143643
        0.0077843507   0.0064421778  -0.0025901873  -0.0019943102  -0.0003937658
        0.0005132831  -0.0002271109   0.0006543942  -0.0001828349  -0.0105884361
       -0.0462523946  -0.0101123938   0.0050632610  -0.0078854403  -0.0038648226
        0.0008960947  -0.0001630335   0.0034273693   0.0007973535  -0.0010867695
        0.0009026936  -0.0005495690  -0.0004057073  -0.0000379902  -0.0001016694
        0.0003993650   0.0003294094  -0.0006833861  -0.0009917505  -0.0015093108
       -0.0004743607   0.0027977633   0.0007146253  -0.0002719123  -0.0006327897
       -0.0001093496   0.0002100447  -0.0013623774  -0.0017068645  -0.0000687474
       -0.0000134456  -0.0000783858   0.0000222028   0.0000052645  -0.0000051136
       -0.0000428568   0.0000322656   0.0000532293  -0.0000445256  -0.0000044632
       -0.0000504930   0.0001373829   0.0000633479  -0.0000745653  -0.0001074432
        0.0001535576  -0.0000816342   0.0001954123  -0.0000193114  -0.0001101330
       -0.0002774468   0.0003611097   0.0000804278  -0.0013492183   0.0005856988
       -0.0024961778  -0.0004904250   0.0470139694   0.0165693533  -0.0000102700
        0.0001449215   0.0000992674   0.0001022001   0.0001137819  -0.0004852775
       -0.0000460998   0.0000738859  -0.0001078624  -0.0000513762   0.0000393224
       -0.0000278427  -0.0003513601  -0.0006331564   0.0004436481
       -0.0000113265   0.0000092324   0.0000276533  -0.0002591892   0.0000229853
        0.0000008649  -0.0002299583   0.0000269402  -0.0001521722  -0.0003789053
       -0.0000809974   0.0001390493  -0.0008698628  -0.0001227918   0.0018473156
        0.0003234397   0.0018392350   0.0001107174   0.0002037267   0.0000398844
       -0.0001644486   0.0000345032   0.0000379039  -0.0000241340  -0.0001991631
        0.0006316178   0.0007924670  -0.0051870749  -0.0050987476  -0.0017108354
       -0.2575906709  -0.0906709204  -0.0427036026  -0.0268327428  -0.0079185790
       -0.0036807140  -0.0029458208   0.0038469158   0.0007473192   0.0007075255
        0.0002502383   0.0001274007   0.0006609274  -0.0006290382  -0.0005924283
       -0.0001796971   0.0005556490   0.0000329913  -0.0002074765  -0.0003065884
       -0.0000586571   0.0000327024  -0.0001412275  -0.0000178055   0.0000039324
        0.0000019606   0.0000048087   0.0000038253  -0.0000019988   0.0000021895
        0.0000144902  -0.0000252950  -0.0000014666   0.0000187247  -0.0000209544
       -0.0000152761   0.0000146184  -0.0000496903  -0.0000304502  -0.0001636648
        0.0004692718   0.0007185718  -0.0000159087  -0.0000029211   0.0000160513
       -0.0000307943  -0.0000424206   0.0000091382  -0.0000099966  -0.0000648141
        0.0000167198  -0.0000940700   0.0002760532  -0.0000102700   0.2936978679
        0.0981901040   0.0447425407   0.0007498337  -0.0006172919  -0.0000893201
       -0.0013228653  -0.0004480228  -0.0001528210   0.0000701389   0.0000106689
        0.0000630361  -0.0000070686   0.0000336386   0.0000055670
       -0.0000735486   0.0000245196  -0.0000229270  -0.0000129795  -0.0001028682
        0.0000431612  -0.0000503157   0.0001000988  -0.0000794053   0.0001495477
        0.0001198719  -0.0001282994   0.0007498026   0.0004434618  -0.0005247557
        0.0003681687  -0.0008285610  -0.0001794525   0.0004399156  -0.0003379402
        0.0002281680   0.0000188171   0.0001129317  -0.0000197615  -0.0006481301
        0.0009352906   0.0011443154  -0.0270756912  -0.0130936050  -0.0059546522
       -0.0902574328  -0.0800985397  -0.0206057139   0.0147533478   0.0056103935
        0.0024288784   0.0030456470  -0.0002730541  -0.0027879075   0.0005911049
       -0.0002773502  -0.0000428719   0.0001396071  -0.0048127967  -0.0033450682
       -0.0010326724   0.0004085541   0.0003878644  -0.0005346090  -0.0007951296
       -0.0003657401   0.0001070302  -0.0001003509  -0.0000109883  -0.0000036276
        0.0000012020   0.0000080282  -0.0000279618   0.0000130876  -0.0000042848
       -0.0000146609  -0.0000095827  -0.0000030674  -0.0000619651  -0.0000066577
        0.0000100450  -0.0001297045  -0.0000704012   0.0000707109  -0.0000995206
        0.0004086465  -0.0002155044   0.0000123244   0.0000150648   0.0000086972
       -0.0000453762   0.0000297122  -0.0000043919  -0.0001111375  -0.0000913635
        0.0000211461  -0.0001084966   0.0004715948   0.0001449215   0.0981901040
        0.0917024677   0.0280971585   0.0009512713   0.0004753755   0.0012472485
        0.0007853662   0.0002126150  -0.0000104929   0.0000300297  -0.0001721605
        0.0005064663  -0.0000442544  -0.0000145270  -0.0000415245
       -0.0000444213   0.0000404112  -0.0000430887  -0.0000663731  -0.0000624197
        0.0000997217  -0.0000851216   0.0001337789  -0.0000912316   0.0005150070
        0.0001561628   0.0000660503   0.0009614442  -0.0000784420  -0.0007200003
        0.0000876917  -0.0013505489  -0.0004031194   0.0000554091  -0.0000270541
        0.0000636032  -0.0000301241   0.0000802879  -0.0000743189   0.0006798394
        0.0003873093  -0.0013616889  -0.0090545949  -0.0030998868  -0.0003949626
       -0.0428718515  -0.0209238516  -0.0407930437   0.0032563635   0.0012181766
        0.0007237761   0.0006885968  -0.0022429595   0.0076729752   0.0004508018
       -0.0004104904  -0.0002221811  -0.0000551646  -0.0031840557   0.0053371767
       -0.0003550705   0.0002376367  -0.0002955634  -0.0001863952  -0.0003036927
       -0.0000455918  -0.0000013602  -0.0000149357  -0.0000387973  -0.0000277582
        0.0000134983  -0.0000176504   0.0000018320   0.0000063162  -0.0000063948
       -0.0000139246   0.0000005129  -0.0000019307  -0.0000466303   0.0000089094
       -0.0000366243  -0.0000148003   0.0000459415   0.0000024721   0.0007549555
       -0.0005141813  -0.0020734542  -0.0000101202   0.0000353125  -0.0000175529
       -0.0000109173   0.0000002808  -0.0000214986   0.0000094183   0.0000180104
       -0.0000211902  -0.0000082540   0.0002877064   0.0000992674   0.0447425407
        0.0280971585   0.0365091422   0.0004591910   0.0010874833  -0.0026552705
        0.0001802410  -0.0000271491   0.0002325108   0.0000572391   0.0003984249
       -0.0015060723  -0.0000176895  -0.0000136510   0.0000345310
       -0.0000158805   0.0000007446  -0.0000014102  -0.0000057412   0.0000003853
       -0.0000019516  -0.0000212222   0.0000001051  -0.0000073541  -0.0000186098
        0.0000076845  -0.0000245941  -0.0000079158  -0.0000095251   0.0000101298
        0.0002041033   0.0000505023  -0.0000288883   0.0000063681  -0.0000073966
       -0.0000041352  -0.0000244118   0.0000175662  -0.0000179116   0.0000457744
        0.0012942787   0.0003573220  -0.0032920487   0.0026555823   0.0004000942
        0.0012317524   0.0226577071   0.0073677634  -0.0467302265  -0.0271418249
       -0.0091827351  -0.0038004626  -0.0255494771  -0.0083188582  -0.0049266355
       -0.0025259901  -0.0012197802  -0.0005304816   0.0003711580   0.0000662035
       -0.0000654206  -0.0000323367   0.0000661417   0.0000855926  -0.0000720970
       -0.0000339999  -0.0000277761  -0.0000022662  -0.0000104694   0.0000029592
        0.0000032511   0.0000034031   0.0000024110  -0.0000009316   0.0000016329
        0.0000068000  -0.0000104464  -0.0000011406   0.0000016400  -0.0000023543
        0.0000011171  -0.0000099176  -0.0000047772   0.0000080481   0.0000391703
        0.0000670955  -0.0000339400  -0.0000082401  -0.0000043443   0.0000062681
        0.0000054489  -0.0000202833   0.0000018461   0.0000013628  -0.0000216449
        0.0000280575  -0.0002854299   0.0001936058   0.0001022001   0.0007498337
        0.0009512713   0.0004591910   0.0570779401   0.0292497011   0.0104391479
        0.0006293791  -0.0007469129  -0.0001464884  -0.0003460465  -0.0013831620
       -0.0002903357   0.0000259311   0.0000151318   0.0000054261
        0.0000320148  -0.0000041879   0.0000148827  -0.0000642271  -0.0000133981
        0.0000075943   0.0000030760   0.0000210071  -0.0000149996  -0.0000121069
        0.0000112634   0.0000330194   0.0000685642   0.0000491008   0.0000621570
       -0.0004763067  -0.0001268993  -0.0000549735   0.0000862448   0.0000241682
       -0.0000163238   0.0000687057  -0.0000111892   0.0000295832   0.0002163075
       -0.0013800096  -0.0002507131   0.0030639393   0.0002540482  -0.0028458426
       -0.0000571361  -0.0195258063  -0.0066568428  -0.0264197205  -0.2740785789
       -0.0770073161  -0.0031600396  -0.0130315221  -0.0047729162  -0.0029550643
        0.0006324441  -0.0022159083   0.0002310383   0.0003061940   0.0001809654
        0.0002081848   0.0009449159   0.0008710657  -0.0002673360  -0.0002981429
       -0.0002326280   0.0001845826  -0.0003612614  -0.0000569531  -0.0000028502
       -0.0000037965   0.0000049935  -0.0000012976   0.0000070062  -0.0000069926
       -0.0000081219  -0.0000013751  -0.0000012236   0.0000054824  -0.0000011322
       -0.0000090124   0.0000125036   0.0000134871  -0.0000115891  -0.0000116894
       -0.0000828104  -0.0000085193   0.0000151187   0.0000083907   0.0000135314
       -0.0000313955   0.0000052737  -0.0000053422  -0.0000250254   0.0000079069
       -0.0000384071   0.0002814308   0.0000146052   0.0001137819  -0.0006172919
        0.0004753755   0.0010874833   0.0292497011   0.3063172768   0.0910182447
        0.0005303674   0.0005756197   0.0008641090  -0.0001188284  -0.0007758812
       -0.0000423542  -0.0000288244   0.0000279074  -0.0000525541
        0.0000083111  -0.0000020887   0.0000033499  -0.0000082685   0.0000242655
       -0.0000289184   0.0000221717  -0.0000154439   0.0000145619  -0.0000304880
       -0.0000442558   0.0000115899   0.0000972797  -0.0000416780  -0.0000357572
       -0.0000848836  -0.0000718910   0.0001410954   0.0000152047   0.0000629853
       -0.0000297193   0.0000083165  -0.0000108812   0.0000027047   0.0003603930
       -0.0005532006  -0.0002917510   0.0001789381  -0.0023342358   0.0086105683
        0.0007364652  -0.0061153511  -0.0009388037  -0.0102438607  -0.0770664574
       -0.0603500368  -0.0002247711  -0.0050093648   0.0001959014  -0.0013301474
       -0.0025293178   0.0060770381   0.0000811551   0.0006623775  -0.0000725361
       -0.0000533240   0.0003454342  -0.0017770880   0.0000346891  -0.0001824379
        0.0002896708  -0.0001312041   0.0000455140   0.0000220717  -0.0000008710
       -0.0000007704   0.0000034971   0.0000025753   0.0000030446  -0.0000027120
       -0.0000016320  -0.0000022817  -0.0000010123   0.0000087689   0.0000055578
        0.0000034831   0.0000077817   0.0000053779  -0.0000099294  -0.0000227656
       -0.0000272889   0.0000205359   0.0000020274   0.0000024410   0.0000062824
       -0.0000113487  -0.0000049981  -0.0000043877  -0.0000096521   0.0000135352
       -0.0000119534   0.0000660504   0.0001224581  -0.0004852775  -0.0000893201
        0.0012472485  -0.0026552705   0.0104391479   0.0910182447   0.0533763558
        0.0002855796   0.0007358958  -0.0017869899  -0.0000825126  -0.0002431849
       -0.0004402665  -0.0000298062  -0.0000392521   0.0001437033
       -0.0000423429   0.0000251932  -0.0000151290   0.0000518562  -0.0000048473
        0.0000089616  -0.0000083186   0.0000073872  -0.0000094893   0.0000303555
        0.0000339677  -0.0000306322  -0.0000974695   0.0000369708   0.0000568841
        0.0003287324   0.0001075022   0.0000286452  -0.0000359797  -0.0000586644
        0.0000210352  -0.0000388338   0.0000448375  -0.0000121946  -0.0004051398
        0.0000798029   0.0001310768   0.0007745037  -0.0010275968  -0.0002925971
       -0.0048822194  -0.0023731680  -0.0013195982  -0.0248454110   0.0154949441
        0.0038781428  -0.2145322932   0.1205781990   0.0295749258   0.0008689803
        0.0005026254   0.0001994283   0.0010055697  -0.0002262927  -0.0002972723
       -0.0002145443  -0.0007661919  -0.0002211832   0.0002148994   0.0002019644
        0.0000820132  -0.0001527197   0.0003120283   0.0000582144   0.0000050930
       -0.0000035719   0.0000007233   0.0000072245  -0.0000076034   0.0000033594
        0.0000052505  -0.0000047245   0.0000007316  -0.0000017218  -0.0000020919
       -0.0000004008  -0.0000012610  -0.0000064465   0.0000055360   0.0000152847
        0.0000235737  -0.0000458191  -0.0000018423  -0.0000117067  -0.0000075639
        0.0000148080  -0.0000008254   0.0000038772   0.0000042745  -0.0000268085
        0.0000208508  -0.0000011923  -0.0000799062  -0.0000460998  -0.0013228653
        0.0007853662   0.0001802410   0.0006293791   0.0005303674   0.0002855796
        0.2416824678  -0.1333932077  -0.0321423214   0.0009176961  -0.0007235188
       -0.0000970182   0.0000277790  -0.0000475574  -0.0000029072
        0.0000228895  -0.0000031635   0.0000099257  -0.0000179951   0.0000033429
       -0.0000153662   0.0000163906  -0.0000057032   0.0000064261  -0.0000375660
       -0.0000083701   0.0000003217   0.0000627665   0.0000138468  -0.0000054666
       -0.0001453698  -0.0000448788   0.0000691721   0.0000381522   0.0000334129
       -0.0000186201   0.0000498985   0.0000047472   0.0000133507   0.0001877602
       -0.0000966885   0.0002513673  -0.0008973141   0.0000578034  -0.0001209386
       -0.0020440131   0.0004561064  -0.0017887478  -0.0075360492   0.0055108705
        0.0014389779   0.1203609608  -0.1267560581  -0.0240096647   0.0235960900
       -0.0197729021  -0.0048713804  -0.0011257194  -0.0048480750  -0.0037685110
        0.0016243242   0.0007086701  -0.0000568937  -0.0003430748  -0.0001732429
       -0.0000684759   0.0001514181  -0.0009733080  -0.0000783896  -0.0000015221
       -0.0000011295   0.0000016194  -0.0000011352   0.0000032983  -0.0000033942
       -0.0000033394  -0.0000021227  -0.0000001450   0.0000007192  -0.0000019472
        0.0000006436   0.0000018804  -0.0000021399  -0.0000040765   0.0000061163
       -0.0000151180   0.0000012062   0.0000065617   0.0000043340   0.0000114714
       -0.0000225863  -0.0000046891  -0.0000022436  -0.0000233567  -0.0000047333
       -0.0000175104  -0.0000186498   0.0001136391   0.0000738859  -0.0004480228
        0.0002126150  -0.0000271491  -0.0007469129   0.0005756197   0.0007358958
       -0.1333932077   0.1446589704   0.0312405375   0.0006405249   0.0004573714
        0.0009768113   0.0000393811  -0.0001003781   0.0000253610
       -0.0000008708   0.0000025600   0.0000034407  -0.0000737347  -0.0000303909
        0.0000518534  -0.0000315839   0.0000585550  -0.0000507949   0.0000832145
        0.0000225927   0.0000430629  -0.0000436844   0.0000384604   0.0000895146
       -0.0001970026  -0.0000985118  -0.0002861764   0.0000711068  -0.0000226658
        0.0000093005  -0.0000065635  -0.0000025043   0.0000036227   0.0003644909
        0.0001055587  -0.0008531936  -0.0003973553  -0.0000804298   0.0002965261
       -0.0012156650  -0.0017937494   0.0056998357  -0.0028678772   0.0021961527
        0.0004532153   0.0294410911  -0.0242227781  -0.0376920010   0.0068682992
       -0.0052676695  -0.0020239716  -0.0001523786  -0.0035438479   0.0069545770
        0.0002994568  -0.0002820991   0.0006667356   0.0000480784  -0.0000207440
        0.0000130364  -0.0000239537  -0.0001542982  -0.0003470163  -0.0000006426
       -0.0000008129   0.0000000472  -0.0000006756   0.0000009121  -0.0000015890
       -0.0000007203   0.0000006620  -0.0000000076   0.0000013354  -0.0000040605
       -0.0000103860   0.0000052246   0.0000114399   0.0000018724  -0.0000199378
       -0.0000122767  -0.0000188862   0.0000004608   0.0000016497  -0.0000004789
       -0.0000050355  -0.0000020241  -0.0000019939   0.0000026776   0.0000038929
       -0.0000123214  -0.0000358992   0.0001040630  -0.0001078624  -0.0001528210
       -0.0000104929   0.0002325108  -0.0001464884   0.0008641090  -0.0017869899
       -0.0321423214   0.0312405375   0.0313816181   0.0002915568   0.0009321849
       -0.0026253473   0.0000382186  -0.0000339746  -0.0000817528
       -0.0000508771   0.0000167699  -0.0000140394   0.0000336940   0.0000165229
       -0.0000194307  -0.0000081546  -0.0000009645   0.0000021243   0.0000168209
        0.0000186066  -0.0000276704  -0.0000673298  -0.0000038689   0.0000012432
        0.0000774565   0.0003214364  -0.0000577544  -0.0001593384  -0.0000783167
        0.0000489450  -0.0000526787   0.0000423280  -0.0000244772  -0.0017155471
       -0.0006407138   0.0000601311  -0.0023928625   0.0035211697   0.0008070556
        0.0006478038   0.0003293314   0.0001300162   0.0009396907  -0.0010164256
       -0.0005026806  -0.0043421956  -0.0030296789  -0.0009182607  -0.2533158398
       -0.0945175005  -0.0309802032  -0.0272013758  -0.0069311366  -0.0026737867
       -0.0024072279  -0.0015720576  -0.0007230146   0.0022274197  -0.0003993865
        0.0000835195   0.0000945684  -0.0002488530  -0.0000237154   0.0000044936
       -0.0000030221   0.0000013105   0.0000034226  -0.0000053415   0.0000038226
        0.0000041468  -0.0000026312   0.0000006037  -0.0000023064   0.0000021331
        0.0000021854  -0.0000011055  -0.0000040316   0.0000035589   0.0000204720
        0.0000331130  -0.0000299848  -0.0000048383  -0.0000126734  -0.0000073069
        0.0000145696  -0.0000017733   0.0000065228   0.0000096447  -0.0000365715
        0.0000345468  -0.0000106231  -0.0002285252  -0.0000513762   0.0000701389
        0.0000300297   0.0000572391  -0.0003460465  -0.0001188284  -0.0000825126
        0.0009176961   0.0006405249   0.0002915568   0.2868981758   0.1040610412
        0.0346121990   0.0000981330  -0.0001807059  -0.0000103667
        0.0000026279   0.0000066320  -0.0000004174   0.0000191144  -0.0000039589
        0.0000196234   0.0000010866   0.0000056836  -0.0000054730   0.0000092272
        0.0000180457   0.0000015286   0.0000109971   0.0000155563   0.0000308674
        0.0002582194  -0.0000858767  -0.0000686389   0.0000492820   0.0000067032
       -0.0000120528   0.0000114594  -0.0000030767   0.0000075430   0.0009081986
        0.0001781654  -0.0000836660   0.0025268065  -0.0012615009  -0.0019836954
        0.0005894409  -0.0004652843  -0.0000715450  -0.0005723399  -0.0047349435
       -0.0038354952  -0.0261905455  -0.0129654723  -0.0045965619  -0.0943340579
       -0.0851739303  -0.0153921880   0.0127819669   0.0062591516   0.0015571305
        0.0032776526  -0.0001261905   0.0009938489  -0.0002592570  -0.0017717641
       -0.0004970165  -0.0011636809   0.0008231824   0.0000055360  -0.0000004700
       -0.0000022588  -0.0000016514   0.0000005663  -0.0000026090  -0.0000000512
       -0.0000002918  -0.0000003242   0.0000007274  -0.0000025716  -0.0000045075
       -0.0000020894   0.0000027413  -0.0000062991   0.0000025559  -0.0000059843
       -0.0000285101  -0.0000046085   0.0000020933   0.0000006574  -0.0000067545
        0.0000035555   0.0000046581  -0.0000003608  -0.0000108572   0.0000065381
       -0.0000095941   0.0000612908   0.0001577005   0.0000393224   0.0000106689
       -0.0001721605   0.0003984249  -0.0013831620  -0.0007758812  -0.0002431849
       -0.0007235188   0.0004573714   0.0009321849   0.1040610412   0.0997055486
        0.0228903113   0.0000587003  -0.0000610456  -0.0000645595
       -0.0000006555   0.0000029422  -0.0000048695   0.0000223850  -0.0000107530
       -0.0000079810   0.0000060461  -0.0000037289   0.0000073859  -0.0000017754
       -0.0000140409  -0.0000056020  -0.0000122259   0.0000242082  -0.0000513327
        0.0000469896  -0.0000102208   0.0001283542   0.0000207045   0.0000132812
        0.0000028771   0.0000017196   0.0000013074   0.0000054679   0.0002770213
       -0.0001186774   0.0000886892  -0.0000714642  -0.0027860647   0.0057715389
       -0.0000255711   0.0005049600   0.0000652854   0.0000215896  -0.0037940014
        0.0075076266  -0.0078138223  -0.0048880488   0.0002275866  -0.0309685752
       -0.0148610140  -0.0400441310   0.0040840093   0.0017107553   0.0018552147
        0.0006137399   0.0002077659  -0.0025820385   0.0000359971  -0.0007721917
       -0.0001962405  -0.0005837064   0.0004876391   0.0000404839  -0.0000003571
       -0.0000004777  -0.0000005845   0.0000004774  -0.0000008580   0.0000007159
        0.0000004261  -0.0000003782   0.0000005435   0.0000011733   0.0000007588
        0.0000048560  -0.0000014883  -0.0000010711   0.0000015126   0.0000261280
       -0.0000123718  -0.0000056889  -0.0000021950  -0.0000007566  -0.0000020001
        0.0000027541  -0.0000000245  -0.0000011713  -0.0000000367   0.0000013659
        0.0000015463   0.0000450523   0.0000641505  -0.0000278427   0.0000630361
        0.0005064663  -0.0015060723  -0.0002903357  -0.0000423542  -0.0004402665
       -0.0000970182   0.0009768113  -0.0026253473   0.0346121990   0.0228903113
        0.0316381255  -0.0000122215  -0.0000756901   0.0001533586
        0.0000044690   0.0000226626  -0.0000053283   0.0000818409   0.0000082522
        0.0000051945  -0.0000266475   0.0000079337   0.0000009526   0.0000199065
       -0.0000060420   0.0000390196  -0.0001881573  -0.0000874956   0.0000341180
        0.0004362694  -0.0003858916  -0.0000568016  -0.0001380350  -0.0000249170
        0.0000436237   0.0002025742   0.0001554972   0.0000059256  -0.0016260974
       -0.0007280807  -0.0001831250   0.0000326537   0.0002479151   0.0001119057
       -0.0000030166   0.0000709953   0.0001329405   0.0001546555  -0.0000745959
       -0.0000274813  -0.0003892495  -0.0002121963   0.0000306492  -0.0002473800
        0.0015241926   0.0002682678  -0.0029578024   0.0014528680  -0.0007693022
        0.0156169043   0.0273301508   0.0081518068   0.0007955814  -0.0028206832
        0.0001544170  -0.0833953176  -0.1232646901  -0.0393413114  -0.0000146245
       -0.0000085482  -0.0000091273  -0.0000156767   0.0000067939  -0.0000083428
       -0.0000312102   0.0000079581  -0.0000021199  -0.0000275735  -0.0000148848
       -0.0000014928  -0.0000320411  -0.0000231153   0.0000164383  -0.0000082516
        0.0000166393  -0.0000352126  -0.0000014953   0.0000003864   0.0000372470
       -0.0004080833  -0.0001530549  -0.0001151667  -0.0000172964  -0.0001278841
        0.0000067174   0.0010148543  -0.0005708962  -0.0003513601  -0.0000070686
       -0.0000442544  -0.0000176895   0.0000259311  -0.0000288244  -0.0000298062
        0.0000277790   0.0000393811   0.0000382186   0.0000981330   0.0000587003
       -0.0000122215   0.0710234721   0.0976257280   0.0318884471
        0.0000083916  -0.0000423389   0.0000001531  -0.0000094194   0.0000252279
       -0.0000235103  -0.0000121403  -0.0000242151   0.0000154596   0.0000275677
       -0.0000441272   0.0000726345   0.0000342806  -0.0000476062  -0.0000150447
       -0.0000687956  -0.0002981216  -0.0000814182  -0.0000053119  -0.0000111325
        0.0000377671   0.0001285050  -0.0000972132  -0.0000188589   0.0007344146
        0.0001885942   0.0001114410  -0.0018437451   0.0009458622  -0.0000039771
        0.0000228439  -0.0002931329   0.0001010394  -0.0006448837  -0.0000429366
       -0.0000359190   0.0010166472   0.0005307194   0.0002941350   0.0007263931
       -0.0023854723  -0.0005800308   0.0040366134   0.0026782126   0.0000571220
        0.0077262707  -0.0356382089  -0.0078913806  -0.0020843517   0.0016370275
        0.0011478973  -0.1057312726  -0.3125782379  -0.0851877809  -0.0000037774
        0.0000000634   0.0000008966  -0.0000065677   0.0000074563  -0.0000028910
       -0.0000093193   0.0000135065  -0.0000060832  -0.0000005107   0.0000087468
       -0.0000091103  -0.0000195025   0.0000173452  -0.0000058581  -0.0000419281
        0.0000355217  -0.0000257824   0.0000153460   0.0000376100   0.0000362490
        0.0000218888   0.0000910926  -0.0000027058  -0.0000568498  -0.0000208866
       -0.0000292288  -0.0014070217  -0.0020939764  -0.0006331564   0.0000336386
       -0.0000145270  -0.0000136510   0.0000151318   0.0000279074  -0.0000392521
       -0.0000475574  -0.0001003781  -0.0000339746  -0.0001807059  -0.0000610456
       -0.0000756901   0.0976257280   0.3475486632   0.0928405094
       -0.0000042221   0.0000122775  -0.0000322141   0.0000470475   0.0000085474
        0.0000144298  -0.0000218073   0.0000118801  -0.0000178174   0.0000223241
        0.0000343335  -0.0000006994  -0.0000217237  -0.0000326396  -0.0000438999
        0.0001338533   0.0000185477  -0.0000927025  -0.0000283888  -0.0000686823
        0.0000398371   0.0001118297   0.0001246340  -0.0000648727   0.0000695465
       -0.0000881774   0.0000618808  -0.0003046349   0.0000862658   0.0001216570
       -0.0000218689   0.0000932002  -0.0005705532  -0.0001353590  -0.0000391119
        0.0000246724   0.0001380547   0.0002057569  -0.0004297011   0.0001062079
       -0.0001702887   0.0005581800  -0.0003530269  -0.0005673386   0.0044122070
        0.0038452581  -0.0046904315   0.0026802716   0.0001320615   0.0009961807
       -0.0044495731  -0.0350814276  -0.0877838485  -0.0408732441  -0.0000133490
       -0.0000123585  -0.0000117020   0.0000009522   0.0000067863  -0.0000009123
       -0.0000133747   0.0000021402   0.0000184461  -0.0000119151  -0.0000027328
        0.0000027524  -0.0000035956  -0.0000005172   0.0000127037  -0.0000018455
        0.0000318345   0.0000018585  -0.0000140006  -0.0000058521   0.0000101084
       -0.0001331118  -0.0000502417   0.0000528369  -0.0000692003  -0.0001440305
       -0.0000429030  -0.0002604501  -0.0006833660   0.0004436481   0.0000055670
       -0.0000415245   0.0000345310   0.0000054261  -0.0000525541   0.0001437033
       -0.0000029072   0.0000253610  -0.0000817528  -0.0000103667  -0.0000645595
        0.0001533586   0.0318884471   0.0928405094   0.0379254652
