{
   "temperature":     298.150000000000,
   "unit": "hartree",
   "energy":     -20.871516690316,
   "free energy":     -20.754620803035,
   "G(T)":       0.116895887281,
   "ZPVE":       0.149948625009,
   "number of imags":0,
   "point group": "c1",
   "gradient norm":       0.000022787682
}
