{
   "temperature":     298.150000000000,
   "unit": "hartree",
   "energy":     -23.236078988384,
   "free energy":     -23.086699176653,
   "G(T)":       0.149379811731,
   "ZPVE":       0.186212889909,
   "number of imags":0,
   "point group": "c1",
   "gradient norm":       0.000023491072
}
