{
   "temperature":     298.150000000000,
   "unit": "hartree",
   "energy":     -27.122505730640,
   "free energy":     -26.989133847726,
   "G(T)":       0.133371882913,
   "ZPVE":       0.171328641069,
   "number of imags":0,
   "point group": "c1",
   "gradient norm":       0.000056980668
}
