{
   "temperature":     298.150000000000,
   "unit": "hartree",
   "energy":     -27.124864400647,
   "free energy":     -26.990083291452,
   "G(T)":       0.134781109196,
   "ZPVE":       0.171435812015,
   "number of imags":0,
   "point group": "c1",
   "gradient norm":       0.000106662234
}
