{
    "partname": "screening",
    "runtime": 244.49326557200402,
    "results": {
        "CONF51": {
            "gsolv": {
                "gsolv": -0.005211263400951793,
                "energy_gas": -386.229876909941,
                "energy_solv": -386.235088173342
            },
            "gtot": -386.235088173342,
            "bmw": 0.011192134171202265
        },
        "CONF17": {
            "gsolv": {
                "gsolv": -0.00510167202202183,
                "energy_gas": -386.230801160784,
                "energy_solv": -386.235902832806
            },
            "gtot": -386.235902832806,
            "bmw": 0.02652346889468316
        },
        "CONF6": {
            "gsolv": {
                "gsolv": -0.0048801364299606576,
                "energy_gas": -386.231249883088,
                "energy_solv": -386.236130019518
            },
            "gtot": -386.236130019518,
            "bmw": 0.033738749133231535
        },
        "CONF47": {
            "gsolv": {
                "gsolv": -0.00495039747698911,
                "energy_gas": -386.230993441319,
                "energy_solv": -386.235943838796
            },
            "gtot": -386.235943838796,
            "bmw": 0.02770076562929969
        },
        "CONF4": {
            "gsolv": {
                "gsolv": -0.004858504644971617,
                "energy_gas": -386.23153706183,
                "energy_solv": -386.236395566475
            },
            "gtot": -386.236395566475,
            "bmw": 0.04469635651004836
        },
        "CONF31": {
            "gsolv": {
                "gsolv": -0.004976114381008756,
                "energy_gas": -386.23092093463,
                "energy_solv": -386.235897049011
            },
            "gtot": -386.235897049011,
            "bmw": 0.026361490469117108
        },
        "CONF22": {
            "gsolv": {
                "gsolv": -0.005047774623960777,
                "energy_gas": -386.231133628084,
                "energy_solv": -386.236181402708
            },
            "gtot": -386.236181402708,
            "bmw": 0.035625716570380925
        },
        "CONF48": {
            "gsolv": {
                "gsolv": -0.003921802279990061,
                "energy_gas": -386.229019966052,
                "energy_solv": -386.232941768332
            },
            "gtot": -386.232941768332,
            "bmw": 0.0011524841027174368
        },
        "CONF19": {
            "gsolv": {
                "gsolv": -0.004905553135984064,
                "energy_gas": -386.232009356378,
                "energy_solv": -386.236914909514
            },
            "gtot": -386.236914909514,
            "bmw": 0.07747353717129016
        },
        "CONF53": {
            "gsolv": {
                "gsolv": -0.004230475158010449,
                "energy_gas": -386.229075572049,
                "energy_solv": -386.233306047207
            },
            "gtot": -386.233306047207,
            "bmw": 0.0016950855729138835
        },
        "CONF24": {
            "gsolv": {
                "gsolv": -0.004155110239992155,
                "energy_gas": -386.230476097127,
                "energy_solv": -386.234631207367
            },
            "gtot": -386.234631207367,
            "bmw": 0.006897998710670557
        },
        "CONF52": {
            "gsolv": {
                "gsolv": -0.0041199556419542205,
                "energy_gas": -386.22901560203,
                "energy_solv": -386.233135557672
            },
            "gtot": -386.233135557672,
            "bmw": 0.0014150502738232609
        },
        "CONF8": {
            "gsolv": {
                "gsolv": -0.004689024031961253,
                "energy_gas": -386.23169443133,
                "energy_solv": -386.236383455362
            },
            "gtot": -386.236383455362,
            "bmw": 0.04412669450808034
        },
        "CONF14": {
            "gsolv": {
                "gsolv": -0.00502063964700028,
                "energy_gas": -386.231028423999,
                "energy_solv": -386.236049063646
            },
            "gtot": -386.236049063646,
            "bmw": 0.030966480868947693
        },
        "CONF5": {
            "gsolv": {
                "gsolv": -0.00494287678100136,
                "energy_gas": -386.231740601006,
                "energy_solv": -386.236683477787
            },
            "gtot": -386.236683477787,
            "bmw": 0.060632036990607624
        },
        "CONF56": {
            "gsolv": {
                "gsolv": -0.005017596716982098,
                "energy_gas": -386.230218843248,
                "energy_solv": -386.235236439965
            },
            "gtot": -386.235236439965,
            "bmw": 0.013095160741161386
        },
        "CONF39": {
            "gsolv": {
                "gsolv": -0.0042151635090021955,
                "energy_gas": -386.229304865783,
                "energy_solv": -386.233520029292
            },
            "gtot": -386.233520029292,
            "bmw": 0.0021262610008796266
        },
        "CONF30": {
            "gsolv": {
                "gsolv": -0.003973823943965726,
                "energy_gas": -386.229644846462,
                "energy_solv": -386.233618670406
            },
            "gtot": -386.233618670406,
            "bmw": 0.0023604148886505944
        },
        "CONF33": {
            "gsolv": {
                "gsolv": -0.004352916026959974,
                "energy_gas": -386.230203511378,
                "energy_solv": -386.234556427405
            },
            "gtot": -386.234556427405,
            "bmw": 0.0063727474414307685
        },
        "CONF7": {
            "gsolv": {
                "gsolv": -0.0049085708540133055,
                "energy_gas": -386.231897668854,
                "energy_solv": -386.236806239708
            },
            "gtot": -386.236806239708,
            "bmw": 0.06905080309833378
        },
        "CONF28": {
            "gsolv": {
                "gsolv": -0.004726531437995618,
                "energy_gas": -386.230198748415,
                "energy_solv": -386.234925279853
            },
            "gtot": -386.234925279853,
            "bmw": 0.009418615965031341
        },
        "CONF35": {
            "gsolv": {
                "gsolv": -0.0042391169120037375,
                "energy_gas": -386.229940319769,
                "energy_solv": -386.234179436681
            },
            "gtot": -386.234179436681,
            "bmw": 0.004274870641439481
        },
        "CONF26": {
            "gsolv": {
                "gsolv": -0.004897635824988811,
                "energy_gas": -386.230824067718,
                "energy_solv": -386.235721703543
            },
            "gtot": -386.235721703543,
            "bmw": 0.02189357226852468
        },
        "CONF43": {
            "gsolv": {
                "gsolv": -0.0051857831710435676,
                "energy_gas": -386.229935731896,
                "energy_solv": -386.235121515067
            },
            "gtot": -386.235121515067,
            "bmw": 0.011594420305152406
        },
        "CONF34": {
            "gsolv": {
                "gsolv": -0.004888632973006679,
                "energy_gas": -386.231010093561,
                "energy_solv": -386.235898726534
            },
            "gtot": -386.235898726534,
            "bmw": 0.026408368328179298
        },
        "CONF55": {
            "gsolv": {
                "gsolv": -0.004763250759992843,
                "energy_gas": -386.229832233876,
                "energy_solv": -386.234595484636
            },
            "gtot": -386.234595484636,
            "bmw": 0.006641891701373823
        },
        "CONF20": {
            "gsolv": {
                "gsolv": -0.0050469079999970745,
                "energy_gas": -386.231184336814,
                "energy_solv": -386.236231244814
            },
            "gtot": -386.236231244814,