{
   "temperature":     298.150000000000,
   "unit": "hartree",
   "energy":     -20.874606259273,
   "free energy":     -20.758333039466,
   "G(T)":       0.116273219807,
   "ZPVE":       0.149561767030,
   "number of imags":0,
   "point group": "c1",
   "gradient norm":       0.000050421889
}
