{
   "temperature":     298.150000000000,
   "unit": "hartree",
   "energy":     -27.123168822466,
   "free energy":     -26.988779532887,
   "G(T)":       0.134389289579,
   "ZPVE":       0.171391733998,
   "number of imags":0,
   "point group": "c1",
   "gradient norm":       0.000069679453
}
