{
   "temperature":     298.150000000000,
   "unit": "hartree",
   "energy":     -27.122636589001,
   "free energy":     -26.988311327582,
   "G(T)":       0.134325261419,
   "ZPVE":       0.171512891207,
   "number of imags":0,
   "point group": "c1",
   "gradient norm":       0.000053894008
}
