{
   "temperature":     298.150000000000,
   "unit": "hartree",
   "energy":     -27.122971071994,
   "free energy":     -26.988473694349,
   "G(T)":       0.134497377645,
   "ZPVE":       0.171543515527,
   "number of imags":0,
   "point group": "c1",
   "gradient norm":       0.000028162292
}
