{
   "temperature":     298.150000000000,
   "unit": "hartree",
   "energy":     -49.347810234046,
   "free energy":     -49.149463686096,
   "G(T)":       0.198346547950,
   "ZPVE":       0.242501650530,
   "number of imags":0,
   "point group": "c1",
   "gradient norm":       0.000016738500
}
