{
   "temperature":     298.150000000000,
   "unit": "hartree",
   "energy":     -17.084554787492,
   "free energy":     -16.967674519205,
   "G(T)":       0.116880268287,
   "ZPVE":       0.147290375994,
   "number of imags":0,
   "point group": "c1",
   "gradient norm":       0.000051818316
}
