{
   "temperature":     298.150000000000,
   "unit": "hartree",
   "energy":     -23.421564839973,
   "free energy":     -23.254226620951,
   "G(T)":       0.167338219021,
   "ZPVE":       0.201751947280,
   "number of imags":0,
   "point group": "c1",
   "gradient norm":       0.000031914265
}
