{
   "temperature":     298.150000000000,
   "unit": "hartree",
   "energy":     -14.711717943225,
   "free energy":     -14.630577154139,
   "G(T)":       0.081140789086,
   "ZPVE":       0.110567412955,
   "number of imags":0,
   "point group": "c1",
   "gradient norm":       0.000057470502
}
