{
   "temperature":     298.150000000000,
   "unit": "hartree",
   "energy":     -56.018492484620,
   "free energy":     -55.817251004102,
   "G(T)":       0.201241480519,
   "ZPVE":       0.247779328789,
   "number of imags":0,
   "point group": "cs",
   "gradient norm":       0.000023345251
}
