{
   "temperature":     298.150000000000,
   "unit": "hartree",
   "energy":     -51.635412919352,
   "free energy":     -51.445156747962,
   "G(T)":       0.190256171390,
   "ZPVE":       0.236016211512,
   "number of imags":0,
   "point group": "c1",
   "gradient norm":       0.000066066604
}
