{
   "temperature":     298.150000000000,
   "unit": "hartree",
   "energy":     -56.019981250733,
   "free energy":     -55.818199479429,
   "G(T)":       0.201781771304,
   "ZPVE":       0.248186343596,
   "number of imags":0,
   "point group": "c1",
   "gradient norm":       0.000173187309
}
