{
   "temperature":     298.150000000000,
   "unit": "hartree",
   "energy":     -27.126237011645,
   "free energy":     -26.990660159842,
   "G(T)":       0.135576851804,
   "ZPVE":       0.171411703701,
   "number of imags":0,
   "point group": "c1",
   "gradient norm":       0.000021046885
}
