{
    "partname": "prescreening",
    "runtime": 42.77932804997545,
    "results": {
        "CONF4": {
            "xtb_gsolv": {
                "gsolv": -0.014626258821003546,
                "energy_xtb_gas": -51.618274664187,
                "energy_xtb_solv": -51.632900923008
            },
            "sp": {
                "energy": -828.016505730609
            },
            "gtot": -828.0311319894299,
            "bmw": 0.031719447697622416
        },
        "CONF7": {
            "xtb_gsolv": {
                "gsolv": -0.015257664906997093,
                "energy_xtb_gas": -51.616654927935,
                "energy_xtb_solv": -51.631912592842
            },
            "sp": {
                "energy": -828.015334166703
            },
            "gtot": -828.0305918316101,
            "bmw": 0.017900708394755736
        },
        "CONF3": {
            "xtb_gsolv": {
                "gsolv": -0.01513617305000281,
                "energy_xtb_gas": -51.617885048329,
                "energy_xtb_solv": -51.633021221379
            },
            "sp": {
                "energy": -828.01625393126
            },
            "gtot": -828.03139010431,
            "bmw": 0.0416917613724172
        },
        "CONF1": {
            "xtb_gsolv": {
                "gsolv": -0.014402301265000972,
                "energy_xtb_gas": -51.619196583335,
                "energy_xtb_solv": -51.6335988846
            },
            "sp": {
                "energy": -828.01927576325
            },
            "gtot": -828.033678064515,
            "bmw": 0.47036943199728226
        },
        "CONF6": {
            "xtb_gsolv": {
                "gsolv": -0.01408580082599542,
                "energy_xtb_gas": -51.618615007335,
                "energy_xtb_solv": -51.632700808161
            },
            "sp": {
                "energy": -828.018141689757
            },
            "gtot": -828.0322274905831,
            "bmw": 0.10120949714437
        },
        "CONF8": {
            "xtb_gsolv": {
                "gsolv": -0.016021449267000776,
                "energy_xtb_gas": -51.608644536453,
                "energy_xtb_solv": -51.62466598572
            },
            "sp": {
                "energy": -828.01151168303
            },
            "gtot": -828.027533132297,
            "bmw": 0.0007014002575156327
        },
        "CONF5": {
            "xtb_gsolv": {
                "gsolv": -0.013935789817999478,
                "energy_xtb_gas": -51.618849219099,
                "energy_xtb_solv": -51.632785008917
            },
            "sp": {
                "energy": -828.01846017829
            },
            "gtot": -828.032395968108,
            "bmw": 0.12098055271652543
        },
        "CONF2": {
            "xtb_gsolv": {
                "gsolv": -0.013656640804001086,
                "energy_xtb_gas": -51.619466294379,
                "energy_xtb_solv": -51.633122935183
            },
            "sp": {
                "energy": -828.019284114954
            },
            "gtot": -828.032940755758,
            "bmw": 0.2154272004195113
        }
    },
    "settings": {
        "threshold": 4.0,
        "func": "pbe-d4",
        "basis": "def2-sv(p)",
        "prog": "orca",
        "gfnv": "gfn2",
        "run": true,
        "template": false
    },
    "nconf_in": 8,
    "nconf_out": 8
}