{
    "partname": "screening",
    "runtime": 197.26877550798235,
    "results": {
        "CONF6": {
            "gsolv": {
                "gsolv": -0.013304584350066762,
                "energy_gas": -829.577055652347,
                "energy_solv": -829.590360236697
            },
            "gtot": -829.590360236697,
            "bmw": 0.12048220929583318
        },
        "CONF3": {
            "gsolv": {
                "gsolv": -0.013985509394956352,
                "energy_gas": -829.575412696145,
                "energy_solv": -829.58939820554
            },
            "gtot": -829.58939820554,
            "bmw": 0.04349298557889216
        },
        "CONF5": {
            "gsolv": {
                "gsolv": -0.013179207309008234,
                "energy_gas": -829.577325013361,
                "energy_solv": -829.59050422067
            },
            "gtot": -829.59050422067,
            "bmw": 0.14033014237823563
        },
        "CONF1": {
            "gsolv": {
                "gsolv": -0.012748523869959172,
                "energy_gas": -829.578341250859,
                "energy_solv": -829.591089774729
            },
            "gtot": -829.591089774729,
            "bmw": 0.2609078759823459
        },
        "CONF7": {
            "gsolv": {
                "gsolv": -0.01599403802993038,
                "energy_gas": -829.574064833263,
                "energy_solv": -829.590058871293
            },
            "gtot": -829.590058871293,
            "bmw": 0.08755973369862326
        },
        "CONF8": {
            "gsolv": {
                "gsolv": -0.01806869310098591,
                "energy_gas": -829.57157537259,
                "energy_solv": -829.589644065691
            },
            "gtot": -829.589644065691,
            "bmw": 0.056429611760225595
        },
        "CONF4": {
            "gsolv": {
                "gsolv": -0.013887055643976964,
                "energy_gas": -829.575761375218,
                "energy_solv": -829.589648430862
            },
            "gtot": -829.589648430862,
            "bmw": 0.056691102363758634
        },
        "CONF2": {
            "gsolv": {
                "gsolv": -0.012677677240958474,
                "energy_gas": -829.578309755587,
                "energy_solv": -829.590987432828
            },
            "gtot": -829.590987432828,
            "bmw": 0.23410633894208563
        }
    },
    "settings": {
        "threshold": 3.5,
        "func": "r2scan-3c",
        "basis": "def2-tzvp",
        "prog": "orca",
        "sm": "smd",
        "gfnv": "gfn2",
        "run": true,
        "implicit": false,
        "template": false
    },
    "nconf_in": 8,
    "nconf_out": 8
}