{
   "temperature":     298.150000000000,
   "unit": "hartree",
   "energy":     -17.083367223838,
   "free energy":     -16.966783922893,
   "G(T)":       0.116583300945,
   "ZPVE":       0.147279078382,
   "number of imags":0,
   "point group": "c1",
   "gradient norm":       0.000021405282
}
