{
   "temperature":     298.150000000000,
   "unit": "hartree",
   "energy":     -17.082250234948,
   "free energy":     -16.964741978381,
   "G(T)":       0.117508256566,
   "ZPVE":       0.147462253803,
   "number of imags":0,
   "point group": "c1",
   "gradient norm":       0.000051925317
}
