{
   "temperature":     298.150000000000,
   "unit": "hartree",
   "energy":     -20.871092991278,
   "free energy":     -20.754020338214,
   "G(T)":       0.117072653064,
   "ZPVE":       0.149917898693,
   "number of imags":0,
   "point group": "c1",
   "gradient norm":       0.000053744042
}
