{
   "temperature":     298.150000000000,
   "unit": "hartree",
   "energy":     -56.020476768984,
   "free energy":     -55.818007369838,
   "G(T)":       0.202469399146,
   "ZPVE":       0.248568446169,
   "number of imags":0,
   "point group": "c1",
   "gradient norm":       0.000061258273
}
