{
   "temperature":     298.150000000000,
   "unit": "hartree",
   "energy":     -27.122331381154,
   "free energy":     -26.986195552130,
   "G(T)":       0.136135829024,
   "ZPVE":       0.171343681843,
   "number of imags":0,
   "point group": "c1",
   "gradient norm":       0.000067300438
}
