{
   "temperature":     298.150000000000,
   "unit": "hartree",
   "energy":     -49.348378548930,
   "free energy":     -49.150486900616,
   "G(T)":       0.197891648315,
   "ZPVE":       0.242292126938,
   "number of imags":0,
   "point group": "c1",
   "gradient norm":       0.000052307828
}
