{
   "temperature":     298.150000000000,
   "unit": "hartree",
   "energy":     -16.968588023425,
   "free energy":     -16.880103932911,
   "G(T)":       0.088484090514,
   "ZPVE":       0.121123824446,
   "number of imags":0,
   "point group": "c1",
   "gradient norm":       0.000029390323
}
