{
   "temperature":     298.150000000000,
   "unit": "hartree",
   "energy":     -20.962465748547,
   "free energy":     -20.889403501400,
   "G(T)":       0.073062247147,
   "ZPVE":       0.104950859853,
   "number of imags":0,
   "point group": "c1",
   "gradient norm":       0.000051304510
}
