{
   "temperature":     298.150000000000,
   "unit": "hartree",
   "energy":     -18.588387697062,
   "free energy":     -18.536132249798,
   "G(T)":       0.052255447264,
   "ZPVE":       0.083806588813,
   "number of imags":0,
   "point group": "c1",
   "gradient norm":       0.000028619117
}
