{
   "temperature":     298.150000000000,
   "unit": "hartree",
   "energy":     -27.122969866558,
   "free energy":     -26.988488131433,
   "G(T)":       0.134481735125,
   "ZPVE":       0.171545329816,
   "number of imags":0,
   "point group": "c1",
   "gradient norm":       0.000032408951
}
