{
   "temperature":     298.150000000000,
   "unit": "hartree",
   "energy":     -20.873796194961,
   "free energy":     -20.757621856461,
   "G(T)":       0.116174338500,
   "ZPVE":       0.149664346324,
   "number of imags":0,
   "point group": "c1",
   "gradient norm":       0.000037661612
}
