{
   "temperature":     298.150000000000,
   "unit": "hartree",
   "energy":     -20.873137587796,
   "free energy":     -20.756459680656,
   "G(T)":       0.116677907141,
   "ZPVE":       0.149916030835,
   "number of imags":0,
   "point group": "c1",
   "gradient norm":       0.000023743625
}
