{
   "temperature":     298.150000000000,
   "unit": "hartree",
   "energy":     -25.863263114239,
   "free energy":     -25.757355968299,
   "G(T)":       0.105907145940,
   "ZPVE":       0.139673940837,
   "number of imags":0,
   "point group": "c1",
   "gradient norm":       0.000052091333
}
