{
   "temperature":     298.150000000000,
   "unit": "hartree",
   "energy":     -17.085106011651,
   "free energy":     -16.968171706226,
   "G(T)":       0.116934305426,
   "ZPVE":       0.147211833266,
   "number of imags":0,
   "point group": "c1",
   "gradient norm":       0.000057113854
}
