{
   "temperature":     298.150000000000,
   "unit": "hartree",
   "energy":     -20.873066802858,
   "free energy":     -20.756603321532,
   "G(T)":       0.116463481326,
   "ZPVE":       0.149866427918,
   "number of imags":0,
   "point group": "c1",
   "gradient norm":       0.000024371727
}
