{
   "temperature":     298.150000000000,
   "unit": "hartree",
   "energy":     -27.121065158376,
   "free energy":     -26.985582495718,
   "G(T)":       0.135482662657,
   "ZPVE":       0.171676111275,
   "number of imags":0,
   "point group": "c1",
   "gradient norm":       0.000138140693
}
