{
    "partname": "prescreening",
    "runtime": 12.366032045334578,
    "results": {
        "CONF5": {
            "xtb_gsolv": {
                "gsolv": 4.324718700132735e-05,
                "energy_xtb_gas": -23.419491745836,
                "energy_xtb_solv": -23.419448498649
            },
            "sp": {
                "energy": -291.674522012403
            },
            "gtot": -291.67447876521595,
            "bmw": 0.3262672712510943
        },
        "CONF1": {
            "xtb_gsolv": {
                "gsolv": 0.00019107344800062265,
                "energy_xtb_gas": -23.420229202849,
                "energy_xtb_solv": -23.420038129401
            },
            "sp": {
                "energy": -291.67222032376
            },
            "gtot": -291.672029250312,
            "bmw": 0.024371072742574548
        },
        "CONF4": {
            "xtb_gsolv": {
                "gsolv": 0.00027408538199935606,
                "energy_xtb_gas": -23.419953301212,
                "energy_xtb_solv": -23.41967921583
            },
            "sp": {
                "energy": -291.671665509231
            },
            "gtot": -291.671391423849,
            "bmw": 0.012402087211876897
        },
        "CONF3": {
            "xtb_gsolv": {
                "gsolv": 2.5331879001555535e-05,
                "energy_xtb_gas": -23.4197556517,
                "energy_xtb_solv": -23.419730319821
            },
            "sp": {
                "energy": -291.674531274487
            },
            "gtot": -291.674505942608,
            "bmw": 0.33579501589826427
        },
        "CONF7": {
            "xtb_gsolv": {
                "gsolv": 3.999091600093152e-05,
                "energy_xtb_gas": -23.417267985784,
                "energy_xtb_solv": -23.417227994868
            },
            "sp": {
                "energy": -291.669941018739
            },
            "gtot": -291.669901027823,
            "bmw": 0.0025583506105361343
        },
        "CONF10": {
            "xtb_gsolv": {
                "gsolv": -0.00012553807899706726,
                "energy_xtb_gas": -23.414406390218,
                "energy_xtb_solv": -23.414531928297
            },
            "sp": {
                "energy": -291.669611762226
            },
            "gtot": -291.669737300305,
            "bmw": 0.002151050552656388
        },
        "CONF8": {
            "xtb_gsolv": {
                "gsolv": 2.8532860000041183e-05,
                "energy_xtb_gas": -23.41722347223,
                "energy_xtb_solv": -23.41719493937
            },
            "sp": {
                "energy": -291.669869931072
            },
            "gtot": -291.66984139821204,
            "bmw": 0.0024017751101097656
        },
        "CONF2": {
            "xtb_gsolv": {
                "gsolv": 2.0089723999916487e-05,
                "energy_xtb_gas": -23.419771513763,
                "energy_xtb_solv": -23.419751424039
            },
            "sp": {
                "energy": -291.674339468375
            },
            "gtot": -291.67431937865103,
            "bmw": 0.27558829353907316
        },
        "CONF12": {
            "xtb_gsolv": {
                "gsolv": -0.0001623457200032874,
                "energy_xtb_gas": -23.411804282238,
                "energy_xtb_solv": -23.411966627958
            },
            "sp": {
                "energy": -291.665163992891
            },
            "gtot": -291.665326338611,
            "bmw": 2.01255927420644e-05
        },
        "CONF11": {
            "xtb_gsolv": {
                "gsolv": -0.00011780197199939835,
                "energy_xtb_gas": -23.41439003475,
                "energy_xtb_solv": -23.414507836722
            },
            "sp": {
                "energy": -291.669762254236
            },
            "gtot": -291.669880056208,
            "bmw": 0.002502152568107331
        },
        "CONF6": {
            "xtb_gsolv": {
                "gsolv": 2.5634430009802145e-06,
                "energy_xtb_gas": -23.418372120588,
                "energy_xtb_solv": -23.418369557145
            },
            "sp": {
                "energy": -291.670529382059
            },
            "gtot": -291.670526818616,
            "bmw": 0.004963681449380538
        },
        "CONF9": {
            "xtb_gsolv": {
                "gsolv": -9.190030399963689e-05,
                "energy_xtb_gas": -23.416526747019,
                "energy_xtb_solv": -23.416618647323
            },
            "sp": {
                "energy": -291.671184456642
            },
            "gtot": -291.671276356946,
            "bmw": 0.010979123473584738
        }
    },
    "settings": {
        "threshold": 4.0,
        "func": "pbe-d4",
        "basis": "def2-sv(p)",
        "prog": "orca",
        "gfnv": "gfn2",
        "run": true,
        "template": false
    },
    "nconf_in": 12,
    "nconf_out": 11
}