{
    "partname": "screening",
    "runtime": 61.007728792726994,
    "results": {
        "CONF5": {
            "gsolv": {
                "gsolv": -0.002280349210991517,
                "energy_gas": -292.319784825903,
                "energy_solv": -292.322065175114
            },
            "gtot": -292.322065175114,
            "bmw": 0.39887567817903347
        },
        "CONF11": {
            "gsolv": {
                "gsolv": -0.0026678579229724164,
                "energy_gas": -292.314746522236,
                "energy_solv": -292.317414380159
            },
            "gtot": -292.317414380159,
            "bmw": 0.0028948092705530374
        },
        "CONF7": {
            "gsolv": {
                "gsolv": -0.0026825355750474955,
                "energy_gas": -292.314206122949,
                "energy_solv": -292.316888658524
            },
            "gtot": -292.316888658524,
            "bmw": 0.0016588409254149985
        },
        "CONF4": {
            "gsolv": {
                "gsolv": -0.0016423975409907143,
                "energy_gas": -292.315347206958,
                "energy_solv": -292.316989604499
            },
            "gtot": -292.316989604499,
            "bmw": 0.0018460211640508077
        },
        "CONF3": {
            "gsolv": {
                "gsolv": -0.0022704288559793895,
                "energy_gas": -292.319505475,
                "energy_solv": -292.321775903856
            },
            "gtot": -292.321775903856,
            "bmw": 0.2936175342022056
        },
        "CONF10": {
            "gsolv": {
                "gsolv": -0.0026979903649930748,
                "energy_gas": -292.314636872898,
                "energy_solv": -292.317334863263
            },
            "gtot": -292.317334863263,
            "bmw": 0.0026609990186355656
        },
        "CONF1": {
            "gsolv": {
                "gsolv": -0.0019296858069992595,
                "energy_gas": -292.316840165972,
                "energy_solv": -292.318769851779
            },
            "gtot": -292.318769851779,
            "bmw": 0.012164485430639693
        },
        "CONF2": {
            "gsolv": {
                "gsolv": -0.0022831254720472316,
                "energy_gas": -292.319413155695,
                "energy_solv": -292.321696281167
            },
            "gtot": -292.321696281167,
            "bmw": 0.26987216017354554
        },
        "CONF6": {
            "gsolv": {
                "gsolv": -0.002237723807979819,
                "energy_gas": -292.315486259049,
                "energy_solv": -292.317723982857
            },
            "gtot": -292.317723982857,
            "bmw": 0.004018161038701006
        },
        "CONF8": {
            "gsolv": {
                "gsolv": -0.002774924714969984,
                "energy_gas": -292.314340818089,
                "energy_solv": -292.317115742804
            },
            "gtot": -292.317115742804,
            "bmw": 0.0021098728318716506
        },
        "CONF9": {
            "gsolv": {
                "gsolv": -0.002432180414018603,
                "energy_gas": -292.316178878001,
                "energy_solv": -292.318611058415
            },
            "gtot": -292.318611058415,
            "bmw": 0.010281437765348598
        }
    },
    "settings": {
        "threshold": 3.5,
        "func": "r2scan-3c",
        "basis": "def2-tzvp",
        "prog": "orca",
        "sm": "smd",
        "gfnv": "gfn2",
        "run": true,
        "implicit": false,
        "template": false
    },
    "nconf_in": 11,
    "nconf_out": 11
}