{
   "temperature":     298.150000000000,
   "unit": "hartree",
   "energy":     -27.122444358127,
   "free energy":     -26.988097478565,
   "G(T)":       0.134346879563,
   "ZPVE":       0.171364263644,
   "number of imags":0,
   "point group": "c1",
   "gradient norm":       0.000034141341
}
