{
   "temperature":     298.150000000000,
   "unit": "hartree",
   "energy":     -27.122329877322,
   "free energy":     -26.989898343051,
   "G(T)":       0.132431534270,
   "ZPVE":       0.170940699609,
   "number of imags":0,
   "point group": "c1",
   "gradient norm":       0.000052436390
}
