{
   "temperature":     298.150000000000,
   "unit": "hartree",
   "energy":     -17.084635162126,
   "free energy":     -16.967805663783,
   "G(T)":       0.116829498343,
   "ZPVE":       0.147257339757,
   "number of imags":0,
   "point group": "c1",
   "gradient norm":       0.000022507373
}
