{
   "temperature":     298.150000000000,
   "unit": "hartree",
   "energy":     -56.020175746950,
   "free energy":     -55.818262077883,
   "G(T)":       0.201913669067,
   "ZPVE":       0.248204460711,
   "number of imags":0,
   "point group": "c1",
   "gradient norm":       0.000043209528
}
