{
   "temperature":     298.150000000000,
   "unit": "hartree",
   "energy":     -18.589113966600,
   "free energy":     -18.536037354411,
   "G(T)":       0.053076612189,
   "ZPVE":       0.083828811497,
   "number of imags":0,
   "point group": "c2",
   "gradient norm":       0.000018960683
}
