{
   "temperature":     298.150000000000,
   "unit": "hartree",
   "energy":     -27.123847601381,
   "free energy":     -26.988895477333,
   "G(T)":       0.134952124048,
   "ZPVE":       0.171522515432,
   "number of imags":0,
   "point group": "c1",
   "gradient norm":       0.000078932672
}
