{
   "temperature":     298.150000000000,
   "unit": "hartree",
   "energy":     -51.634913136774,
   "free energy":     -51.444677541160,
   "G(T)":       0.190235595614,
   "ZPVE":       0.236041431357,
   "number of imags":0,
   "point group": "c1",
   "gradient norm":       0.000079424433
}
