{
   "temperature":     298.150000000000,
   "unit": "hartree",
   "energy":     -49.339433585601,
   "free energy":     -49.142417421384,
   "G(T)":       0.197016164217,
   "ZPVE":       0.241882877756,
   "number of imags":0,
   "point group": "c1",
   "gradient norm":       0.000017974881
}
