{
   "temperature":     298.150000000000,
   "unit": "hartree",
   "energy":     -23.232823952271,
   "free energy":     -23.080394525453,
   "G(T)":       0.152429426818,
   "ZPVE":       0.186622775288,
   "number of imags":0,
   "point group": "c2",
   "gradient norm":       0.000063064738
}
