{
    "partname": "prescreening",
    "runtime": 8.064507937990129,
    "results": {
        "CONF1": {
            "xtb_gsolv": {
                "gsolv": -0.004069604766996804,
                "energy_xtb_gas": -18.58323033818,
                "energy_xtb_solv": -18.587299942947
            },
            "sp": {
                "energy": -1037.363936167136
            },
            "gtot": -1037.368005771903,
            "bmw": 0.8812510878618336
        },
        "CONF5": {
            "xtb_gsolv": {
                "gsolv": -0.00529776634000001,
                "energy_xtb_gas": -18.577641904929,
                "energy_xtb_solv": -18.582939671269
            },
            "sp": {
                "energy": -1037.355717153193
            },
            "gtot": -1037.3610149195329,
            "bmw": 0.0005364511249396932
        },
        "CONF2": {
            "xtb_gsolv": {
                "gsolv": -0.004146529408000532,
                "energy_xtb_gas": -18.582427396153,
                "energy_xtb_solv": -18.586573925561
            },
            "sp": {
                "energy": -1037.361754539839
            },
            "gtot": -1037.365901069247,
            "bmw": 0.09484260123819457
        },
        "CONF3": {
            "xtb_gsolv": {
                "gsolv": -0.006605481418002768,
                "energy_xtb_gas": -18.578928673544,
                "energy_xtb_solv": -18.585534154962
            },
            "sp": {
                "energy": -1037.357210012176
            },
            "gtot": -1037.363815493594,
            "bmw": 0.01041609806288165
        },
        "CONF4": {
            "xtb_gsolv": {
                "gsolv": -0.004195019985999693,
                "energy_xtb_gas": -18.580929060652,
                "energy_xtb_solv": -18.585124080638
            },
            "sp": {
                "energy": -1037.359826337518
            },
            "gtot": -1037.3640213575038,
            "bmw": 0.012953761712150322
        }
    },
    "settings": {
        "threshold": 4.0,
        "func": "pbe-d4",
        "basis": "def2-sv(p)",
        "prog": "orca",
        "gfnv": "gfn2",
        "run": true,
        "template": false
    },
    "nconf_in": 5,
    "nconf_out": 4
}