{
    "partname": "screening",
    "runtime": 38.310362577438354,
    "results": {
        "CONF1": {
            "gsolv": {
                "gsolv": -0.004801796806987113,
                "energy_gas": -1038.250615685542,
                "energy_solv": -1038.255417482349
            },
            "gtot": -1038.255417482349,
            "bmw": 0.5695487979072333
        },
        "CONF2": {
            "gsolv": {
                "gsolv": -0.005744147000086741,
                "energy_gas": -1038.248982749665,
                "energy_solv": -1038.254726896665
            },
            "gtot": -1038.254726896665,
            "bmw": 0.27408389207126677
        },
        "CONF4": {
            "gsolv": {
                "gsolv": -0.0066699946100925445,
                "energy_gas": -1038.247510799001,
                "energy_solv": -1038.254180793611
            },
            "gtot": -1038.254180793611,
            "bmw": 0.15370694667082055
        },
        "CONF3": {
            "gsolv": {
                "gsolv": -0.00792571100191708,
                "energy_gas": -1038.242424920676,
                "energy_solv": -1038.250350631678
            },
            "gtot": -1038.250350631678,
            "bmw": 0.0026603633506795234
        }
    },
    "settings": {
        "threshold": 3.5,
        "func": "r2scan-3c",
        "basis": "def2-tzvp",
        "prog": "orca",
        "sm": "smd",
        "gfnv": "gfn2",
        "run": true,
        "implicit": false,
        "template": false
    },
    "nconf_in": 4,
    "nconf_out": 4
}