{
   "temperature":     298.150000000000,
   "unit": "hartree",
   "energy":     -23.232232326836,
   "free energy":     -23.079355314181,
   "G(T)":       0.152877012655,
   "ZPVE":       0.186699524677,
   "number of imags":0,
   "point group": "c2",
   "gradient norm":       0.000038238287
}
