{
   "temperature":     298.150000000000,
   "unit": "hartree",
   "energy":     -23.421564049787,
   "free energy":     -23.254171646719,
   "G(T)":       0.167392403068,
   "ZPVE":       0.201761528835,
   "number of imags":0,
   "point group": "c1",
   "gradient norm":       0.000022569070
}
