{
    "partname": "prescreening",
    "runtime": 17.255188520997763,
    "results": {
        "CONF5": {
            "xtb_gsolv": {
                "gsolv": -0.0019261658369984502,
                "energy_xtb_gas": -17.082069715795,
                "energy_xtb_solv": -17.083995881632
            },
            "sp": {
                "energy": -213.245350309988
            },
            "gtot": -213.247276475825,
            "bmw": 0.08758514822200422
        },
        "CONF3": {
            "xtb_gsolv": {
                "gsolv": -0.0022111948800009884,
                "energy_xtb_gas": -17.08265483639,
                "energy_xtb_solv": -17.08486603127
            },
            "sp": {
                "energy": -213.244895061584
            },
            "gtot": -213.247106256464,
            "bmw": 0.07313663638495095
        },
        "CONF8": {
            "xtb_gsolv": {
                "gsolv": -0.001880957100997449,
                "energy_xtb_gas": -17.080957453999,
                "energy_xtb_solv": -17.0828384111
            },
            "sp": {
                "energy": -213.244792797718
            },
            "gtot": -213.246673754819,
            "bmw": 0.046259187101724455
        },
        "CONF11": {
            "xtb_gsolv": {
                "gsolv": -0.0015171073619981712,
                "energy_xtb_gas": -17.080852138352,
                "energy_xtb_solv": -17.082369245714
            },
            "sp": {
                "energy": -213.244892014535
            },
            "gtot": -213.246409121897,
            "bmw": 0.03495226129559656
        },
        "CONF1": {
            "xtb_gsolv": {
                "gsolv": -0.0022514541470002314,
                "energy_xtb_gas": -17.083450228146,
                "energy_xtb_solv": -17.085701682293
            },
            "sp": {
                "energy": -213.245809013502
            },
            "gtot": -213.248060467649,
            "bmw": 0.20092859456159817
        },
        "CONF14": {
            "xtb_gsolv": {
                "gsolv": -0.002250265378997085,
                "energy_xtb_gas": -17.079646954444,
                "energy_xtb_solv": -17.081897219823
            },
            "sp": {
                "energy": -213.241311149581
            },
            "gtot": -213.24356141496,
            "bmw": 0.001712461264559346
        },
        "CONF12": {
            "xtb_gsolv": {
                "gsolv": -0.0018343792030002248,
                "energy_xtb_gas": -17.08049632552,
                "energy_xtb_solv": -17.082330704723
            },
            "sp": {
                "energy": -213.24212327038
            },
            "gtot": -213.243957649583,
            "bmw": 0.0026054099498868523
        },
        "CONF16": {
            "xtb_gsolv": {
                "gsolv": -0.0018455078919998869,
                "energy_xtb_gas": -17.07970449818,
                "energy_xtb_solv": -17.081550006072
            },
            "sp": {
                "energy": -213.243431218996
            },
            "gtot": -213.245276726888,
            "bmw": 0.010534395735136327
        },
        "CONF10": {
            "xtb_gsolv": {
                "gsolv": -0.0020761353420013506,
                "energy_xtb_gas": -17.080664999104,
                "energy_xtb_solv": -17.082741134446
            },
            "sp": {
                "energy": -213.243972043524
            },
            "gtot": -213.246048178866,
            "bmw": 0.02384805564436687
        },
        "CONF7": {
            "xtb_gsolv": {
                "gsolv": -0.0015868213519993901,
                "energy_xtb_gas": -17.081705824112,
                "energy_xtb_solv": -17.083292645464
            },
            "sp": {
                "energy": -213.2454317499
            },
            "gtot": -213.247018571252,
            "bmw": 0.0666503719236428
        },
        "CONF15": {
            "xtb_gsolv": {
                "gsolv": -0.0018400229529973444,
                "energy_xtb_gas": -17.079714534743,
                "energy_xtb_solv": -17.081554557696
            },
            "sp": {
                "energy": -213.243599610634
            },
            "gtot": -213.24543963358698,
            "bmw": 0.012518189560987115
        },
        "CONF2": {
            "xtb_gsolv": {
                "gsolv": -0.002019457536000857,
                "energy_xtb_gas": -17.082996669866,
                "energy_xtb_solv": -17.085016127402
            },
            "sp": {
                "energy": -213.246024088616
            },
            "gtot": -213.248043546152,
            "bmw": 0.19735966378542655
        },
        "CONF6": {
            "xtb_gsolv": {
                "gsolv": -0.0021114983360028816,
                "energy_xtb_gas": -17.081582230379,
                "energy_xtb_solv": -17.083693728715
            },
            "sp": {
                "energy": -213.245176791929
            },
            "gtot": -213.247288290265,
            "bmw": 0.0886879743223577
        },
        "CONF4": {
            "xtb_gsolv": {
                "gsolv": -0.0019401692889999822,
                "energy_xtb_gas": -17.082062763179,
                "energy_xtb_solv": -17.084002932468
            },
            "sp": {
                "energy": -213.245285752679
            },
            "gtot": -213.24722592196798,
            "bmw": 0.08301896307552405
        },
        "CONF9": {
            "xtb_gsolv": {
                "gsolv": -0.0020867801809991704,
                "energy_xtb_gas": -17.080735044192,
                "energy_xtb_solv": -17.082821824373
            },
            "sp": {
                "energy": -213.244441025489
            },
            "gtot": -213.24652780567,
            "bmw": 0.0396338293552397
        },
        "CONF13": {
            "xtb_gsolv": {
                "gsolv": -0.0017853225670023676,
                "energy_xtb_gas": -17.080300762717,
                "energy_xtb_solv": -17.082086085284
            },
            "sp": {
                "energy": -213.243044788875
            },
            "gtot": -213.244830111442,
            "bmw": 0.006564183964182226
        },
        "CONF17": {
            "xtb_gsolv": {
                "gsolv": -0.0018282135139990885,
                "energy_xtb_gas": -17.079714922645,
                "energy_xtb_solv": -17.081543136159
            },
            "sp": {
                "energy": -213.243874680425
            },
            "gtot": -213.24570289393898,
            "bmw": 0.016543709809456183
        },
        "CONF20": {
            "xtb_gsolv": {
                "gsolv": -0.0021025503479989993,
                "energy_xtb_gas": -17.077780778827,
                "energy_xtb_solv": -17.079883329175
            },
            "sp": {
                "energy": -213.240489692701
            },
            "gtot": -213.242592243049,
            "bmw": 0.0006135253832764475
        },
        "CONF18": {
            "xtb_gsolv": {
                "gsolv": -0.0010759165940008586,
                "energy_xtb_gas": -17.080441601044,
                "energy_xtb_solv": -17.081517517638
            },
            "sp": {
                "energy": -213.243317192341
            },
            "gtot": -213.24439310893501,
            "bmw": 0.00413212551121304
        },
        "CONF22": {
            "xtb_gsolv": {
                "gsolv": -0.001859316190998328,
                "energy_xtb_gas": -17.076121424273,
                "energy_xtb_solv": -17.077980740464
            },
            "sp": {
                "energy": -213.238670749145
            },
            "gtot": -213.240530065336,
            "bmw": 6.907111168350239e-05
        },
        "CONF19": {
            "xtb_gsolv": {
                "gsolv": -0.0016689696919982566,
                "energy_xtb_gas": -17.078767559612,
                "energy_xtb_solv": -17.080436529304
            },