{
    "partname": "screening",
    "runtime": 73.83021591324359,
    "results": {
        "CONF6": {
            "gsolv": {
                "gsolv": -0.005152154186987445,
                "energy_gas": -213.723441300983,
                "energy_solv": -213.72859345517
            },
            "gtot": -213.72859345517,
            "bmw": 0.08653033668954316
        },
        "CONF8": {
            "gsolv": {
                "gsolv": -0.005189695488979851,
                "energy_gas": -213.722907396429,
                "energy_solv": -213.728097091918
            },
            "gtot": -213.728097091918,
            "bmw": 0.051151350155668615
        },
        "CONF1": {
            "gsolv": {
                "gsolv": -0.0057593926130152795,
                "energy_gas": -213.723757891244,
                "energy_solv": -213.729517283857
            },
            "gtot": -213.729517283857,
            "bmw": 0.23019727348975957
        },
        "CONF7": {
            "gsolv": {
                "gsolv": -0.003917525340995098,
                "energy_gas": -213.723150695735,
                "energy_solv": -213.727068221076
            },
            "gtot": -213.727068221076,
            "bmw": 0.01720320136561625
        },
        "CONF10": {
            "gsolv": {
                "gsolv": -0.005151276998986987,
                "energy_gas": -213.722157920921,
                "energy_solv": -213.72730919792
            },
            "gtot": -213.72730919792,
            "bmw": 0.022205008743754754
        },
        "CONF3": {
            "gsolv": {
                "gsolv": -0.005843124295978441,
                "energy_gas": -213.722604627819,
                "energy_solv": -213.728447752115
            },
            "gtot": -213.728447752115,
            "bmw": 0.07415656887012137
        },
        "CONF9": {
            "gsolv": {
                "gsolv": -0.005286372228994196,
                "energy_gas": -213.722536445438,
                "energy_solv": -213.727822817667
            },
            "gtot": -213.727822817667,
            "bmw": 0.03825601057379177
        },
        "CONF11": {
            "gsolv": {
                "gsolv": -0.0037432390600145027,
                "energy_gas": -213.722430288555,
                "energy_solv": -213.726173527615
            },
            "gtot": -213.726173527615,
            "bmw": 0.006669277178328817
        },
        "CONF2": {
            "gsolv": {
                "gsolv": -0.005807513454016089,
                "energy_gas": -213.723487296876,
                "energy_solv": -213.72929481033
            },
            "gtot": -213.72929481033,
            "bmw": 0.18187350499770025
        },
        "CONF5": {
            "gsolv": {
                "gsolv": -0.005979315701011956,
                "energy_gas": -213.722868757649,
                "energy_solv": -213.72884807335
            },
            "gtot": -213.72884807335,
            "bmw": 0.11331428152798534
        },
        "CONF18": {
            "gsolv": {
                "gsolv": -0.002169689040016465,
                "energy_gas": -213.719632781755,
                "energy_solv": -213.721802470795
            },
            "gtot": -213.721802470795,
            "bmw": 6.509262741535726e-05
        },
        "CONF15": {
            "gsolv": {
                "gsolv": -0.0053627575820200946,
                "energy_gas": -213.721820158862,
                "energy_solv": -213.727182916444
            },
            "gtot": -213.727182916444,
            "bmw": 0.019425199612883675
        },
        "CONF16": {
            "gsolv": {
                "gsolv": -0.005345733629013694,
                "energy_gas": -213.721625197399,
                "energy_solv": -213.726970931028
            },
            "gtot": -213.726970931028,
            "bmw": 0.01551882902507817
        },
        "CONF17": {
            "gsolv": {
                "gsolv": -0.005389742220984317,
                "energy_gas": -213.722134569334,
                "energy_solv": -213.727524311555
            },
            "gtot": -213.727524311555,
            "bmw": 0.027886651641755886
        },
        "CONF13": {
            "gsolv": {
                "gsolv": -0.00596080440800506,
                "energy_gas": -213.719869008405,
                "energy_solv": -213.725829812813
            },
            "gtot": -213.725829812813,
            "bmw": 0.004634265402432981
        },
        "CONF4": {
            "gsolv": {
                "gsolv": -0.00597908803999303,
                "energy_gas": -213.72277082694,
                "energy_solv": -213.72874991498
            },
            "gtot": -213.72874991498,
            "bmw": 0.10212567136746804
        },
        "CONF14": {
            "gsolv": {
                "gsolv": -0.005737814768025373,
                "energy_gas": -213.719108697419,
                "energy_solv": -213.724846512187
            },
            "gtot": -213.724846512187,
            "bmw": 0.0016356633467293502
        },
        "CONF12": {
            "gsolv": {
                "gsolv": -0.006028562406015681,
                "energy_gas": -213.719737246457,
                "energy_solv": -213.725765808863
            },
            "gtot": -213.725765808863,
            "bmw": 0.004330530711237647
        },
        "CONF20": {
            "gsolv": {
                "gsolv": -0.0051394216170024265,
                "energy_gas": -213.718821195881,
                "energy_solv": -213.723960617498
            },
            "gtot": -213.723960617498,
            "bmw": 0.0006400450912595817
        },
        "CONF21": {
            "gsolv": {
                "gsolv": -0.004998901960988178,
                "energy_gas": -213.719391703772,
                "energy_solv": -213.724390605733
            },
            "gtot": -213.724390605733,
            "bmw": 0.001009233060463119
        },
        "CONF19": {
            "gsolv": {
                "gsolv": -0.005014186859995107,
                "energy_gas": -213.719517597815,
                "energy_solv": -213.724531784675
            },
            "gtot": -213.724531784675,
            "bmw": 0.001172004521006435
        }
    },
    "settings": {
        "threshold": 3.5,
        "func": "r2scan-3c",
        "basis": "def2-tzvp",
        "prog": "orca",
        "sm": "smd",
        "gfnv": "gfn2",
        "run": true,
        "implicit": false,
        "template": false
    },
    "nconf_in": 21,
    "nconf_out": 21
}