{
   "temperature":     298.150000000000,
   "unit": "hartree",
   "energy":     -23.235548276685,
   "free energy":     -23.087017520780,
   "G(T)":       0.148530755905,
   "ZPVE":       0.186059447855,
   "number of imags":0,
   "point group": "c1",
   "gradient norm":       0.000027126208
}
