{
   "temperature":     298.150000000000,
   "unit": "hartree",
   "energy":     -56.019402471455,
   "free energy":     -55.816866275857,
   "G(T)":       0.202536195598,
   "ZPVE":       0.248588128387,
   "number of imags":0,
   "point group": "c1",
   "gradient norm":       0.000026449329
}
