{
   "temperature":     298.150000000000,
   "unit": "hartree",
   "energy":     -27.123362577815,
   "free energy":     -26.989336885064,
   "G(T)":       0.134025692751,
   "ZPVE":       0.171309627213,
   "number of imags":0,
   "point group": "c1",
   "gradient norm":       0.000043383758
}
