{
   "temperature":     298.150000000000,
   "unit": "hartree",
   "energy":     -27.123154017180,
   "free energy":     -26.989020959243,
   "G(T)":       0.134133057937,
   "ZPVE":       0.171407650816,
   "number of imags":0,
   "point group": "c1",
   "gradient norm":       0.000033833854
}
