{
   "temperature":     298.150000000000,
   "unit": "hartree",
   "energy":     -49.346787008950,
   "free energy":     -49.149159448006,
   "G(T)":       0.197627560944,
   "ZPVE":       0.242179206108,
   "number of imags":0,
   "point group": "c1",
   "gradient norm":       0.000076845044
}
