{
   "temperature":     298.150000000000,
   "unit": "hartree",
   "energy":     -27.121956910194,
   "free energy":     -26.986870293366,
   "G(T)":       0.135086616829,
   "ZPVE":       0.171646263738,
   "number of imags":0,
   "point group": "c1",
   "gradient norm":       0.000046370161
}
