{
   "temperature":     298.150000000000,
   "unit": "hartree",
   "energy":     -27.122496791315,
   "free energy":     -26.990161353785,
   "G(T)":       0.132335437530,
   "ZPVE":       0.171256415233,
   "number of imags":0,
   "point group": "c1",
   "gradient norm":       0.000042476151
}
