{
   "temperature":     298.150000000000,
   "unit": "hartree",
   "energy":     -27.123646047754,
   "free energy":     -26.989176790242,
   "G(T)":       0.134469257512,
   "ZPVE":       0.171245795815,
   "number of imags":0,
   "point group": "c1",
   "gradient norm":       0.000026675565
}
