{
   "temperature":     298.150000000000,
   "unit": "hartree",
   "energy":     -18.587347985629,
   "free energy":     -18.535208328717,
   "G(T)":       0.052139656912,
   "ZPVE":       0.083691396058,
   "number of imags":0,
   "point group": "cs",
   "gradient norm":       0.000023851987
}
