{
   "temperature":     298.150000000000,
   "unit": "hartree",
   "energy":     -27.122493491229,
   "free energy":     -26.989550420916,
   "G(T)":       0.132943070313,
   "ZPVE":       0.171289225319,
   "number of imags":0,
   "point group": "c1",
   "gradient norm":       0.000089951747
}
