{
   "temperature":     298.150000000000,
   "unit": "hartree",
   "energy":     -17.084651639595,
   "free energy":     -16.967828339739,
   "G(T)":       0.116823299856,
   "ZPVE":       0.147202270197,
   "number of imags":0,
   "point group": "c1",
   "gradient norm":       0.000043646130
}
