{
   "temperature":     298.150000000000,
   "unit": "hartree",
   "energy":     -27.122773552942,
   "free energy":     -26.988157142050,
   "G(T)":       0.134616410892,
   "ZPVE":       0.171617171016,
   "number of imags":0,
   "point group": "c1",
   "gradient norm":       0.000040914859
}
