{
   "temperature":     298.150000000000,
   "unit": "hartree",
   "energy":     -18.586937824487,
   "free energy":     -18.534241545918,
   "G(T)":       0.052696278568,
   "ZPVE":       0.083759720593,
   "number of imags":0,
   "point group": "c2v",
   "gradient norm":       0.000033519426
}
