{
   "temperature":     298.150000000000,
   "unit": "hartree",
   "energy":     -27.122330574233,
   "free energy":     -26.990022872050,
   "G(T)":       0.132307702183,
   "ZPVE":       0.170933318859,
   "number of imags":0,
   "point group": "c1",
   "gradient norm":       0.000059997453
}
