$hessian                                                                        
        0.5127375355   0.0117426457  -0.0260950078  -0.1132118422   0.0013483055
       -0.0731483575   0.0045664211  -0.0010264862   0.0049134728  -0.0000100228
       -0.0023506398   0.0016023758  -0.0001396778   0.0000098178  -0.0002354775
       -0.0031974354  -0.0029299016   0.0012781368  -0.0238107494  -0.0009974943
       -0.0233353349  -0.0001267951   0.0009817703  -0.0012777941  -0.0015453975
        0.0001509689  -0.0010181114   0.0004186310  -0.0003408057  -0.0004196707
        0.0000829188   0.0001988557   0.0001489348   0.0001610858  -0.0000669689
       -0.0000867195  -0.0000963835  -0.0000518229  -0.0000177536  -0.0000249723
        0.0000556448   0.0000695724  -0.0001275498  -0.0001648993  -0.0000655477
        0.0002411641   0.0003074885   0.0001881475  -0.0000636671  -0.0001576441
       -0.0001296829  -0.0002657683  -0.0000890995  -0.0000161591  -0.2432577078
       -0.0822681781   0.0439748364  -0.0438551053   0.0195207472  -0.0058494869
       -0.0885014802   0.0551373026   0.0779344275   0.0011457891   0.0006265216
        0.0021010446   0.0002031528   0.0000715936   0.0005652240   0.0000327455
        0.0004323640   0.0000552746  -0.0002338395   0.0002837053  -0.0005866792
       -0.0001908259  -0.0004107359  -0.0001901096  -0.0005319403  -0.0000230465
       -0.0003062605  -0.0002333633   0.0000898643  -0.0000347097  -0.0000743596
       -0.0001120663  -0.0000655448  -0.0000249758   0.0000170843   0.0000207365
       -0.0000508024   0.0000120286   0.0000171865  -0.0000414497  -0.0000044274
        0.0000069681   0.0000266674   0.0000075079   0.0000020692
        0.0117426457   0.4921674555  -0.0012005600  -0.0021546135  -0.0612704429
        0.0020767600   0.0030223415   0.0021019477   0.0076966546  -0.0023227025
        0.0063728443   0.0021978633  -0.0000091141  -0.0001960870   0.0001620707
       -0.0032334729   0.0061239477   0.0012469681  -0.0030768571   0.0010459183
       -0.0054237467   0.0009046201  -0.0034974682  -0.0005346548   0.0000349032
       -0.0000976018  -0.0004397390  -0.0000544023  -0.0000414998   0.0000592114
       -0.0000211643  -0.0000061352  -0.0000671840  -0.0000545880  -0.0000103140
        0.0000187555   0.0000271873   0.0000317461   0.0000108662   0.0000301314
       -0.0000567413  -0.0000587322   0.0000202689   0.0000978303   0.0001149069
       -0.0000169594  -0.0001904126  -0.0001276839  -0.0000772901   0.0000892642
        0.0000703935   0.0000646811   0.0000583469   0.0000092274  -0.0819609371
       -0.0777598339   0.0171355016   0.0221386986  -0.2523403839   0.0727122393
        0.0551008854  -0.1097120850  -0.0952240236   0.0011903613  -0.0020238324
        0.0000175363   0.0002297286  -0.0001708855   0.0004365147   0.0003611691
       -0.0014193937  -0.0002332904  -0.0001494826   0.0000902009  -0.0000744406
        0.0004322293   0.0003822094  -0.0005239749  -0.0020938471   0.0002271732
       -0.0000150770  -0.0000594771  -0.0000112264  -0.0000739002  -0.0000309631
        0.0000048324   0.0000137462   0.0000020693   0.0000173416   0.0000175246
        0.0000109344   0.0000100728   0.0000002703   0.0000024229   0.0000066943
        0.0000064468   0.0000005932  -0.0000234821  -0.0000064503
       -0.0260950078  -0.0012005600   0.4827794131  -0.0673544773   0.0050276199
       -0.1673294003  -0.0131650855   0.0040291396  -0.0337020459   0.0032246685
        0.0026762212  -0.0018368462  -0.0009265691  -0.0001478633  -0.0006324422
        0.0009536497   0.0009470953   0.0014043238  -0.0087847385  -0.0019746650
       -0.0021896577   0.0012584075   0.0000998744  -0.0013996683  -0.0002649582
        0.0001286199   0.0003470240   0.0004419938  -0.0002838779  -0.0003631288
       -0.0000122887   0.0001947553   0.0001542929   0.0001267613  -0.0000605097
       -0.0000783753  -0.0000874707  -0.0000499242  -0.0000027189   0.0000038193
        0.0000229291   0.0000222127  -0.0001304753  -0.0000606373  -0.0000324892
        0.0002348933   0.0001271287  -0.0000209765  -0.0001146215  -0.0000509492
        0.0000278615  -0.0002002670  -0.0000673458   0.0000321971   0.0432964269
        0.0164935258  -0.0524481205  -0.0075414272   0.0690865165  -0.0606979579
        0.0751771820  -0.0940788633  -0.1643744014  -0.0016193755  -0.0009393318
        0.0007187481  -0.0006542040   0.0000205661  -0.0013404804  -0.0000246027
       -0.0002519947   0.0000379895   0.0002303130   0.0002037407  -0.0000545584
        0.0009471561   0.0006088853   0.0006153155   0.0010846184  -0.0005810598
        0.0003723197   0.0000853090   0.0000665545   0.0000012986  -0.0000550103
       -0.0000373708  -0.0000306285  -0.0000118036   0.0000305605   0.0000122274
       -0.0000273811   0.0000113366   0.0000120461  -0.0000224011   0.0000023209
        0.0000052689   0.0000269660   0.0000075622  -0.0000086425
       -0.1132118422  -0.0021546135  -0.0673544773   0.5968923404   0.1110983552
        0.0014289853  -0.1296471973  -0.0277743552   0.0441620881   0.0548370397
        0.0085685500   0.0216079968  -0.0403589468  -0.0138948815   0.0275166020
       -0.0416850521   0.0056764593  -0.0730772994  -0.2763483693  -0.0628884833
        0.0399460724  -0.0179598693  -0.0069963472   0.0103977299   0.0039985676
       -0.0029753697  -0.0028928105  -0.0018293842   0.0009093017   0.0017821455
        0.0003890419  -0.0008833967  -0.0009586046  -0.0005113479   0.0001903629
        0.0004059605   0.0004607382   0.0003522171   0.0000858724   0.0000204662
       -0.0003221054  -0.0003386189   0.0007101612   0.0006545474   0.0006533164
       -0.0005508403  -0.0013104417  -0.0007983899  -0.0001061730   0.0004820004
        0.0005216672   0.0006702711   0.0003351322  -0.0000092405  -0.0213919189
       -0.0007497998  -0.0226274018  -0.0015985525   0.0030585786  -0.0066123922
        0.0077629304  -0.0003520183   0.0063372235  -0.0169590198  -0.0090403291
        0.0240038487  -0.0005384782  -0.0013384654  -0.0038357320  -0.0001999340
        0.0000362571   0.0007493352  -0.0006258045  -0.0010897527   0.0020044263
       -0.0002219924  -0.0007826149  -0.0011923502  -0.0005538763   0.0005613465
       -0.0012922072  -0.0013420174   0.0002792066  -0.0006779102  -0.0002040642
        0.0004364006   0.0001291321   0.0000206245  -0.0000651373   0.0000040648
        0.0000751745  -0.0000021393  -0.0000524705   0.0000577541   0.0000033360
        0.0000010899  -0.0000504293  -0.0000218007  -0.0000176519
        0.0013483055  -0.0612704429   0.0050276199   0.1110983552   0.1945563804
       -0.0944011602  -0.0426899402  -0.0684840523   0.0527704469   0.0195275120
        0.0014028036   0.0172661141  -0.0144444915  -0.0091801513   0.0084573896
       -0.0042706533   0.0009415177  -0.0235112150  -0.0506658814  -0.0676094535
        0.0162878276  -0.0095619195  -0.0025971095   0.0045107516  -0.0009487789
        0.0061759332   0.0029391249  -0.0010520916  -0.0001310522  -0.0002710716
        0.0001330942  -0.0000831952  -0.0001808182   0.0001798133  -0.0000482404
        0.0000400527  -0.0000130361  -0.0000131002  -0.0000395085  -0.0000422967
       -0.0000659791   0.0000767581  -0.0002403467  -0.0000911920   0.0001470488
       -0.0001014178   0.0001549262   0.0001910594   0.0004129122   0.0000687166
       -0.0000123535  -0.0000072976   0.0000124795  -0.0000462568  -0.0071143781
        0.0001536256  -0.0088948407   0.0158421995  -0.0013673300   0.0243044409
       -0.0088085759   0.0009517331  -0.0131538367  -0.0047562697  -0.0017697352
        0.0063777722  -0.0014460051   0.0071031834   0.0009821635  -0.0001567682
        0.0000279306   0.0000735307  -0.0015883584  -0.0000607323   0.0017209193
       -0.0004866262   0.0002429213  -0.0003097979  -0.0009835744   0.0004126580
        0.0000118080   0.0007204534   0.0004185578  -0.0003315472   0.0001161239
        0.0001283174  -0.0000384095   0.0000060737  -0.0000077942   0.0000085084
       -0.0000034003   0.0000194781  -0.0000239365  -0.0000067773  -0.0000013738
        0.0000240650   0.0000040420   0.0000097713  -0.0000026492
       -0.0731483575   0.0020767600  -0.1673294003   0.0014289853  -0.0944011602
        0.6231925966   0.1195085812   0.0698458660  -0.2614120591  -0.0347640250
        0.0040465342  -0.0652616745   0.0301999242   0.0090011949  -0.0140327224
       -0.0194823426  -0.0107165842   0.0294637723  -0.0284247785   0.0002366276
       -0.0859302188   0.0248148497   0.0076919789  -0.0047060460  -0.0037416202
        0.0013762372  -0.0040291023  -0.0005770409  -0.0000074931  -0.0001313283
        0.0000706919  -0.0000751278  -0.0001761762  -0.0001297117   0.0000518983
        0.0000108790   0.0000464981   0.0000651468   0.0000285604  -0.0000271281
       -0.0000923139   0.0000115271   0.0000686268   0.0000472561   0.0002235257
       -0.0001183407  -0.0001726468  -0.0001019914   0.0000092212   0.0000533765
        0.0000556383   0.0001134966   0.0000657005  -0.0000314815  -0.0010529618
       -0.0004175631   0.0031520932  -0.0067238127   0.0061992631  -0.0152471007
       -0.0104509985  -0.0002911070  -0.0266831199   0.0022703176   0.0012450524
       -0.0021319280  -0.0031449755   0.0010907630  -0.0033410164   0.0007131454
       -0.0001291859   0.0005145973   0.0021294896   0.0019621121  -0.0047720725
        0.0006831725   0.0000052681  -0.0011087606   0.0003907734   0.0012264100
       -0.0001360301  -0.0005786123  -0.0000562707  -0.0002960028  -0.0001006018
        0.0000836950   0.0001786231   0.0000184466  -0.0000149181   0.0000090180
        0.0000098300  -0.0000004204   0.0000016883   0.0000005899   0.0000090110
        0.0000103506  -0.0000113324  -0.0000053607   0.0000053621
        0.0045664211   0.0030223415  -0.0131650855  -0.1296471973  -0.0426899402
        0.1195085812   0.6370247388   0.1255527591   0.0328622441  -0.1605057941
       -0.0020832536  -0.1492163035  -0.0428918806  -0.0060116205  -0.0213891010
        0.0036033648   0.0030703692  -0.0060085101  -0.0240915809  -0.0117065949
        0.0266510495  -0.0043907446  -0.0028507107  -0.0008222379  -0.0014754485
       -0.0010404784   0.0002028456   0.0003617074   0.0003411229  -0.0004921072
       -0.0000427528  -0.0000614829  -0.0000643734  -0.0000610250   0.0000164473
        0.0000595651   0.0000778507   0.0000583844   0.0000205986   0.0000569531
       -0.0000535281  -0.0000087116   0.0000898535   0.0000643321  -0.0000067002
        0.0000805856   0.0000128378  -0.0000579782  -0.0001046383  -0.0000203418
        0.0000156835   0.0000067833   0.0000055396   0.0000172664   0.0009876052
        0.0007940934  -0.0024760869  -0.0010128932   0.0007010030  -0.0023870163
       -0.0009308864   0.0000609262  -0.0025507459  -0.2821699694  -0.0633139198
        0.0078898793   0.0063013950  -0.0005664114   0.0105235361  -0.0052538428
       -0.0029404808  -0.0002892660  -0.0006798362  -0.0004791672   0.0012601632
        0.0002007769  -0.0000280152  -0.0005058858  -0.0001097018   0.0001994718
       -0.0001920175   0.0001689890  -0.0000711298   0.0005165040  -0.0001356746
        0.0000044187   0.0000940838  -0.0000134925   0.0000179194   0.0000123907
       -0.0000006234   0.0000138983   0.0000036702  -0.0000069365   0.0000014876
        0.0000025408  -0.0000021056  -0.0000202767  -0.0000084752
       -0.0010264862   0.0021019477   0.0040291396  -0.0277743552  -0.0684840523
        0.0698458660   0.1255527591   0.1606781311  -0.0881264565  -0.0163327272
       -0.0500641363   0.0007687087   0.0038244736   0.0045558860  -0.0100966421
        0.0029875944  -0.0062289749   0.0094087648  -0.0214264827  -0.0060499668
        0.0024944222  -0.0025862633   0.0060328945   0.0013001465  -0.0004686536
       -0.0001026141  -0.0001832909   0.0001798361   0.0000224460  -0.0001355426
       -0.0000885909  -0.0000287535   0.0000801865  -0.0000010664   0.0000229463
       -0.0000227166   0.0000158087   0.0000124704   0.0000105506   0.0000236320
       -0.0000084453  -0.0000018087  -0.0000026916   0.0000314293  -0.0000325587
        0.0000279811   0.0000036891  -0.0000123200  -0.0000272459   0.0000175542
       -0.0000172751  -0.0000116786   0.0000003998   0.0000059286  -0.0000378220
       -0.0000402408  -0.0007667924   0.0003606414  -0.0000691500   0.0001921766
       -0.0000293278  -0.0001678238  -0.0008787607  -0.0632581700  -0.0495235430
        0.0036270094   0.0035385272   0.0002254843   0.0069990817  -0.0030477218
        0.0069495044   0.0009968844  -0.0000717547   0.0002948311  -0.0000338654
       -0.0007646936  -0.0004780926   0.0011048321   0.0004930318   0.0003925805
       -0.0007911952   0.0000452727  -0.0001182350   0.0001820975  -0.0000908681
        0.0000157738   0.0000319073  -0.0000109001   0.0000114842   0.0000058575
        0.0000045474  -0.0000016778   0.0000091959   0.0000013946   0.0000025203
        0.0000001640   0.0000019997  -0.0000062673   0.0000063046
        0.0049134728   0.0076966546  -0.0337020459   0.0441620881   0.0527704469
       -0.2614120591   0.0328622441  -0.0881264565   0.6413489159  -0.0731745847
        0.0182874109  -0.2641506768  -0.0780539354  -0.0229146456   0.0281770889
       -0.0031531995   0.0109184562  -0.0626596358   0.0781813587   0.0157727636
        0.0209146286  -0.0010589609   0.0004892268   0.0022159217   0.0000063985
       -0.0014263843   0.0006489833  -0.0000360261   0.0000696317  -0.0000649710
        0.0001126826  -0.0000420730  -0.0003857856  -0.0000630840  -0.0000295307
        0.0001847596   0.0001046551   0.0000922547   0.0000107418   0.0000270511
       -0.0000914811  -0.0000914909   0.0000335391   0.0000955544   0.0002068844
        0.0000237641  -0.0002516019  -0.0002197927  -0.0000975601   0.0000706145
        0.0002086313   0.0000763353   0.0000632640   0.0000174881   0.0021024665
        0.0004610593   0.0005687371  -0.0007665812  -0.0004757866  -0.0015915815
       -0.0017009261   0.0002361404  -0.0028259902   0.0077649081   0.0034297842
       -0.0436172333  -0.0127214153   0.0015424696  -0.0253761475   0.0003249336
        0.0014822799   0.0015176119   0.0000585963  -0.0001024846  -0.0001408398
        0.0001092423  -0.0001711158   0.0000909544  -0.0000956222  -0.0002571230
       -0.0000199655  -0.0001393380   0.0003218102   0.0001571676   0.0001683907
        0.0000696515   0.0000287875   0.0000193124  -0.0000130415   0.0000132339
        0.0000072036   0.0000262718  -0.0000295473   0.0000062112  -0.0000007227
        0.0000025076  -0.0000036208   0.0000067019  -0.0000252807
       -0.0000100228  -0.0023227025   0.0032246685   0.0548370397   0.0195275120
       -0.0347640250  -0.1605057941  -0.0163327272  -0.0731745847   0.6361666956
        0.1221881285   0.0113561878  -0.3275460983  -0.0609493090  -0.0314534123
       -0.0282585064  -0.0225887636   0.0826241316  -0.0481622406  -0.0058042377
       -0.0270865123  -0.0001348416   0.0004789626   0.0004486946   0.0022864354
        0.0008374475   0.0007820533  -0.0006588747  -0.0005610166   0.0010854199
       -0.0000886441  -0.0000719307   0.0001629376  -0.0000382291   0.0000995000
       -0.0001530087  -0.0000257687  -0.0000103325   0.0000538458  -0.0000446789
       -0.0000041285  -0.0001083076   0.0000441820   0.0001988592  -0.0000082883
       -0.0000964722  -0.0002407331  -0.0001687180   0.0001061265   0.0001839955
        0.0001021725   0.0000369110   0.0000037501   0.0000556113  -0.0001245719
       -0.0000215882   0.0001007672   0.0002842527   0.0001387799   0.0000585962
        0.0001465413   0.0002201000  -0.0003801467  -0.0193388484  -0.0004010608
       -0.0246411268  -0.0900435195  -0.0301441228   0.0948361997  -0.0182302705
       -0.0043125779  -0.0016843043   0.0001051827   0.0000764612  -0.0000217916
       -0.0002727650   0.0000462346  -0.0001284244   0.0000454873   0.0001692036
       -0.0003613702  -0.0003307710  -0.0003133196  -0.0008472475  -0.0001491392
       -0.0001012651   0.0000640836  -0.0000186024   0.0000211342  -0.0000129110
        0.0000117371  -0.0000321044   0.0000427894  -0.0000057872   0.0000170466
       -0.0000016243   0.0000138555   0.0000048047  -0.0000023552
       -0.0023506398   0.0063728443   0.0026762212   0.0085685500   0.0014028036
        0.0040465342  -0.0020832536  -0.0500641363   0.0182874109   0.1221881285
        0.1584140297  -0.0904628255  -0.0743653480  -0.0623831065   0.0017755088
       -0.0114912347  -0.0067734441   0.0138430904  -0.0050183241  -0.0036773628
       -0.0047581628  -0.0000198903  -0.0001041424   0.0002068377   0.0005010604
        0.0064033268   0.0018351706  -0.0021153338   0.0002635308   0.0008312156
       -0.0000897368  -0.0003112899  -0.0003632849  -0.0002407693   0.0000676787
        0.0001271211   0.0001754639   0.0001273711   0.0000298612  -0.0000817989
       -0.0001772370  -0.0000887087   0.0001005442   0.0004414486   0.0004808541
       -0.0001448221  -0.0005113672  -0.0003012764   0.0000231852   0.0002678410
        0.0002279316   0.0002486139   0.0001304383  -0.0000286699   0.0000247059
       -0.0000131226  -0.0000290523  -0.0005648082   0.0003147944  -0.0013432154
        0.0006582028  -0.0000381817   0.0015327340  -0.0046056068   0.0002014433
       -0.0059508883  -0.0300676702  -0.0509874393   0.0579404809   0.0003557047
        0.0002232731  -0.0002386027   0.0000492621   0.0000152143  -0.0000308740
       -0.0000342500  -0.0000062692  -0.0000329440  -0.0000315856   0.0000270360
       -0.0000505960   0.0004309008   0.0004119282  -0.0001803797  -0.0000006400
       -0.0000225921  -0.0000048939  -0.0000035453  -0.0000105665   0.0000161545
        0.0000138081   0.0000007378  -0.0000087899  -0.0000101560   0.0000096457
        0.0000201137  -0.0000187170  -0.0000151281  -0.0000040763
        0.0016023758   0.0021978633  -0.0018368462   0.0216079968   0.0172661141
       -0.0652616745  -0.1492163035   0.0007687087  -0.2641506768   0.0113561878
       -0.0904628255   0.6552417863   0.0438226905   0.0190251896  -0.0918097283
        0.0252588908   0.0011540524   0.0235274392  -0.0274092517  -0.0058975092
       -0.0100808921   0.0002287687   0.0001399244  -0.0009382915   0.0034499381
        0.0025837278  -0.0042433531   0.0008762804   0.0005856821  -0.0006122374
       -0.0001997261   0.0001672494   0.0003557108   0.0001548549  -0.0000317797
       -0.0000991861  -0.0001312452  -0.0001041262  -0.0000241609   0.0000457711
        0.0000206594   0.0001533235   0.0001207882  -0.0003167169  -0.0000598163
        0.0002102724   0.0001632319   0.0000033324  -0.0000996995  -0.0001034499
       -0.0000042017  -0.0002286833  -0.0000804678   0.0000076506   0.0003841847
        0.0000498597   0.0002515770  -0.0002487565   0.0000379230  -0.0011738022
       -0.0002112819   0.0004349688  -0.0006425312  -0.0011746547  -0.0001259500
       -0.0004596913   0.0947534913   0.0578611535  -0.2370016862  -0.0251860203
       -0.0055702695  -0.0008925790  -0.0001759585  -0.0000325836   0.0001225484
       -0.0000842860   0.0001749533   0.0000228447   0.0001346563   0.0000078565
       -0.0000007804   0.0002680595   0.0000246408  -0.0002979672   0.0000775787
        0.0000007448  -0.0001184342  -0.0000115458   0.0000300247  -0.0000037899
       -0.0000166897   0.0000031323   0.0000060029   0.0000069963  -0.0000086159
        0.0000058254   0.0000343204   0.0000366339   0.0000142855
       -0.0001396778  -0.0000091141  -0.0009265691  -0.0403589468  -0.0144444915
        0.0301999242  -0.0428918806   0.0038244736  -0.0780539354  -0.3275460983
       -0.0743653480   0.0438226905   0.6562422408   0.1182143637   0.0338554614
       -0.1135995292  -0.0208543693   0.0398592484   0.0495581634   0.0085623316
        0.0190016608  -0.0009850574  -0.0015203144  -0.0037994214  -0.0419021410
       -0.0118646523   0.0322920870   0.0002271233  -0.0059168178  -0.0017397171
        0.0001507298   0.0002812361   0.0002376887   0.0006773197  -0.0002218617
       -0.0003631348  -0.0002438087  -0.0002085109  -0.0000838552  -0.0001712511
        0.0001874120  -0.0001911894  -0.0023038286   0.0003273203  -0.0003357258
        0.0010000937   0.0014276338   0.0007944448  -0.0000579148  -0.0004199629
       -0.0003517274  -0.0008729417  -0.0004260407   0.0000725147   0.0002686608
        0.0000994044  -0.0000099486   0.0000250794  -0.0001480915   0.0003034695
        0.0000184554  -0.0000892081   0.0002016150  -0.0006822213  -0.0012707396
       -0.0033014558  -0.0150821186  -0.0037860505   0.0028598273  -0.1215103639
        0.0019522742  -0.1178810061  -0.0003165822  -0.0000786700   0.0001483247
        0.0003736422   0.0001519314  -0.0002999922   0.0000641451  -0.0001254656
        0.0001423309   0.0000010724   0.0002691525   0.0030913504   0.0001546864
        0.0002149833   0.0002611067  -0.0000103733   0.0000901163   0.0000560547
       -0.0000449543   0.0000400637   0.0000630602  -0.0001517943   0.0000627522
        0.0000723911   0.0001100716   0.0000442596   0.0000024273
        0.0000098178  -0.0001960870  -0.0001478633  -0.0138948815  -0.0091801513
        0.0090011949  -0.0060116205   0.0045558860  -0.0229146456  -0.0609493090
       -0.0623831065   0.0190251896   0.1182143637   0.1515549500  -0.0844051961
       -0.0369967363  -0.0634288939   0.0432675234   0.0192434652   0.0007314420
        0.0171318995  -0.0016835446   0.0063773947   0.0011197041  -0.0099478903
        0.0003063880   0.0077800946   0.0008912169  -0.0013330627  -0.0003994078
        0.0001287568   0.0001227600   0.0002267766   0.0002609805   0.0000784435
       -0.0000663431  -0.0000354458  -0.0000196662   0.0000202877   0.0000314863
       -0.0000449932  -0.0001242650  -0.0008034606   0.0000529165  -0.0001274120
        0.0002657751   0.0001857722   0.0000628516   0.0000890658   0.0000669200
        0.0000331704  -0.0002948367  -0.0000718612   0.0000660522   0.0000320032
        0.0000494297  -0.0000277458   0.0000225665  -0.0000196053   0.0000877697
        0.0000085420  -0.0000379038   0.0000598640  -0.0014070356   0.0069854677
        0.0011031530  -0.0084756080  -0.0016451674   0.0013430166   0.0012186050
       -0.0334636208   0.0070189997  -0.0000094089   0.0000307626  -0.0002412121
       -0.0006069544  -0.0003856704   0.0016826665   0.0004246160   0.0005162856
       -0.0009305735   0.0001561607   0.0003489613   0.0001788395   0.0000679168
        0.0001908510   0.0001257556  -0.0000051344   0.0000229718   0.0000094517
        0.0000131807   0.0000005943   0.0000205178  -0.0000085398   0.0000132741
        0.0000112550   0.0000518874   0.0000183183   0.0000086306
       -0.0002354775   0.0001620707  -0.0006324422   0.0275166020   0.0084573896
       -0.0140327224  -0.0213891010  -0.0100966421   0.0281770889  -0.0314534123
        0.0017755088  -0.0918097283   0.0338554614  -0.0844051961   0.6305776680
        0.1082280926   0.0584667097  -0.2595875743  -0.0308602014   0.0045583743
       -0.0600527540  -0.0028314260   0.0014156859  -0.0014828462   0.0150814280
        0.0062613846  -0.0023766098  -0.0003338219  -0.0004873336   0.0011160005
       -0.0002652581   0.0007081257   0.0009645301   0.0004193114  -0.0000245491
       -0.0002966035  -0.0003737842  -0.0002488093  -0.0000438518  -0.0000954619
        0.0001589111   0.0000804624  -0.0004618287  -0.0004537874  -0.0004030166
       -0.0000716836   0.0004906133   0.0005700613   0.0004284639  -0.0001053004
       -0.0003645751  -0.0003085677  -0.0001571724   0.0000194808   0.0001728308
       -0.0000046652   0.0000906201   0.0000127194  -0.0000831742  -0.0000654163
       -0.0001040353   0.0000852782   0.0000655208  -0.0037623387   0.0009839171
       -0.0035456325   0.0261408351   0.0067129538  -0.0030818697  -0.1180172149
        0.0063524184  -0.2215785419  -0.0001956724  -0.0002272818   0.0003414362
       -0.0002586318   0.0002743817  -0.0003393284   0.0002887400   0.0002274678
       -0.0012863946  -0.0011319758  -0.0004380815  -0.0005657476   0.0000645539
       -0.0003573525  -0.0004885633  -0.0000064702   0.0000206878  -0.0000228263
       -0.0000352061  -0.0000208598   0.0000430907  -0.0000319449  -0.0000000749
       -0.0000055525   0.0000144758  -0.0000015981   0.0000166375
       -0.0031974354  -0.0032334729   0.0009536497  -0.0416850521  -0.0042706533
       -0.0194823426   0.0036033648   0.0029875944  -0.0031531995  -0.0282585064
       -0.0114912347   0.0252588908  -0.1135995292  -0.0369967363   0.1082280926
        0.5875342782   0.0937391164   0.0122403474  -0.1321015619   0.0096331779
       -0.1210246902   0.0064284263   0.0003789387   0.0051733467  -0.2287287182
       -0.0485285727  -0.0050599785  -0.0376571386   0.0038045634   0.0183633665
        0.0014645632  -0.0033009781  -0.0033504491  -0.0026302107   0.0008416844
        0.0009344485   0.0014132114   0.0009997464   0.0004493542  -0.0012738049
       -0.0015956300  -0.0010757284   0.0020582029   0.0031948541   0.0035225342
       -0.0046547107  -0.0043258964  -0.0019082708   0.0024571762   0.0019385604
        0.0012870634   0.0032430800   0.0013411458  -0.0001155309  -0.0004917101
        0.0001009163  -0.0011011814   0.0004988707  -0.0003162939   0.0005920272
       -0.0000308228   0.0002344800   0.0002335486   0.0012645935   0.0002859533
       -0.0001114223  -0.0041057295  -0.0024180783  -0.0003099251   0.0057376945
        0.0024151390  -0.0153959661  -0.0006151336  -0.0007674732   0.0009708043
       -0.0014076020   0.0000413991   0.0028588536  -0.0008006589  -0.0008984444
        0.0020931096  -0.0153116771  -0.0035605109  -0.0106435186   0.0006139938
        0.0002304292  -0.0001100930   0.0001641370  -0.0003750464  -0.0002613450
        0.0002623591  -0.0001861504  -0.0001106585   0.0000972950   0.0001713819
        0.0000902262  -0.0002912444  -0.0000739084  -0.0000353636
       -0.0029299016   0.0061239477   0.0009470953   0.0056764593   0.0009415177
       -0.0107165842   0.0030703692  -0.0062289749   0.0109184562  -0.0225887636
       -0.0067734441   0.0011540524  -0.0208543693  -0.0634288939   0.0584667097
        0.0937391164   0.1751025226  -0.0709213901  -0.0065206679  -0.0502962291
        0.0100469130   0.0025403101   0.0008867349   0.0094281862  -0.0449407715
       -0.0601553104  -0.0197906722   0.0084029358   0.0031960767   0.0093763862
        0.0022458913  -0.0015934500  -0.0003756157  -0.0005243010   0.0007824855
       -0.0001778924   0.0003061342   0.0000786338   0.0002230506   0.0002355969
        0.0006233850  -0.0010351064   0.0019702291   0.0005058197  -0.0025810521
       -0.0009521497  -0.0010089435  -0.0010355496  -0.0010447209  -0.0004783237
       -0.0000038034   0.0006352567  -0.0000073879   0.0004271336  -0.0001507053
        0.0002334070  -0.0000450662  -0.0009055019  -0.0001466800  -0.0008889638
        0.0005943107   0.0000228111   0.0008842544   0.0001543716   0.0005296279
        0.0002075874  -0.0026680295   0.0072479895   0.0009620659  -0.0004730577
        0.0006235010   0.0013948434   0.0003328739   0.0000190974   0.0006111063
        0.0000109524  -0.0005613170   0.0005231449  -0.0003311419  -0.0011186562
        0.0022986603  -0.0162682421  -0.0038832498   0.0000862751   0.0009952148
       -0.0010159910  -0.0001662954  -0.0000069467  -0.0000066778  -0.0001821802
        0.0001397810  -0.0001988097   0.0001439567   0.0001777755  -0.0000017139
       -0.0002002932  -0.0000683083  -0.0000135043   0.0000205874
        0.0012781368   0.0012469681   0.0014043238  -0.0730772994  -0.0235112150
        0.0294637723  -0.0060085101   0.0094087648  -0.0626596358   0.0826241316
        0.0138430904   0.0235274392   0.0398592484   0.0432675234  -0.2595875743
        0.0122403474  -0.0709213901   0.6246952233  -0.0578963650   0.0288076706
       -0.2317885265  -0.0100561116   0.0040145850  -0.0310495869   0.0020816964
       -0.0189612839  -0.0617088655   0.0121428294   0.0091931244  -0.0017507969
        0.0011735369   0.0003546086  -0.0017543521  -0.0002741432  -0.0000912748
        0.0003552412   0.0001127600   0.0002307010  -0.0001083499   0.0008696238
       -0.0003933055   0.0008919093   0.0038164398  -0.0026733980   0.0006750105
        0.0002401248  -0.0009981476  -0.0003262516  -0.0019600651  -0.0008778228
       -0.0002829251   0.0001187708   0.0004825923  -0.0003413315   0.0004631607
        0.0003069482   0.0000680389  -0.0001870711  -0.0001365929  -0.0001563006
        0.0002753235   0.0000599113   0.0001134268   0.0000605057   0.0001127515
       -0.0007179923  -0.0009537083   0.0013926767   0.0016889586   0.0079134045
        0.0075472488  -0.0259679929  -0.0010959150  -0.0004493767   0.0006783824
        0.0006506876   0.0008382883  -0.0017395244   0.0017000249   0.0007060923
       -0.0024957657  -0.0172742325  -0.0017528448  -0.0005765266   0.0009858421
       -0.0008914172  -0.0004310197   0.0000494791  -0.0001011768   0.0000972894
       -0.0000311232   0.0000865893  -0.0001312608   0.0002038860  -0.0001400635
       -0.0000681470  -0.0000454159  -0.0000008257  -0.0000162896
       -0.0238107494  -0.0030768571  -0.0087847385  -0.2763483693  -0.0506658814
       -0.0284247785  -0.0240915809  -0.0214264827   0.0781813587  -0.0481622406
       -0.0050183241  -0.0274092517   0.0495581634   0.0192434652  -0.0308602014
       -0.1321015619  -0.0065206679  -0.0578963650   0.5997083922   0.1048387475
        0.0328368426  -0.0905154128  -0.0222676922   0.0495685150  -0.0383318059
       -0.0052864483  -0.0240909876   0.0022073256  -0.0010133295  -0.0052447500
       -0.0008599127   0.0007869948   0.0010063292   0.0005083942  -0.0002843988
       -0.0004395396  -0.0003377164  -0.0002502957  -0.0000452919   0.0002228413
       -0.0000033269   0.0004508755  -0.0010367482  -0.0009400305   0.0000266174
        0.0010891690   0.0014619944   0.0007076252  -0.0008055302  -0.0009855111
       -0.0005720725  -0.0009168002  -0.0002755518  -0.0000254685  -0.0021645918
       -0.0004186064  -0.0027431775  -0.0006782449  -0.0009527358   0.0006729540
       -0.0004197305  -0.0001383685   0.0013271098  -0.0000720439  -0.0021581152
        0.0016842472  -0.0002785104  -0.0003832218  -0.0006704233  -0.0002197518
       -0.0022016675   0.0027508846  -0.0153312194  -0.0100866592   0.0237104158
       -0.0014891571  -0.0000673469   0.0064685642   0.0079076165   0.0054135354
       -0.0131634581  -0.0024925734   0.0010243431   0.0005507291  -0.0008440011
        0.0015162362   0.0003986032   0.0000387637   0.0000559329  -0.0000280460
       -0.0000117337   0.0000293984   0.0000171501  -0.0000196270  -0.0000005151
        0.0000217746   0.0000989475   0.0000513864   0.0000179539
       -0.0009974943   0.0010459183  -0.0019746650  -0.0628884833  -0.0676094535
        0.0002366276  -0.0117065949  -0.0060499668   0.0157727636  -0.0058042377
       -0.0036773628  -0.0058975092   0.0085623316   0.0007314420   0.0045583743
        0.0096331779  -0.0502962291   0.0288076706   0.1048387475   0.1927745957
       -0.0955132645  -0.0206058919  -0.0762828385   0.0399209200  -0.0104710595
        0.0003602024  -0.0050733859   0.0011419849  -0.0010096004  -0.0023766709
        0.0008537477   0.0001293776   0.0000326332  -0.0000174396  -0.0002161586
        0.0001763467   0.0000144479   0.0000979120  -0.0000265364   0.0000551057
       -0.0001235156   0.0000261340  -0.0004263017  -0.0001110754   0.0002407026
        0.0003142545   0.0002612349   0.0001898823  -0.0003152251  -0.0002331642
       -0.0000938214  -0.0001712980  -0.0000346835  -0.0000505219  -0.0002967865
        0.0008512969   0.0003397658  -0.0001684489   0.0000346207   0.0006872728
       -0.0004938714   0.0007458103   0.0004921744  -0.0023599643   0.0062648435
        0.0025801133   0.0000192070   0.0001363842  -0.0002615772  -0.0020636238
        0.0060211905   0.0024262873  -0.0075552576  -0.0045655761   0.0112684299
        0.0082676497   0.0087127474  -0.0165749375  -0.0064713769  -0.0073256190
        0.0205072829  -0.0019415096  -0.0000498117  -0.0000203040   0.0010768219
       -0.0006438326  -0.0004096009   0.0000142299  -0.0000126294   0.0000389116
       -0.0000274164   0.0000609028  -0.0000531967  -0.0000249516   0.0000000857
        0.0000248121   0.0000155268   0.0000129524  -0.0000011137
       -0.0233353349  -0.0054237467  -0.0021896577   0.0399460724   0.0162878276
       -0.0859302188   0.0266510495   0.0024944222   0.0209146286  -0.0270865123
       -0.0047581628  -0.0100808921   0.0190016608   0.0171318995  -0.0600527540
       -0.1210246902   0.0100469130  -0.2317885265   0.0328368426  -0.0955132645
        0.5976095552   0.0522399718   0.0453535043  -0.1728077853  -0.0135698725
       -0.0020358066  -0.0014501832   0.0002846930   0.0006727695  -0.0002458902
        0.0002068676  -0.0004644149  -0.0014688724  -0.0002962897  -0.0000244814
        0.0000078398   0.0002209751   0.0000282889  -0.0000473702   0.0000623538
        0.0000832546  -0.0000194896   0.0008637360   0.0006011376  -0.0000969014
        0.0000231463  -0.0007442232  -0.0003705071  -0.0003195350   0.0003949324
        0.0003363687   0.0004175106   0.0001518154   0.0000047006  -0.0034091959
        0.0003350553  -0.0042335921  -0.0007429545   0.0009684153  -0.0006233746
       -0.0008688183  -0.0007064992  -0.0005586692   0.0021581227   0.0027876286
       -0.0038255285  -0.0005470664  -0.0004402173   0.0006185382   0.0018545379
        0.0020849600  -0.0036869494   0.0032169567  -0.0004471668   0.0031328237
        0.0092530284   0.0031954280  -0.0256389410   0.0015233340   0.0079161449
       -0.0191316653   0.0006206087   0.0002263940   0.0006587267  -0.0002450888
       -0.0000571266   0.0010150272   0.0000301833  -0.0000609432  -0.0000112367
        0.0000300006  -0.0000245515   0.0000098722   0.0000291098  -0.0000078363
       -0.0000113916  -0.0000254029  -0.0000523500  -0.0000376839
       -0.0001267951   0.0009046201   0.0012584075  -0.0179598693  -0.0095619195
        0.0248148497  -0.0043907446  -0.0025862633  -0.0010589609  -0.0001348416
       -0.0000198903   0.0002287687  -0.0009850574  -0.0016835446  -0.0028314260
        0.0064284263   0.0025403101  -0.0100561116  -0.0905154128  -0.0206058919
        0.0522399718   0.5221650547   0.0033050755   0.0200199341   0.0000056525
        0.0005775374  -0.0007122720  -0.0005991931   0.0009224693  -0.0009607458
       -0.0003034318   0.0001376405  -0.0004320582   0.0000694696  -0.0000221112
       -0.0001692749   0.0000378874  -0.0001242365  -0.0000499390  -0.0000899861
        0.0000988113   0.0000907839   0.0004789482  -0.0000714096  -0.0000343268
        0.0000522099   0.0001801764   0.0000375141   0.0000178984  -0.0001398541
       -0.0001166403  -0.0002003908  -0.0001098299  -0.0000816378  -0.0000468625
       -0.0002149784   0.0005728442  -0.0008491628  -0.0008695884   0.0002842977
       -0.0001182180  -0.0000029876   0.0003687427  -0.0008683237  -0.0004616246
        0.0013442790   0.0000409070   0.0004014291   0.0001003686   0.0002114984
        0.0001641172  -0.0008553515  -0.2371303862  -0.0907129840  -0.0373735620
       -0.0433247371   0.0189079128   0.0162226819  -0.1314611066   0.0982691025
       -0.0624422381   0.0001893791   0.0004683712  -0.0002288520  -0.0004669908
        0.0002238124  -0.0002452891  -0.0000267346   0.0000180912  -0.0000044143
       -0.0000707674   0.0000100329   0.0000262843  -0.0000517299   0.0000120107
       -0.0000030020   0.0000234107   0.0000455932   0.0000463742
        0.0009817703  -0.0034974682   0.0000998744  -0.0069963472  -0.0025971095
        0.0076919789  -0.0028507107   0.0060328945   0.0004892268   0.0004789626
       -0.0001041424   0.0001399244  -0.0015203144   0.0063773947   0.0014156859
        0.0003789387   0.0008867349   0.0040145850  -0.0222676922  -0.0762828385
        0.0453535043   0.0033050755   0.4899549437   0.0070136757  -0.0007379510
       -0.0019909485  -0.0003722770   0.0011198536  -0.0003573038  -0.0003434724
       -0.0000004107  -0.0006220625   0.0005250836  -0.0003069693   0.0001102604
        0.0002950679   0.0001694505   0.0001927642   0.0001084886   0.0002036202
       -0.0003318729  -0.0003341923  -0.0004631870   0.0000966792   0.0003924304
       -0.0000216960  -0.0005402464  -0.0004415488  -0.0001674742   0.0003188207
        0.0001547390   0.0001354358   0.0001695270   0.0000525541  -0.0000487074
        0.0000642735   0.0002689326   0.0010238320   0.0004561184   0.0002143967
       -0.0010950130   0.0002051090   0.0000085238  -0.0001845992  -0.0002249952
        0.0004057167   0.0003943261  -0.0014385965  -0.0002683709  -0.0000564792
       -0.0000910121   0.0001120427  -0.0909990484  -0.0864704562  -0.0172312592
        0.0208862372  -0.1780879157  -0.1184853521   0.0977528512  -0.1518005107
        0.0682365694  -0.0002221301  -0.0001151366   0.0000934154   0.0008997579
       -0.0003601937   0.0003964456   0.0000534807   0.0000326663  -0.0000100256
        0.0000940472   0.0000304823  -0.0000087153   0.0000367404   0.0000185638
       -0.0000048497   0.0000243502  -0.0000344231   0.0000172013
       -0.0012777941  -0.0005346548  -0.0013996683   0.0103977299   0.0045107516
       -0.0047060460  -0.0008222379   0.0013001465   0.0022159217   0.0004486946
        0.0002068377  -0.0009382915  -0.0037994214   0.0011197041  -0.0014828462
        0.0051733467   0.0094281862  -0.0310495869   0.0495685150   0.0399209200
       -0.1728077853   0.0200199341   0.0070136757   0.4745367394   0.0002491045
        0.0007339559   0.0001990627   0.0012130708  -0.0009541758  -0.0013733444
        0.0004712896   0.0002592584   0.0002279779   0.0000807782   0.0000034501
       -0.0000211580  -0.0000499567   0.0000530444   0.0001073987   0.0000209621
       -0.0001860276  -0.0001583538  -0.0002951284  -0.0000259920   0.0000510042
        0.0003711193   0.0000611234  -0.0002273585  -0.0002305249  -0.0000082479
        0.0001660002  -0.0003238230  -0.0001149953   0.0000957069  -0.0003336518
       -0.0001638597  -0.0000919202  -0.0008377217  -0.0008965475   0.0005938620
       -0.0009920597   0.0003425250   0.0006212939  -0.0000538950  -0.0000012272
       -0.0001009284   0.0001098952  -0.0003602036   0.0000272331   0.0005175005
        0.0002547173  -0.0012326234  -0.0372485910  -0.0164755724  -0.0493813555
        0.0177568982  -0.1140756765  -0.1337329334  -0.0598812633   0.0678559798
       -0.0801810092   0.0002884582   0.0001246198   0.0002326470  -0.0004786054
        0.0004626394  -0.0002289637  -0.0000235194   0.0000525875   0.0000380609
       -0.0000350886   0.0000315278   0.0000042485  -0.0000399523   0.0000288815
        0.0000223347   0.0000359376   0.0000326484  -0.0000253190
       -0.0015453975   0.0000349032  -0.0002649582   0.0039985676  -0.0009487789
       -0.0037416202  -0.0014754485  -0.0004686536   0.0000063985   0.0022864354
        0.0005010604   0.0034499381  -0.0419021410  -0.0099478903   0.0150814280
       -0.2287287182  -0.0449407715   0.0020816964  -0.0383318059  -0.0104710595
       -0.0135698725   0.0000056525  -0.0007379510   0.0002491045   0.6423412395
        0.0476459153  -0.0607894499  -0.2082890634   0.0779611370   0.0870669308
        0.0031718870   0.0146414947   0.0129200911   0.0065234002  -0.0053163206
       -0.0032660007  -0.0044467554  -0.0022750982  -0.0004525942  -0.0042128301
       -0.0000571577   0.0021983940  -0.0497442760   0.0047839835   0.0139916445
        0.0057967897   0.0150727613   0.0092730308  -0.0044896891  -0.0108833754
       -0.0074435219  -0.0069451636  -0.0023180077   0.0006439017  -0.0006145031
       -0.0000896862  -0.0001961100  -0.0001968506   0.0001910175  -0.0001613949
       -0.0000138241  -0.0001488027  -0.0001260086  -0.0006007194   0.0000710433
        0.0000769495  -0.0017762431  -0.0008984316   0.0008243378   0.0011471903
        0.0017376044  -0.0005854169   0.0011004365   0.0004984260   0.0009124615
        0.0005711196  -0.0000244357  -0.0006244866  -0.0002940025   0.0000437866
        0.0000366434  -0.0724187915  -0.0757499551  -0.0576498323  -0.0003240098
        0.0001885869  -0.0008118174   0.0001694639   0.0001846090  -0.0002339266
       -0.0003672860   0.0003833083  -0.0000750732  -0.0014940257   0.0007648630
        0.0010388589   0.0010993620   0.0005718755   0.0001402748
        0.0001509689  -0.0000976018   0.0001286199  -0.0029753697   0.0061759332
        0.0013762372  -0.0010404784  -0.0001026141  -0.0014263843   0.0008374475
        0.0064033268   0.0025837278  -0.0118646523   0.0003063880   0.0062613846
       -0.0485285727  -0.0601553104  -0.0189612839  -0.0052864483   0.0003602024
       -0.0020358066   0.0005775374  -0.0019909485   0.0007339559   0.0476459153
        0.3557333027   0.3017639363   0.0755354798  -0.1089324456  -0.0866033277
        0.0250304921  -0.0308093388  -0.0342901777  -0.0121452607  -0.0007448833
       -0.0004624269   0.0064847580   0.0049399732   0.0018950370  -0.0008505349
       -0.0048971128  -0.0061914166   0.0034937815   0.0169608595   0.0113571963
        0.0014671418  -0.0155328602  -0.0115347122  -0.0172363899   0.0016140082
        0.0035961874   0.0022859513   0.0022579471   0.0002581751   0.0001510657
       -0.0000465207  -0.0000332007  -0.0000279815   0.0000262397  -0.0000339363
       -0.0000350476  -0.0000583264  -0.0000423868   0.0005577275  -0.0013450090
       -0.0004099271  -0.0000659815  -0.0000828666  -0.0002844889   0.0005370204
       -0.0021013751  -0.0017810455   0.0013154036   0.0007132159  -0.0011368960
        0.0007805150   0.0000331469  -0.0005544976   0.0002542723   0.0000880271
        0.0002025899  -0.0687553731  -0.1672226667  -0.1655900051   0.0011816846
        0.0002305761   0.0013861921   0.0009392029  -0.0011432131  -0.0007295447
        0.0002319500  -0.0003784788   0.0003800563  -0.0004055810   0.0000432270
        0.0000862123  -0.0002406439  -0.0002448020   0.0000919565
       -0.0010181114  -0.0004397390   0.0003470240  -0.0028928105   0.0029391249
       -0.0040291023   0.0002028456  -0.0001832909   0.0006489833   0.0007820533
        0.0018351706  -0.0042433531   0.0322920870   0.0077800946  -0.0023766098
       -0.0050599785  -0.0197906722  -0.0617088655  -0.0240909876  -0.0050733859
       -0.0014501832  -0.0007122720  -0.0003722770   0.0001990627  -0.0607894499
        0.3017639363   0.3862037924   0.1022039521  -0.0943122575  -0.1202617602
        0.0200049256  -0.0280377501  -0.0231121746  -0.0073185278  -0.0030135539
        0.0030895800   0.0045013847   0.0029911925   0.0011247216   0.0004360406
       -0.0053247498  -0.0009233773   0.0122119882   0.0098890011   0.0063772571
       -0.0001756931  -0.0115742177  -0.0110832046  -0.0106962024   0.0005708255
        0.0059655092   0.0024568726   0.0007844477   0.0012441446  -0.0002120742
       -0.0000521365  -0.0002756028   0.0001874445  -0.0001681969   0.0001397902
        0.0000124222   0.0001167012   0.0001782337   0.0003133787  -0.0002171880
        0.0000938240   0.0016122719   0.0005483098  -0.0003646407   0.0010002689
       -0.0005936481   0.0021322844  -0.0019785619   0.0003687237  -0.0018885928
       -0.0004058466   0.0000576317   0.0004153134  -0.0003837148  -0.0005852780
        0.0001968925  -0.0627053783  -0.1601416610  -0.1750123412   0.0001351747
        0.0009683913  -0.0001436893   0.0006272516  -0.0007560663  -0.0008873811
       -0.0000494400   0.0002835819  -0.0005237713  -0.0000998801  -0.0001884705
        0.0000264151  -0.0003914333  -0.0000725936  -0.0000981781
        0.0004186310  -0.0000544023   0.0004419938  -0.0018293842  -0.0010520916
       -0.0005770409   0.0003617074   0.0001798361  -0.0000360261  -0.0006588747
       -0.0021153338   0.0008762804   0.0002271233   0.0008912169  -0.0003338219
       -0.0376571386   0.0084029358   0.0121428294   0.0022073256   0.0011419849
        0.0002846930  -0.0005991931   0.0011198536   0.0012130708  -0.2082890634
        0.0755354798   0.1022039521   0.6313839945   0.0314406507  -0.0902102843
       -0.0983095541  -0.0299145867  -0.0104584921   0.0309866766   0.0151670516
        0.0024651548  -0.0156923165  -0.0197493199  -0.0133527822  -0.0452015795
        0.0234858040   0.0285149859  -0.2378365709  -0.0646018308  -0.0063140780
       -0.0145331744  -0.0385053829  -0.0265372090  -0.0148704313   0.0088113935
        0.0114633895   0.0110566320   0.0036127385  -0.0001565712   0.0002857391
        0.0000959751  -0.0000093754   0.0000916734  -0.0001592917   0.0001126480
        0.0000239312   0.0000848806   0.0001803466   0.0004831633   0.0004056560
       -0.0000131559   0.0002859668   0.0001349994  -0.0004989980  -0.0003770354
        0.0000250067  -0.0001475442  -0.0003417831   0.0011139402  -0.0030363292
        0.0001198853  -0.0000721767   0.0005202530   0.0000872548  -0.0001627721
        0.0001648206   0.0117470565   0.0090431217  -0.0003515705  -0.0093526851
       -0.0244788488  -0.0151279375  -0.0019822489   0.0010583173   0.0041158230
        0.0004495154  -0.0007839948  -0.0005884477  -0.0011127311   0.0007239715
        0.0030705705  -0.0015725117  -0.0008247817  -0.0000211474
       -0.0003408057  -0.0000414998  -0.0002838779   0.0009093017  -0.0001310522
       -0.0000074931   0.0003411229   0.0000224460   0.0000696317  -0.0005610166
        0.0002635308   0.0005856821  -0.0059168178  -0.0013330627  -0.0004873336
        0.0038045634   0.0031960767   0.0091931244  -0.0010133295  -0.0010096004
        0.0006727695   0.0009224693  -0.0003573038  -0.0009541758   0.0779611370
       -0.1089324456  -0.0943122575   0.0314406507   0.4596908496   0.2458487665
       -0.0714137992  -0.1975686512  -0.0868400497   0.0545150446  -0.0276571581
       -0.0328844460  -0.0287307519  -0.0283412422  -0.0098744041  -0.0021535150
        0.0342362694   0.0282238635  -0.0458776801  -0.0994390307  -0.0302095486
       -0.0198059016  -0.0022087498   0.0048364918   0.0055609706  -0.0011625369
       -0.0013546805  -0.0052835176  -0.0047356169  -0.0043119583  -0.0002034551
       -0.0000521209   0.0000030004  -0.0000186557   0.0000849822  -0.0000172928
       -0.0000060297  -0.0000368920  -0.0000800602  -0.0003333046  -0.0001014649
        0.0000747433  -0.0006088028  -0.0002435616   0.0004603674   0.0003498333
        0.0001683342   0.0003051336   0.0002207768  -0.0002205129   0.0023930009
       -0.0005564817  -0.0000258172  -0.0004764144   0.0000210968   0.0000164388
        0.0000448231   0.0121452319  -0.0193916850  -0.0133889126  -0.0062644628
       -0.0093669414  -0.0075038661   0.0007960271   0.0031951786  -0.0053232681
       -0.0008614662   0.0001234057   0.0000499963   0.0019867509   0.0012395275
       -0.0042111848  -0.0010251833   0.0001199065  -0.0002401705
       -0.0004196707   0.0000592114  -0.0003631288   0.0017821455  -0.0002710716
       -0.0001313283  -0.0004921072  -0.0001355426  -0.0000649710   0.0010854199
        0.0008312156  -0.0006122374  -0.0017397171  -0.0003994078   0.0011160005
        0.0183633665   0.0093763862  -0.0017507969  -0.0052447500  -0.0023766709
       -0.0002458902  -0.0009607458  -0.0003434724  -0.0013733444   0.0870669308
       -0.0866033277  -0.1202617602  -0.0902102843   0.2458487665   0.3410992380
       -0.0409607042  -0.1011438888  -0.1146355987   0.0323903942  -0.0231216126
       -0.0275155826  -0.0188227593  -0.0118466378  -0.0098405258   0.0099557884
        0.0209515271   0.0123784395   0.0061788186  -0.0239269709  -0.0726690193
       -0.0125396701   0.0095827808   0.0085214006   0.0071142853  -0.0025160501
       -0.0048566313  -0.0065885054  -0.0065495984  -0.0011495619  -0.0002317458
       -0.0000498132  -0.0000152946  -0.0001487528   0.0001951591  -0.0001260246
       -0.0000494065  -0.0001371100  -0.0001911064  -0.0004248152  -0.0001086049
       -0.0000248730  -0.0002776125  -0.0001826678   0.0003339159   0.0002766628
        0.0004816739  -0.0003186505  -0.0005289041   0.0010808324   0.0002732652
        0.0001345091  -0.0001223431  -0.0007818625  -0.0002188627   0.0002386171
       -0.0001814267   0.0110084382  -0.0183157700  -0.0148565770  -0.0018456679
       -0.0007632149   0.0000327962   0.0037122049  -0.0050061242   0.0045949624
       -0.0006992199   0.0000678131   0.0005197853   0.0034295497  -0.0044556668
        0.0024482349  -0.0000946127  -0.0003384164   0.0006481539
        0.0000829188  -0.0000211643  -0.0000122887   0.0003890419   0.0001330942
        0.0000706919  -0.0000427528  -0.0000885909   0.0001126826  -0.0000886441
       -0.0000897368  -0.0001997261   0.0001507298   0.0001287568  -0.0002652581
        0.0014645632   0.0022458913   0.0011735369  -0.0008599127   0.0008537477
        0.0002068676  -0.0003034318  -0.0000004107   0.0004712896   0.0031718870
        0.0250304921   0.0200049256  -0.0983095541  -0.0714137992  -0.0409607042
        0.6631043145   0.0432390558  -0.1233259191  -0.2297501358   0.1114900323
        0.1345140709  -0.0583507628  -0.0074040568   0.0106236923  -0.0017258823
        0.0149247745   0.0109183113  -0.0008569981  -0.0230630501  -0.0176635764
       -0.0048401350  -0.0020431367   0.0012576916   0.0009103967   0.0008744057
        0.0003309485  -0.0005459610  -0.0011714989  -0.0010302291  -0.0000442029
       -0.0000079105  -0.0000073663  -0.0000141754   0.0000071032  -0.0000204548
       -0.0000446498   0.0000139065  -0.0000765670  -0.0000868645   0.0000017544
        0.0000182498  -0.0000409143  -0.0000252238   0.0000697492   0.0000900439
        0.0000830196  -0.0000245394  -0.0002947128   0.0003455622   0.0000098585
        0.0000225652   0.0000261953  -0.0003594486  -0.0001202016  -0.0000465598
       -0.0000969479  -0.0037409370   0.0010078702   0.0019856890  -0.2685588861
       -0.0906452677   0.0038912845   0.0037337360  -0.0018136673  -0.0026699851
       -0.0048778324  -0.0027388911   0.0009997535   0.0007739144   0.0003695757
        0.0002355594  -0.0003965642  -0.0002022730  -0.0001818417
        0.0001988557  -0.0000061352   0.0001947553  -0.0008833967  -0.0000831952
       -0.0000751278  -0.0000614829  -0.0000287535  -0.0000420730  -0.0000719307
       -0.0003112899   0.0001672494   0.0002812361   0.0001227600   0.0007081257
       -0.0033009781  -0.0015934500   0.0003546086   0.0007869948   0.0001293776
       -0.0004644149   0.0001376405  -0.0006220625   0.0002592584   0.0146414947
       -0.0308093388  -0.0280377501  -0.0299145867  -0.1975686512  -0.1011438888
        0.0432390558   0.4528310460   0.2419943554   0.0553354428  -0.1334528675
       -0.0837502470   0.0331195662   0.0353522019   0.0168144052   0.0100697364
       -0.0309725389  -0.0236254424  -0.0469214779  -0.0085912045   0.0048910015
       -0.0032762197  -0.0026709284  -0.0074243089  -0.0037366032   0.0018262643
        0.0031887469   0.0016940704  -0.0000683291   0.0003760791   0.0001269284
        0.0000311907   0.0000019264   0.0000373122  -0.0000389553   0.0000238352
       -0.0000407177   0.0000194794  -0.0000191578   0.0002060618   0.0000819962
       -0.0000396755   0.0001933744   0.0000925373  -0.0001968082  -0.0000754292
       -0.0000894986  -0.0001134404   0.0012852961  -0.0007811042  -0.0000020756
        0.0000433192  -0.0001331734  -0.0002565929   0.0001781671  -0.0002997889
       -0.0000287212   0.0041422065   0.0038130313  -0.0014004907  -0.0907986441
       -0.0739847692  -0.0045410317   0.0166117392  -0.0136300952  -0.0151213172
       -0.0030604063   0.0020439404  -0.0023361060   0.0001235713  -0.0000344341
       -0.0004469659  -0.0003101966  -0.0005732618   0.0000912888
        0.0001489348  -0.0000671840   0.0001542929  -0.0009586046  -0.0001808182
       -0.0001761762  -0.0000643734   0.0000801865  -0.0003857856   0.0001629376
       -0.0003632849   0.0003557108   0.0002376887   0.0002267766   0.0009645301
       -0.0033504491  -0.0003756157  -0.0017543521   0.0010063292   0.0000326332
       -0.0014688724  -0.0004320582   0.0005250836   0.0002279779   0.0129200911
       -0.0342901777  -0.0231121746  -0.0104584921  -0.0868400497  -0.1146355987
       -0.1233259191   0.2419943554   0.3197853589   0.0914705658  -0.0982841793
       -0.1396256018   0.0421485590   0.0275835012   0.0116871791   0.0071108109
       -0.0252895667  -0.0249232865  -0.0347408498  -0.0017576482   0.0110967941
        0.0002195289  -0.0083695547   0.0004743286  -0.0036939202   0.0023032787
        0.0020606596   0.0015134562   0.0011216907  -0.0004772599   0.0000576747
        0.0000329383   0.0000093641   0.0000621152  -0.0000837826   0.0000622219
        0.0000490827   0.0000727745   0.0001152199   0.0001583147   0.0000799837
        0.0000345566   0.0001918367   0.0000477890  -0.0001347311  -0.0000644452
       -0.0000904168   0.0001263888  -0.0001443986  -0.0000575061  -0.0002609521
       -0.0001677064   0.0002073961   0.0003823090  -0.0001510420   0.0000290903
        0.0001293624   0.0047775816  -0.0006775432   0.0012206206   0.0034738480
       -0.0047079258  -0.0357867959   0.0115348290  -0.0103960289  -0.0092965907
        0.0008207435  -0.0024137755   0.0040389569  -0.0001352727  -0.0000837115
       -0.0004704611  -0.0003773968  -0.0000087083  -0.0004171934
        0.0001610858  -0.0000545880   0.0001267613  -0.0005113479   0.0001798133
       -0.0001297117  -0.0000610250  -0.0000010664  -0.0000630840  -0.0000382291
       -0.0002407693   0.0001548549   0.0006773197   0.0002609805   0.0004193114
       -0.0026302107  -0.0005243010  -0.0002741432   0.0005083942  -0.0000174396
       -0.0002962897   0.0000694696  -0.0003069693   0.0000807782   0.0065234002
       -0.0121452607  -0.0073185278   0.0309866766   0.0545150446   0.0323903942
       -0.2297501358   0.0553354428   0.0914705658   0.6273710515   0.0532503684
       -0.0976829384  -0.2820260418  -0.0430977922   0.0304143933  -0.0053493245
       -0.0730479090  -0.0542227596  -0.0405952572   0.0160962608   0.0225002297
       -0.0038632955  -0.0118942951  -0.0092206107  -0.0058332477   0.0041718950
        0.0051899980   0.0052480040   0.0017113426   0.0000042683   0.0000859974
        0.0000486005  -0.0000194649   0.0000103160  -0.0000597003   0.0000366281
       -0.0000253126   0.0000450744   0.0000692876   0.0001803841   0.0000573359
        0.0000003350   0.0001571125   0.0000783875  -0.0001683802  -0.0001132130
       -0.0000534606  -0.0000648476   0.0002809259   0.0002478218  -0.0003401360
       -0.0004383288   0.0001641793  -0.0000874785   0.0001686641  -0.0000302965
        0.0000780685   0.0023224748   0.0020209883   0.0002829827  -0.0242086137
        0.0117483788   0.0154298574  -0.0568600875  -0.0497710455  -0.0298290968
       -0.0224788810  -0.0060124147   0.0012192503   0.0007108998  -0.0019798069
        0.0001142929  -0.0006796246  -0.0006947994  -0.0002647884
       -0.0000669689  -0.0000103140  -0.0000605097   0.0001903629  -0.0000482404
        0.0000518983   0.0000164473   0.0000229463  -0.0000295307   0.0000995000
        0.0000676787  -0.0000317797  -0.0002218617   0.0000784435  -0.0000245491
        0.0008416844   0.0007824855  -0.0000912748  -0.0002843988  -0.0002161586
       -0.0000244814  -0.0000221112   0.0001102604   0.0000034501  -0.0053163206
       -0.0007448833  -0.0030135539   0.0151670516  -0.0276571581  -0.0231216126
        0.1114900323  -0.1334528675  -0.0982841793   0.0532503684   0.4840622523
        0.2597163058  -0.1054112671  -0.1021450886  -0.0124397259  -0.0268946121
       -0.0175355108  -0.0075611889   0.0023967206   0.0004784955   0.0036678657
       -0.0002881338  -0.0012188546  -0.0006770398  -0.0002849258   0.0007722225
        0.0006082109   0.0007239551   0.0002805636   0.0001909346  -0.0000386952
       -0.0000106730   0.0000037917  -0.0000073403   0.0000205485  -0.0000103930
        0.0000110537   0.0000048508   0.0000095649  -0.0000626936  -0.0000172225
        0.0000123445  -0.0000385302  -0.0000380556   0.0000521729   0.0000203622
       -0.0000043625   0.0000619305  -0.0000042080  -0.0002021105  -0.0000558401
        0.0001004836   0.0000773300   0.0001699106  -0.0000500966   0.0000655633
       -0.0000108988   0.0007234696  -0.0007877403  -0.0012078199  -0.0067355791
        0.0041858447   0.0052196157  -0.0495060110  -0.2103108914  -0.1161927980
        0.0126622041   0.0039724039  -0.0001832590  -0.0025102985  -0.0005223933
       -0.0065755339   0.0000503567  -0.0000593645  -0.0001720276
       -0.0000867195   0.0000187555  -0.0000783753   0.0004059605   0.0000400527
        0.0000108790   0.0000595651  -0.0000227166   0.0001847596  -0.0001530087
        0.0001271211  -0.0000991861  -0.0003631348  -0.0000663431  -0.0002966035
        0.0009344485  -0.0001778924   0.0003552412  -0.0004395396   0.0001763467
        0.0000078398  -0.0001692749   0.0002950679  -0.0000211580  -0.0032660007
       -0.0004624269   0.0030895800   0.0024651548  -0.0328844460  -0.0275155826
        0.1345140709  -0.0837502470  -0.1396256018  -0.0976829384   0.2597163058
        0.3373226234  -0.0159952025  -0.0284327347  -0.0649018609  -0.0188280846
        0.0043764682   0.0094293942   0.0111742056  -0.0000561557  -0.0081350825
        0.0007144608   0.0023941179   0.0016583355   0.0014002065  -0.0006563925
       -0.0006856731  -0.0009148918  -0.0001092893  -0.0000881795  -0.0000457079
       -0.0000201232   0.0000152651  -0.0000070115   0.0000251404  -0.0000167591
        0.0000224167  -0.0000034254  -0.0000050065  -0.0000824521  -0.0000423999
        0.0000057951  -0.0000850091  -0.0000316155   0.0000891927   0.0000453987
       -0.0000143643   0.0000711681  -0.0001188273  -0.0001887488   0.0000765563
        0.0001643350  -0.0000343316   0.0001495296  -0.0001381995   0.0000583309
       -0.0000346892  -0.0002208127  -0.0019782819   0.0003976690   0.0016688770
       -0.0001860617  -0.0005596627  -0.0308319244  -0.1162183522  -0.1137127846
        0.0155639158   0.0047295334  -0.0006111931   0.0000451975  -0.0066826489
        0.0034924867   0.0002505266   0.0000617573   0.0000310830
       -0.0000963835   0.0000271873  -0.0000874707   0.0004607382  -0.0000130361
        0.0000464981   0.0000778507   0.0000158087   0.0001046551  -0.0000257687
        0.0001754639  -0.0001312452  -0.0002438087  -0.0000354458  -0.0003737842
        0.0014132114   0.0003061342   0.0001127600  -0.0003377164   0.0000144479
        0.0002209751   0.0000378874   0.0001694505  -0.0000499567  -0.0044467554
        0.0064847580   0.0045013847  -0.0156923165  -0.0287307519  -0.0188227593
       -0.0583507628   0.0331195662   0.0421485590  -0.2820260418  -0.1054112671
       -0.0159952025   0.6217433923   0.0534655911  -0.0960748551  -0.1036918346
       -0.0238646665  -0.0045308600   0.0323736469   0.0006579048  -0.0077275212
        0.0004267254   0.0122269371   0.0119895938   0.0051035547  -0.0022380541
       -0.0035376934  -0.0050419191  -0.0021747804  -0.0006072128  -0.0000485327
       -0.0000220064   0.0000008755  -0.0000209583   0.0000320106  -0.0000247005
        0.0000133005  -0.0000218472   0.0000100820  -0.0001080873  -0.0000430857
        0.0000059843  -0.0001074979  -0.0000499470   0.0000990870   0.0000147424
        0.0000204379   0.0000413408  -0.0002724587  -0.0000613210   0.0002361319
        0.0000716521  -0.0000870937   0.0001537552  -0.0000599668   0.0000161095
       -0.0000454852  -0.0014271498  -0.0016547382  -0.0001705582  -0.0014230064
        0.0012770582   0.0035707968  -0.0074781484  -0.0038616825  -0.0013696139
       -0.1731320175   0.0828087449   0.1013261532  -0.0084142812  -0.0230525179
       -0.0151447353   0.0007087102   0.0005046307   0.0001250217
       -0.0000518229   0.0000317461  -0.0000499242   0.0003522171  -0.0000131002
        0.0000651468   0.0000583844   0.0000124704   0.0000922547  -0.0000103325
        0.0001273711  -0.0001041262  -0.0002085109  -0.0000196662  -0.0002488093
        0.0009997464   0.0000786338   0.0002307010  -0.0002502957   0.0000979120
        0.0000282889  -0.0001242365   0.0001927642   0.0000530444  -0.0022750982
        0.0049399732   0.0029911925  -0.0197493199  -0.0283412422  -0.0118466378
       -0.0074040568   0.0353522019   0.0275835012  -0.0430977922  -0.1021450886
       -0.0284327347   0.0534655911   0.4721032568   0.2695259589  -0.0824307188
       -0.2436257879  -0.1356165714   0.0388063996  -0.0361690208  -0.0408212849
        0.0045101501   0.0142035137   0.0045336312   0.0053340278  -0.0051955142
       -0.0048418355  -0.0045164969  -0.0015110217   0.0006671653  -0.0000433576
       -0.0000237629   0.0000046032  -0.0000185406   0.0000339418  -0.0000253325
        0.0000196076  -0.0000244553   0.0000030060  -0.0000815745  -0.0000419783
        0.0000057769  -0.0000725169  -0.0000404027   0.0000772562   0.0000083892
       -0.0000203668   0.0000630267  -0.0001275539  -0.0001366151   0.0000791271
        0.0001530805  -0.0000764967   0.0001679233  -0.0000969178   0.0000417580
       -0.0000461415  -0.0013865052  -0.0010049526  -0.0000182905   0.0017826913
        0.0024051358  -0.0052660514  -0.0230592097  -0.0093305302  -0.0026996960
        0.0830733597  -0.0935626926  -0.0698214350  -0.0042733279  -0.0089378242
       -0.0066882077   0.0007145407   0.0005998404   0.0003554743
       -0.0000177536   0.0000108662  -0.0000027189   0.0000858724  -0.0000395085
        0.0000285604   0.0000205986   0.0000105506   0.0000107418   0.0000538458
        0.0000298612  -0.0000241609  -0.0000838552   0.0000202877  -0.0000438518
        0.0004493542   0.0002230506  -0.0001083499  -0.0000452919  -0.0000265364
       -0.0000473702  -0.0000499390   0.0001084886   0.0001073987  -0.0004525942
        0.0018950370   0.0011247216  -0.0133527822  -0.0098744041  -0.0098405258
        0.0106236923   0.0168144052   0.0116871791   0.0304143933  -0.0124397259
       -0.0649018609  -0.0960748551   0.2695259589   0.3424708350  -0.0497423942
       -0.1501103724  -0.1498594823   0.0232215337  -0.0302878225  -0.0268512598
        0.0051349928   0.0010761006   0.0078202369   0.0022532529  -0.0020541325
       -0.0037466370  -0.0023693963   0.0000278999  -0.0003029743  -0.0000236702
       -0.0000130423   0.0000035431  -0.0000001360   0.0000146643  -0.0000135602
        0.0000143735  -0.0000064831  -0.0000059976  -0.0000334156  -0.0000125580
        0.0000038098  -0.0000238920  -0.0000215891   0.0000306872  -0.0000026110
       -0.0000106027   0.0000431956   0.0000071136  -0.0001332697  -0.0000374879
        0.0001277216  -0.0000157984   0.0000328115  -0.0000550830   0.0000001599
       -0.0000376827  -0.0006754773  -0.0004059607   0.0000985206   0.0042318297
       -0.0047899885   0.0037587397  -0.0145914200  -0.0073308130   0.0002208785
        0.1015009763  -0.0699090441  -0.1120165488  -0.0008450568  -0.0027079706
        0.0002937025   0.0003000731   0.0004322916   0.0001049070
       -0.0000249723   0.0000301314   0.0000038193   0.0000204662  -0.0000422967
       -0.0000271281   0.0000569531   0.0000236320   0.0000270511  -0.0000446789
       -0.0000817989   0.0000457711  -0.0001712511   0.0000314863  -0.0000954619
       -0.0012738049   0.0002355969   0.0008696238   0.0002228413   0.0000551057
        0.0000623538  -0.0000899861   0.0002036202   0.0000209621  -0.0042128301
       -0.0008505349   0.0004360406  -0.0452015795  -0.0021535150   0.0099557884
       -0.0017258823   0.0100697364   0.0071108109  -0.0053493245  -0.0268946121
       -0.0188280846  -0.1036918346  -0.0824307188  -0.0497423942   0.6257568613
        0.0897637589  -0.0578435520  -0.1971326002   0.0777751214   0.0998637994
        0.0098759994   0.0159451382   0.0099842559   0.0045883068  -0.0073159542
       -0.0066383434  -0.0058605023  -0.0040362462  -0.0016008942   0.0000004224
       -0.0000091542  -0.0000054343   0.0000042727   0.0000024051  -0.0000037109
        0.0000173292  -0.0000073724   0.0000099825  -0.0000185908   0.0000036826
       -0.0000105594  -0.0000375095  -0.0000209623   0.0000018801  -0.0000608436
       -0.0000354055  -0.0000326898  -0.0001754473  -0.0000702593   0.0000355281
        0.0000640851  -0.0000346921   0.0001326510  -0.0000243382  -0.0000079163
       -0.0000141910  -0.0008062710  -0.0003455922  -0.0000152119   0.0007404296
        0.0005780520   0.0000472667  -0.0050795406  -0.0035193985   0.0006133844
        0.0036096182   0.0169629255   0.0120369059  -0.2743647264  -0.0847340154
       -0.0069209330   0.0003889288   0.0009100524   0.0005207139
        0.0000556448  -0.0000567413   0.0000229291  -0.0003221054  -0.0000659791
       -0.0000923139  -0.0000535281  -0.0000084453  -0.0000914811  -0.0000041285
       -0.0001772370   0.0000206594   0.0001874120  -0.0000449932   0.0001589111
       -0.0015956300   0.0006233850  -0.0003933055  -0.0000033269  -0.0001235156
        0.0000832546   0.0000988113  -0.0003318729  -0.0001860276  -0.0000571577
       -0.0048971128  -0.0053247498   0.0234858040   0.0342362694   0.0209515271
        0.0149247745  -0.0309725389  -0.0252895667  -0.0730479090  -0.0175355108
        0.0043764682  -0.0238646665  -0.2436257879  -0.1501103724   0.0897637589
        0.4795369965   0.2631487789   0.0475300155  -0.1040638550  -0.0580466278
        0.0087781753  -0.0333209608  -0.0256625089  -0.0062933924   0.0007569858
       -0.0011307003   0.0082283295   0.0002623901  -0.0027467837   0.0000356571
        0.0000279593   0.0000035922   0.0000080638  -0.0000218000   0.0000247175
       -0.0000219001   0.0000205176   0.0000126435   0.0000688612   0.0000568548
        0.0000075097   0.0000758027   0.0000491346  -0.0000534480   0.0000433549
        0.0000700702  -0.0000444013   0.0002142990   0.0002171272  -0.0000104532
       -0.0002102440   0.0000591588  -0.0001505248   0.0000992692  -0.0000075497
        0.0000597726   0.0013553614   0.0007992532  -0.0003640673   0.0001924875
       -0.0003668515  -0.0000815017  -0.0030652955   0.0019403632  -0.0024974219
       -0.0017659331  -0.0134190776  -0.0095492588  -0.0846880746  -0.0690635757
       -0.0068677744  -0.0001525906  -0.0005530606  -0.0001774748
        0.0000695724  -0.0000587322   0.0000222127  -0.0003386189   0.0000767581
        0.0000115271  -0.0000087116  -0.0000018087  -0.0000914909  -0.0001083076
       -0.0000887087   0.0001533235  -0.0001911894  -0.0001242650   0.0000804624
       -0.0010757284  -0.0010351064   0.0008919093   0.0004508755   0.0000261340
       -0.0000194896   0.0000907839  -0.0003341923  -0.0001583538   0.0021983940
       -0.0061914166  -0.0009233773   0.0285149859   0.0282238635   0.0123784395
        0.0109183113  -0.0236254424  -0.0249232865  -0.0542227596  -0.0075611889
        0.0094293942  -0.0045308600  -0.1356165714  -0.1498594823  -0.0578435520
        0.2631487789   0.3372742957   0.0770484658  -0.0655774674  -0.1145937620
        0.0031241491  -0.0287929191  -0.0277802993  -0.0053741882  -0.0005135309
        0.0048932173   0.0088678819   0.0008592605  -0.0008249286   0.0000350401
        0.0000237596   0.0000066070   0.0000130034  -0.0000238973   0.0000262380
       -0.0000224093   0.0000240083   0.0000118112   0.0000739763   0.0000220567
        0.0000069450   0.0000367811   0.0000395221  -0.0000396644   0.0000414424
        0.0000146072  -0.0000218503   0.0002215284   0.0001447844   0.0000468891
       -0.0001978851   0.0000635274  -0.0001331150   0.0000729486  -0.0000170709
        0.0000527639   0.0011975843   0.0008033249  -0.0001329558  -0.0001034471
       -0.0002959050  -0.0002430770   0.0009158365  -0.0026309367   0.0048880798
       -0.0025156967  -0.0142091020  -0.0112960551  -0.0069741258  -0.0062499337
       -0.0385965192  -0.0003840813  -0.0005221901  -0.0005364084
       -0.0001275498   0.0000202689  -0.0001304753   0.0007101612  -0.0002403467
        0.0000686268   0.0000898535  -0.0000026916   0.0000335391   0.0000441820
        0.0001005442   0.0001207882  -0.0023038286  -0.0008034606  -0.0004618287
        0.0020582029   0.0019702291   0.0038164398  -0.0010367482  -0.0004263017
        0.0008637360   0.0004789482  -0.0004631870  -0.0002951284  -0.0497442760
        0.0034937815   0.0122119882  -0.2378365709  -0.0458776801   0.0061788186
       -0.0008569981  -0.0469214779  -0.0347408498  -0.0405952572   0.0023967206
        0.0111742056   0.0323736469   0.0388063996   0.0232215337  -0.1971326002
        0.0475300155   0.0770484658   0.6210688332   0.0437861868  -0.0898383822
       -0.0734927583  -0.0298064260  -0.0246470055   0.0080748324   0.0193542591
        0.0193647691  -0.0329237165  -0.0366106687  -0.0179409627  -0.0001161285
       -0.0000246768  -0.0000037159  -0.0000552622   0.0000858715  -0.0000415618
       -0.0000108504  -0.0000688825  -0.0000808801  -0.0001935106  -0.0000281941
        0.0000191885  -0.0003152071  -0.0000974192   0.0002146464   0.0001044004
        0.0002463656   0.0000357564  -0.0001749463   0.0003205269   0.0002211495
       -0.0000782426  -0.0000810573  -0.0003459146   0.0001506216   0.0001257468
        0.0000038554  -0.0012314923  -0.0032517321  -0.0019017601   0.0006942867
       -0.0011128208   0.0004329751  -0.0004073243   0.0002924518   0.0001935926
        0.0009602119  -0.0023554276  -0.0003212088  -0.0240314650   0.0116198985
        0.0143717881  -0.0041434479  -0.0019768157   0.0011538110
       -0.0001648993   0.0000978303  -0.0000606373   0.0006545474  -0.0000911920
        0.0000472561   0.0000643321   0.0000314293   0.0000955544   0.0001988592
        0.0004414486  -0.0003167169   0.0003273203   0.0000529165  -0.0004537874
        0.0031948541   0.0005058197  -0.0026733980  -0.0009400305  -0.0001110754
        0.0006011376  -0.0000714096   0.0000966792  -0.0000259920   0.0047839835
        0.0169608595   0.0098890011  -0.0646018308  -0.0994390307  -0.0239269709
       -0.0230630501  -0.0085912045  -0.0017576482   0.0160962608   0.0004784955
       -0.0000561557   0.0006579048  -0.0361690208  -0.0302878225   0.0777751214
       -0.1040638550  -0.0655774674   0.0437861868   0.4126433490   0.2297591278
       -0.0269768145  -0.1353810972  -0.0524735052   0.0187904512  -0.0290936022
       -0.0430040063  -0.0376197078  -0.0191100731  -0.0105396606  -0.0001016794
       -0.0000554840  -0.0000099035  -0.0000459368   0.0000932242  -0.0000676860
        0.0000477329  -0.0000917548  -0.0000554812  -0.0001650380  -0.0000899407
       -0.0000172532  -0.0001160951  -0.0000816025   0.0001361282   0.0000551703
       -0.0000084206   0.0001083666  -0.0000358270  -0.0000180491   0.0002427384
        0.0002206145  -0.0001764440   0.0000155610  -0.0000513428   0.0001510129
       -0.0000997171  -0.0039782454  -0.0046894910  -0.0008088054  -0.0021549713
       -0.0016792510  -0.0053887023   0.0003379154   0.0002828711   0.0001522582
       -0.0018131372  -0.0008249897  -0.0064677467  -0.0056450312   0.0043952342
        0.0041003253   0.0005537919   0.0035344083  -0.0010783910
       -0.0000655477   0.0001149069  -0.0000324892   0.0006533164   0.0001470488
        0.0002235257  -0.0000067002  -0.0000325587   0.0002068844  -0.0000082883
        0.0004808541  -0.0000598163  -0.0003357258  -0.0001274120  -0.0004030166
        0.0035225342  -0.0025810521   0.0006750105   0.0000266174   0.0002407026
       -0.0000969014  -0.0000343268   0.0003924304   0.0000510042   0.0139916445
        0.0113571963   0.0063772571  -0.0063140780  -0.0302095486  -0.0726690193
       -0.0176635764   0.0048910015   0.0110967941   0.0225002297   0.0036678657
       -0.0081350825  -0.0077275212  -0.0408212849  -0.0268512598   0.0998637994
       -0.0580466278  -0.1145937620  -0.0898383822   0.2297591278   0.3201379886
       -0.0199921615  -0.0495679753  -0.0997896718   0.0184182334  -0.0441655009
       -0.0277642335  -0.0195431754  -0.0110160874   0.0040494207  -0.0000611417
       -0.0000504272   0.0000186726  -0.0000048951   0.0000427507  -0.0000418031
        0.0000512897  -0.0000432595  -0.0000276371  -0.0000987367  -0.0001182193
       -0.0000035416  -0.0001233932  -0.0000563897   0.0001115814  -0.0000083848
       -0.0001189656   0.0001826275  -0.0002275000  -0.0002476060   0.0001032638
        0.0002309093  -0.0001571853   0.0000542742  -0.0001400960   0.0000044153
       -0.0000581692  -0.0028439463  -0.0019139902  -0.0008915429   0.0000883665
       -0.0056943509   0.0019430438   0.0002555059   0.0005090142  -0.0004404704
        0.0004368862  -0.0062618291   0.0029639269   0.0018557947  -0.0001170651
        0.0004929024   0.0031424499  -0.0002599787   0.0031702387
        0.0002411641  -0.0000169594   0.0002348933  -0.0005508403  -0.0001014178
       -0.0001183407   0.0000805856   0.0000279811   0.0000237641  -0.0000964722
       -0.0001448221   0.0002102724   0.0010000937   0.0002657751  -0.0000716836
       -0.0046547107  -0.0009521497   0.0002401248   0.0010891690   0.0003142545
        0.0000231463   0.0000522099  -0.0000216960   0.0003711193   0.0057967897
        0.0014671418  -0.0001756931  -0.0145331744  -0.0198059016  -0.0125396701
       -0.0048401350  -0.0032762197   0.0002195289  -0.0038632955  -0.0002881338
        0.0007144608   0.0004267254   0.0045101501   0.0051349928   0.0098759994
        0.0087781753   0.0031241491  -0.0734927583  -0.0269768145  -0.0199921615
        0.5743717687  -0.0403736768  -0.1623048033  -0.2361031595   0.1439620258
        0.1784083377  -0.2281602378  -0.0494200621   0.0143926154   0.0000722202
        0.0000345066  -0.0000311758  -0.0000159409  -0.0000635033   0.0000019744
       -0.0000436909   0.0000244061   0.0000295545   0.0001662559   0.0000556722
       -0.0000039067   0.0001257256   0.0000827897  -0.0001616331  -0.0002886140
       -0.0001733026   0.0000475508   0.0000170064  -0.0000029365  -0.0005916304
       -0.0000869849   0.0001669282   0.0000979674   0.0000632670  -0.0001326861
        0.0000169509  -0.0096663049  -0.0032598292  -0.0000577191  -0.0003269784
       -0.0008844358  -0.0007558291  -0.0001007625   0.0003806618  -0.0000301009
       -0.0000404657   0.0010899985   0.0011449863  -0.0016738925   0.0017397126
        0.0012603589  -0.0148405622  -0.0170056324  -0.0088624006
        0.0003074885  -0.0001904126   0.0001271287  -0.0013104417   0.0001549262
       -0.0001726468   0.0000128378   0.0000036891  -0.0002516019  -0.0002407331
       -0.0005113672   0.0001632319   0.0014276338   0.0001857722   0.0004906133
       -0.0043258964  -0.0010089435  -0.0009981476   0.0014619944   0.0002612349
       -0.0007442232   0.0001801764  -0.0005402464   0.0000611234   0.0150727613
       -0.0155328602  -0.0115742177  -0.0385053829  -0.0022087498   0.0095827808
       -0.0020431367  -0.0026709284  -0.0083695547  -0.0118942951  -0.0012188546
        0.0023941179   0.0122269371   0.0142035137   0.0010761006   0.0159451382
       -0.0333209608  -0.0287929191  -0.0298064260  -0.1353810972  -0.0495679753
       -0.0403736768   0.4609797718   0.2605081593   0.1369469181  -0.2003304725
       -0.1644254487  -0.0286571259  -0.0825506505  -0.0168603429   0.0001941414
        0.0001062290   0.0000036082   0.0000683146  -0.0001395067   0.0001248220
       -0.0000745524   0.0001410782   0.0001305405   0.0003135379   0.0001512639
        0.0000250575   0.0003457390   0.0001819341  -0.0002569229  -0.0000525529
        0.0000308698  -0.0000851826  -0.0001217047   0.0005721136  -0.0003072750
       -0.0003882085   0.0002007087   0.0000743302   0.0002531481  -0.0001862298
        0.0002097573   0.0080225843   0.0082868636   0.0027163670   0.0005288069
        0.0002282490   0.0003513999   0.0003514978  -0.0001007547   0.0016921530
       -0.0006726829   0.0006391149   0.0001050982  -0.0010858095  -0.0000186412
        0.0026582730  -0.0341070298  -0.0104166565  -0.0000882046
        0.0001881475  -0.0001276839  -0.0000209765  -0.0007983899   0.0001910594
       -0.0001019914  -0.0000579782  -0.0000123200  -0.0002197927  -0.0001687180
       -0.0003012764   0.0000033324   0.0007944448   0.0000628516   0.0005700613
       -0.0019082708  -0.0010355496  -0.0003262516   0.0007076252   0.0001898823
       -0.0003705071   0.0000375141  -0.0004415488  -0.0002273585   0.0092730308
       -0.0115347122  -0.0110832046  -0.0265372090   0.0048364918   0.0085214006
        0.0012576916  -0.0074243089   0.0004743286  -0.0092206107  -0.0006770398
        0.0016583355   0.0119895938   0.0045336312   0.0078202369   0.0099842559
       -0.0256625089  -0.0277802993  -0.0246470055  -0.0524735052  -0.0997896718
       -0.1623048033   0.2605081593   0.4430841170   0.1738300443  -0.1661342174
       -0.2585007642   0.0315367489  -0.0106415856  -0.0703055275   0.0001604369
        0.0000857664   0.0000061429   0.0000204947  -0.0000752634   0.0000868053
       -0.0000651788   0.0000819023   0.0000893550   0.0002061268   0.0000966132
       -0.0000021020   0.0002632847   0.0001238612  -0.0001764067   0.0001172829
        0.0000861092  -0.0002169400  -0.0000718360   0.0004062556  -0.0001020530
       -0.0002501571   0.0001010890   0.0000231619   0.0001584742  -0.0000911235
        0.0001325089   0.0101858864   0.0076373855   0.0024364786   0.0004053667
        0.0007741153  -0.0002064757  -0.0002375242   0.0012904808  -0.0006046976
       -0.0002960231  -0.0004053955   0.0008067979  -0.0010348998   0.0016655915
       -0.0009555516  -0.0235178458  -0.0056332065   0.0052775091
       -0.0000636671  -0.0000772901  -0.0001146215  -0.0001061730   0.0004129122
        0.0000092212  -0.0001046383  -0.0000272459  -0.0000975601   0.0001061265
        0.0000231852  -0.0000996995  -0.0000579148   0.0000890658   0.0004284639
        0.0024571762  -0.0010447209  -0.0019600651  -0.0008055302  -0.0003152251
       -0.0003195350   0.0000178984  -0.0001674742  -0.0002305249  -0.0044896891
       -0.0172363899  -0.0106962024  -0.0148704313   0.0055609706   0.0071142853
        0.0009103967  -0.0037366032  -0.0036939202  -0.0058332477  -0.0002849258
        0.0014002065   0.0051035547   0.0053340278   0.0022532529   0.0045883068
       -0.0062933924  -0.0053741882   0.0080748324   0.0187904512   0.0184182334
       -0.2361031595   0.1369469181   0.1738300443   0.3221335682  -0.1649996326
       -0.2351108599  -0.0888615106   0.0214520971   0.0540968657  -0.0000030184
        0.0000027039   0.0000112365   0.0000180325   0.0000009593   0.0000286041
       -0.0000025177   0.0000207852   0.0000162547  -0.0000219808  -0.0000198020
       -0.0000024139   0.0000310747   0.0000001354   0.0000131484   0.0001315751
        0.0000107337  -0.0001732218   0.0000209511   0.0001689912   0.0002606111
       -0.0001007036  -0.0000273077  -0.0000302475   0.0000215233   0.0000304884
        0.0000393765   0.0046346871   0.0036628509   0.0007612898   0.0000340108
        0.0000896015   0.0000723989   0.0000302814  -0.0000381119   0.0001735119
       -0.0000932994   0.0001188129   0.0000164673   0.0001077142  -0.0006029083
       -0.0003322311   0.0030957713   0.0021553394  -0.0007081814
       -0.0001576441   0.0000892642  -0.0000509492   0.0004820004   0.0000687166
        0.0000533765  -0.0000203418   0.0000175542   0.0000706145   0.0001839955
        0.0002678410  -0.0001034499  -0.0004199629   0.0000669200  -0.0001053004
        0.0019385604  -0.0004783237  -0.0008778228  -0.0009855111  -0.0002331642
        0.0003949324  -0.0001398541   0.0003188207  -0.0000082479  -0.0108833754
        0.0016140082   0.0005708255   0.0088113935  -0.0011625369  -0.0025160501
        0.0008744057   0.0018262643   0.0023032787   0.0041718950   0.0007722225
       -0.0006563925  -0.0022380541  -0.0051955142  -0.0020541325  -0.0073159542
        0.0007569858  -0.0005135309   0.0193542591  -0.0290936022  -0.0441655009
        0.1439620258  -0.2003304725  -0.1661342174  -0.1649996326   0.2186724643
        0.2178648230   0.0086283510   0.0207102686  -0.0044346807  -0.0000909509
       -0.0000551375  -0.0000131977  -0.0000332545   0.0000596997  -0.0000638040
        0.0000290472  -0.0000712039  -0.0000645374  -0.0001452235  -0.0000894232
       -0.0000271105  -0.0001492044  -0.0000873639   0.0001070855   0.0000673070
       -0.0000708468  -0.0000617274   0.0000556138  -0.0003710264   0.0000210600
        0.0002115600  -0.0000554897  -0.0000180858  -0.0001113150   0.0000942280
       -0.0001188673  -0.0035352646  -0.0056189664  -0.0002986813  -0.0001588570
       -0.0001172814  -0.0000168084  -0.0000705757  -0.0001307411  -0.0004428571
        0.0002205786  -0.0009600006  -0.0004201612  -0.0001253162   0.0002437201
       -0.0000620354   0.0025892990  -0.0014578834   0.0018421528
       -0.0001296829   0.0000703935   0.0000278615   0.0005216672  -0.0000123535
        0.0000556383   0.0000156835  -0.0000172751   0.0002086313   0.0001021725
        0.0002279316  -0.0000042017  -0.0003517274   0.0000331704  -0.0003645751
        0.0012870634  -0.0000038034  -0.0002829251  -0.0005720725  -0.0000938214
        0.0003363687  -0.0001166403   0.0001547390   0.0001660002  -0.0074435219
        0.0035961874   0.0059655092   0.0114633895  -0.0013546805  -0.0048566313
        0.0003309485   0.0031887469   0.0020606596   0.0051899980   0.0006082109
       -0.0006856731  -0.0035376934  -0.0048418355  -0.0037466370  -0.0066383434
       -0.0011307003   0.0048932173   0.0193647691  -0.0430040063  -0.0277642335
        0.1784083377  -0.1644254487  -0.2585007642  -0.2351108599   0.2178648230
        0.2879459606   0.0438494554  -0.0081284904   0.0013232036  -0.0000964626
       -0.0000533600  -0.0000086697  -0.0000009663   0.0000500258  -0.0000573460
        0.0000386685  -0.0000478345  -0.0000673897  -0.0001101273  -0.0000674783
       -0.0000186733  -0.0001624590  -0.0000684051   0.0000787075  -0.0001814113
       -0.0001561578   0.0001274890   0.0000812964  -0.0001550779   0.0000973436
        0.0001959043  -0.0000850981  -0.0000584159  -0.0000429019   0.0000917837
       -0.0000749503  -0.0057858686  -0.0035350764  -0.0030435587  -0.0001506233
       -0.0001169404  -0.0000084310   0.0000079574  -0.0003057260  -0.0001467204
        0.0000694856  -0.0004716360  -0.0009360901  -0.0001054559   0.0002467312
        0.0002563798  -0.0003899787   0.0019424621  -0.0029170838
       -0.0002657683   0.0000646811  -0.0002002670   0.0006702711  -0.0000072976
        0.0001134966   0.0000067833  -0.0000116786   0.0000763353   0.0000369110
        0.0002486139  -0.0002286833  -0.0008729417  -0.0002948367  -0.0003085677
        0.0032430800   0.0006352567   0.0001187708  -0.0009168002  -0.0001712980
        0.0004175106  -0.0002003908   0.0001354358  -0.0003238230  -0.0069451636
        0.0022859513   0.0024568726   0.0110566320  -0.0052835176  -0.0065885054
       -0.0005459610   0.0016940704   0.0015134562   0.0052480040   0.0007239551
       -0.0009148918  -0.0050419191  -0.0045164969  -0.0023693963  -0.0058605023
        0.0082283295   0.0088678819  -0.0329237165  -0.0376197078  -0.0195431754
       -0.2281602378  -0.0286571259   0.0315367489  -0.0888615106   0.0086283510
        0.0438494554   0.3869883328   0.1078407398  -0.0215544825  -0.0000672432
       -0.0000419293   0.0000327070   0.0000121982   0.0000762066  -0.0000222761
        0.0000612442  -0.0000481606  -0.0000461392  -0.0001502013  -0.0000663052
       -0.0000087796  -0.0001354919  -0.0000798280   0.0001577009   0.0002313597
        0.0001444812   0.0000371503   0.0000110589  -0.0001562605   0.0004395221
        0.0002224457  -0.0001599919  -0.0000582885  -0.0000635672   0.0001657893
       -0.0000392411   0.0031416381   0.0015517271   0.0011019160  -0.0002868209
       -0.0004531368  -0.0001264021  -0.0000153859  -0.0002743336  -0.0002267807
        0.0001895789  -0.0002074809  -0.0002687680   0.0018047966  -0.0005426691
       -0.0007329908  -0.0416107122  -0.0538315338  -0.0371580666
       -0.0000890995   0.0000583469  -0.0000673458   0.0003351322   0.0000124795
        0.0000657005   0.0000055396   0.0000003998   0.0000632640   0.0000037501
        0.0001304383  -0.0000804678  -0.0004260407  -0.0000718612  -0.0001571724
        0.0013411458  -0.0000073879   0.0004825923  -0.0002755518  -0.0000346835
        0.0001518154  -0.0001098299   0.0001695270  -0.0001149953  -0.0023180077
        0.0022579471   0.0007844477   0.0036127385  -0.0047356169  -0.0065495984
       -0.0011714989  -0.0000683291   0.0011216907   0.0017113426   0.0002805636
       -0.0001092893  -0.0021747804  -0.0015110217   0.0000278999  -0.0040362462
        0.0002623901   0.0008592605  -0.0366106687  -0.0191100731  -0.0110160874
       -0.0494200621  -0.0825506505  -0.0106415856   0.0214520971   0.0207102686
       -0.0081284904   0.1078407398   0.3288236922   0.2172904381  -0.0000193052
       -0.0000181849   0.0000084109  -0.0000012797   0.0000294688  -0.0000154089
        0.0000295263  -0.0000232407  -0.0000185667  -0.0000547394  -0.0000404240
       -0.0000071980  -0.0000593723  -0.0000447513   0.0000611411   0.0000690036
       -0.0000117496   0.0000407843   0.0000256330  -0.0001908633   0.0001638014
        0.0001179713  -0.0000566292   0.0000095517  -0.0000605332   0.0000565647
       -0.0000249805  -0.0001998203  -0.0005902892  -0.0001366616  -0.0002767483
       -0.0005035564  -0.0003112901  -0.0000858730  -0.0000692520  -0.0003020620
        0.0001488266  -0.0000049778  -0.0000985097   0.0000050181  -0.0026350932
       -0.0022093717  -0.0393090077  -0.2405134515  -0.1811417170
       -0.0000161591   0.0000092274   0.0000321971  -0.0000092405  -0.0000462568
       -0.0000314815   0.0000172664   0.0000059286   0.0000174881   0.0000556113
       -0.0000286699   0.0000076506   0.0000725147   0.0000660522   0.0000194808
       -0.0001155309   0.0004271336  -0.0003413315  -0.0000254685  -0.0000505219
        0.0000047006  -0.0000816378   0.0000525541   0.0000957069   0.0006439017
        0.0002581751   0.0012441446  -0.0001565712  -0.0043119583  -0.0011495619
       -0.0010302291   0.0003760791  -0.0004772599   0.0000042683   0.0001909346
       -0.0000881795  -0.0006072128   0.0006671653  -0.0003029743  -0.0016008942
       -0.0027467837  -0.0008249286  -0.0179409627  -0.0105396606   0.0040494207
        0.0143926154  -0.0168603429  -0.0703055275   0.0540968657  -0.0044346807
        0.0013232036  -0.0215544825   0.2172904381   0.2251452064  -0.0000078508
       -0.0000032007  -0.0000036578   0.0000085825   0.0000031116  -0.0000083721
        0.0000134961   0.0000075220  -0.0000085821  -0.0000026447   0.0000047160
       -0.0000086765  -0.0000042091  -0.0000126836  -0.0000113113  -0.0000514694
       -0.0000338169  -0.0000006040   0.0000860360  -0.0000198519  -0.0000596745
        0.0000324021   0.0000134602   0.0000117836   0.0000065147   0.0000151922
       -0.0000130870  -0.0013578928  -0.0012272702  -0.0005626788  -0.0001299967
       -0.0003427812  -0.0000864174   0.0000383894  -0.0002295751   0.0001680166
        0.0000836871   0.0000048938   0.0000466887  -0.0003288404  -0.0021917911
       -0.0011480316  -0.0245308585  -0.1763127384  -0.1567333505
       -0.2432577078  -0.0819609371   0.0432964269  -0.0213919189  -0.0071143781
       -0.0010529618   0.0009876052  -0.0000378220   0.0021024665  -0.0001245719
        0.0000247059   0.0003841847   0.0002686608   0.0000320032   0.0001728308
       -0.0004917101  -0.0001507053   0.0004631607  -0.0021645918  -0.0002967865
       -0.0034091959  -0.0000468625  -0.0000487074  -0.0003336518  -0.0006145031
        0.0001510657  -0.0002120742   0.0002857391  -0.0002034551  -0.0002317458
       -0.0000442029   0.0001269284   0.0000576747   0.0000859974  -0.0000386952
       -0.0000457079  -0.0000485327  -0.0000433576  -0.0000236702   0.0000004224
        0.0000356571   0.0000350401  -0.0001161285  -0.0001016794  -0.0000611417
        0.0000722202   0.0001941414   0.0001604369  -0.0000030184  -0.0000909509
       -0.0000964626  -0.0000672432  -0.0000193052  -0.0000078508   0.2823943225
        0.0961756961  -0.0480606290   0.0002560236  -0.0018812997   0.0010556367
       -0.0168755023  -0.0049959013   0.0066352469   0.0006706449   0.0001718576
       -0.0006242393   0.0000916732   0.0000149983   0.0000499680   0.0000059580
       -0.0000240350  -0.0000490430   0.0000800037   0.0000074080  -0.0000578430
        0.0001503187  -0.0001036257  -0.0001181961  -0.0001018676   0.0002101117
       -0.0000911494  -0.0000066567   0.0000325690   0.0000619721  -0.0000028525
       -0.0000574633   0.0000051975   0.0000048469   0.0000015292   0.0000029993
        0.0000029827   0.0000014931  -0.0000002376  -0.0000003451   0.0000002372
        0.0000003596   0.0000007969  -0.0000112970  -0.0000078013
       -0.0822681781  -0.0777598339   0.0164935258  -0.0007497998   0.0001536256
       -0.0004175631   0.0007940934  -0.0000402408   0.0004610593  -0.0000215882
       -0.0000131226   0.0000498597   0.0000994044   0.0000494297  -0.0000046652
        0.0001009163   0.0002334070   0.0003069482  -0.0004186064   0.0008512969
        0.0003350553  -0.0002149784   0.0000642735  -0.0001638597  -0.0000896862
       -0.0000465207  -0.0000521365   0.0000959751  -0.0000521209  -0.0000498132
       -0.0000079105   0.0000311907   0.0000329383   0.0000486005  -0.0000106730
       -0.0000201232  -0.0000220064  -0.0000237629  -0.0000130423  -0.0000091542
        0.0000279593   0.0000237596  -0.0000246768  -0.0000554840  -0.0000504272
        0.0000345066   0.0001062290   0.0000857664   0.0000027039  -0.0000551375
       -0.0000533600  -0.0000419293  -0.0000181849  -0.0000032007   0.0961756961
        0.0859308677  -0.0209768755  -0.0290261691  -0.0157755972   0.0085140374
        0.0153032755   0.0060885549  -0.0042952023   0.0001223332   0.0001571433
       -0.0000583771   0.0000225712  -0.0000043438  -0.0000165213  -0.0000037097
       -0.0000157871  -0.0000267894  -0.0000409547   0.0001014948  -0.0000105425
       -0.0000542151  -0.0000155961  -0.0000282616   0.0002120890   0.0000789487
       -0.0000873869   0.0000096732   0.0000102753   0.0000338155  -0.0000164795
       -0.0000020378  -0.0000093263  -0.0000007515   0.0000063149   0.0000030769
       -0.0000061926   0.0000017241   0.0000027608  -0.0000047657  -0.0000006665
       -0.0000005928  -0.0000000859  -0.0000036259  -0.0000045362
        0.0439748364   0.0171355016  -0.0524481205  -0.0226274018  -0.0088948407
        0.0031520932  -0.0024760869  -0.0007667924   0.0005687371   0.0001007672
       -0.0000290523   0.0002515770  -0.0000099486  -0.0000277458   0.0000906201
       -0.0011011814  -0.0000450662   0.0000680389  -0.0027431775   0.0003397658
       -0.0042335921   0.0005728442   0.0002689326  -0.0000919202  -0.0001961100
       -0.0000332007  -0.0002756028  -0.0000093754   0.0000030004  -0.0000152946
       -0.0000073663   0.0000019264   0.0000093641  -0.0000194649   0.0000037917
        0.0000152651   0.0000008755   0.0000046032   0.0000035431  -0.0000054343
        0.0000035922   0.0000066070  -0.0000037159  -0.0000099035   0.0000186726
       -0.0000311758   0.0000036082   0.0000061429   0.0000112365  -0.0000131977
       -0.0000086697   0.0000327070   0.0000084109  -0.0000036578  -0.0480606290
       -0.0209768755   0.0620110078   0.0094832657   0.0052051397  -0.0017891246
        0.0226101878   0.0075871788  -0.0062400857   0.0003500794   0.0002985848
       -0.0013125470   0.0000462580  -0.0000005419   0.0000936738   0.0000614600
        0.0000014724   0.0000309164   0.0000860265   0.0000015296   0.0000982752
       -0.0001283782   0.0001437627   0.0000266676   0.0001329109  -0.0002158444
        0.0000271639  -0.0000553867   0.0000230926  -0.0000187768   0.0000066727
       -0.0000168883  -0.0000364819  -0.0000021792  -0.0000040323  -0.0000021142
        0.0000053607  -0.0000019183  -0.0000045454   0.0000062227  -0.0000002349
       -0.0000016787  -0.0000046989   0.0000022411   0.0000038461
       -0.0438551053   0.0221386986  -0.0075414272  -0.0015985525   0.0158421995
       -0.0067238127  -0.0010128932   0.0003606414  -0.0007665812   0.0002842527
       -0.0005648082  -0.0002487565   0.0000250794   0.0000225665   0.0000127194
        0.0004988707  -0.0009055019  -0.0001870711  -0.0006782449  -0.0001684489
       -0.0007429545  -0.0008491628   0.0010238320  -0.0008377217  -0.0001968506
       -0.0000279815   0.0001874445   0.0000916734  -0.0000186557  -0.0001487528
       -0.0000141754   0.0000373122   0.0000621152   0.0000103160  -0.0000073403
       -0.0000070115  -0.0000209583  -0.0000185406  -0.0000001360   0.0000042727
        0.0000080638   0.0000130034  -0.0000552622  -0.0000459368  -0.0000048951
       -0.0000159409   0.0000683146   0.0000204947   0.0000180325  -0.0000332545
       -0.0000009663   0.0000121982  -0.0000012797   0.0000085825   0.0002560236
       -0.0290261691   0.0094832657   0.0494497561  -0.0236989205   0.0092724750
       -0.0013054534   0.0158590631  -0.0024971681  -0.0000987637   0.0000964548
       -0.0000210162  -0.0000387097   0.0000024603  -0.0001129579  -0.0000483510
        0.0001484517   0.0000460839   0.0001019927  -0.0000666356   0.0000356673
        0.0002140616  -0.0000122004   0.0002961212  -0.0012402981  -0.0010373027
        0.0004377863   0.0000225488   0.0000398785   0.0000098644   0.0000243223
       -0.0000038732  -0.0000164204   0.0000064502  -0.0000058824  -0.0000111835
        0.0000085014  -0.0000028278  -0.0000057839   0.0000076632   0.0000011023
       -0.0000013167  -0.0000072937  -0.0000034794  -0.0000096903
        0.0195207472  -0.2523403839   0.0690865165   0.0030585786  -0.0013673300
        0.0061992631   0.0007010030  -0.0000691500  -0.0004757866   0.0001387799
        0.0003147944   0.0000379230  -0.0001480915  -0.0000196053  -0.0000831742
       -0.0003162939  -0.0001466800  -0.0001365929  -0.0009527358   0.0000346207
        0.0009684153  -0.0008695884   0.0004561184  -0.0008965475   0.0001910175
        0.0000262397  -0.0001681969  -0.0001592917   0.0000849822   0.0001951591
        0.0000071032  -0.0000389553  -0.0000837826  -0.0000597003   0.0000205485
        0.0000251404   0.0000320106   0.0000339418   0.0000146643   0.0000024051
       -0.0000218000  -0.0000238973   0.0000858715   0.0000932242   0.0000427507
       -0.0000635033  -0.0001395067  -0.0000752634   0.0000009593   0.0000596997
        0.0000500258   0.0000762066   0.0000294688   0.0000031116  -0.0018812997
       -0.0157755972   0.0052051397  -0.0236989205   0.2920956552  -0.0827801466
        0.0038089496  -0.0231865806   0.0031792763   0.0000995522  -0.0001173593
       -0.0000887368  -0.0000230478   0.0000202732   0.0000440133   0.0000383083
       -0.0000300329   0.0000211267  -0.0002366662   0.0000595041  -0.0001669136
        0.0002561577  -0.0004958620  -0.0000358515   0.0004916248   0.0005125844
       -0.0000252964  -0.0000450618  -0.0000437419  -0.0000309391  -0.0000288550
       -0.0000323889  -0.0000006837  -0.0000165016  -0.0000072979   0.0000014225
       -0.0000016581  -0.0000042240   0.0000010168  -0.0000013784   0.0000005483
        0.0000004167  -0.0000066811  -0.0000057075  -0.0000035723
       -0.0058494869   0.0727122393  -0.0606979579  -0.0066123922   0.0243044409
       -0.0152471007  -0.0023870163   0.0001921766  -0.0015915815   0.0000585962
       -0.0013432154  -0.0011738022   0.0003034695   0.0000877697  -0.0000654163
        0.0005920272  -0.0008889638  -0.0001563006   0.0006729540   0.0006872728
       -0.0006233746   0.0002842977   0.0002143967   0.0005938620  -0.0001613949
       -0.0000339363   0.0001397902   0.0001126480  -0.0000172928  -0.0001260246
       -0.0000204548   0.0000238352   0.0000622219   0.0000366281  -0.0000103930
       -0.0000167591  -0.0000247005  -0.0000253325  -0.0000135602  -0.0000037109
        0.0000247175   0.0000262380  -0.0000415618  -0.0000676860  -0.0000418031
        0.0000019744   0.0001248220   0.0000868053   0.0000286041  -0.0000638040
       -0.0000573460  -0.0000222761  -0.0000154089  -0.0000083721   0.0010556367
        0.0085140374  -0.0017891246   0.0092724750  -0.0827801466   0.0741996168
        0.0032126635  -0.0222428342   0.0061566272  -0.0002042838   0.0003775954
        0.0001282728  -0.0000678016   0.0000225581  -0.0002025918  -0.0000571953
        0.0002652844   0.0000393466   0.0000444987   0.0000350408  -0.0000374509
       -0.0001998999  -0.0001839602   0.0000494522  -0.0000590777   0.0000598298
        0.0003752950   0.0000187499   0.0000381050   0.0000263430   0.0000122698
       -0.0000078682  -0.0000313880   0.0000000649  -0.0000017872  -0.0000025586
        0.0000028125  -0.0000003578  -0.0000021175   0.0000019676  -0.0000001420
       -0.0000005369  -0.0000010847  -0.0000009926   0.0000012962
       -0.0885014802   0.0551008854   0.0751771820   0.0077629304  -0.0088085759
       -0.0104509985  -0.0009308864  -0.0000293278  -0.0017009261   0.0001465413
        0.0006582028  -0.0002112819   0.0000184554   0.0000085420  -0.0001040353
       -0.0000308228   0.0005943107   0.0002753235  -0.0004197305  -0.0004938714
       -0.0008688183  -0.0001182180  -0.0010950130  -0.0009920597  -0.0000138241
       -0.0000350476   0.0000124222   0.0000239312  -0.0000060297  -0.0000494065
       -0.0000446498  -0.0000407177   0.0000490827  -0.0000253126   0.0000110537
        0.0000224167   0.0000133005   0.0000196076   0.0000143735   0.0000173292
       -0.0000219001  -0.0000224093  -0.0000108504   0.0000477329   0.0000512897
       -0.0000436909  -0.0000745524  -0.0000651788  -0.0000025177   0.0000290472
        0.0000386685   0.0000612442   0.0000295263   0.0000134961  -0.0168755023
        0.0153032755   0.0226101878  -0.0013054534   0.0038089496   0.0032126635
        0.1012343741  -0.0652396100  -0.0870835095   0.0000194212  -0.0000222073
       -0.0001399639  -0.0000612284  -0.0000061382  -0.0001317218   0.0000289848
       -0.0000917036   0.0000176036  -0.0000366396   0.0002531933   0.0000066961
       -0.0007024194   0.0003692699   0.0003673256  -0.0002078825  -0.0003227935
        0.0000238332   0.0000075471   0.0000068904  -0.0000007599  -0.0000057097
        0.0000275735  -0.0000754449  -0.0000094901   0.0000183019   0.0000088565
        0.0000125704   0.0000034917  -0.0000013739   0.0000061648   0.0000030307
        0.0000020261  -0.0000064859  -0.0000053967  -0.0000055589
        0.0551373026  -0.1097120850  -0.0940788633  -0.0003520183   0.0009517331
       -0.0002911070   0.0000609262  -0.0001678238   0.0002361404   0.0002201000
       -0.0000381817   0.0004349688  -0.0000892081  -0.0000379038   0.0000852782
        0.0002344800   0.0000228111   0.0000599113  -0.0001383685   0.0007458103
       -0.0007064992  -0.0000029876   0.0002051090   0.0003425250  -0.0001488027
       -0.0000583264   0.0001167012   0.0000848806  -0.0000368920  -0.0001371100
        0.0000139065   0.0000194794   0.0000727745   0.0000450744   0.0000048508
       -0.0000034254  -0.0000218472  -0.0000244553  -0.0000064831  -0.0000073724
        0.0000205176   0.0000240083  -0.0000688825  -0.0000917548  -0.0000432595
        0.0000244061   0.0001410782   0.0000819023   0.0000207852  -0.0000712039
       -0.0000478345  -0.0000481606  -0.0000232407   0.0000075220  -0.0049959013
        0.0060885549   0.0075871788   0.0158590631  -0.0231865806  -0.0222428342
       -0.0652396100   0.1260105636   0.1083955197  -0.0000400576   0.0000036660
        0.0000041623   0.0000122670   0.0000134932  -0.0000034453  -0.0000362794
        0.0000102134  -0.0000043659   0.0001946196  -0.0000297730   0.0001590178
       -0.0006488977   0.0003159428   0.0001441617  -0.0001150596  -0.0011547016
       -0.0001830727   0.0000456640   0.0000409070   0.0000255194  -0.0000046209
        0.0000405323  -0.0000044190   0.0000142053  -0.0000010920  -0.0000075194
       -0.0000040410   0.0000014574  -0.0000019248  -0.0000024372  -0.0000025498
       -0.0000035621  -0.0000031277  -0.0000001556  -0.0000115660
        0.0779344275  -0.0952240236  -0.1643744014   0.0063372235  -0.0131538367
       -0.0266831199  -0.0025507459  -0.0008787607  -0.0028259902  -0.0003801467
        0.0015327340  -0.0006425312   0.0002016150   0.0000598640   0.0000655208
        0.0002335486   0.0008842544   0.0001134268   0.0013271098   0.0004921744
       -0.0005586692   0.0003687427   0.0000085238   0.0006212939  -0.0001260086
       -0.0000423868   0.0001782337   0.0001803466  -0.0000800602  -0.0001911064
       -0.0000765670  -0.0000191578   0.0001152199   0.0000692876   0.0000095649
       -0.0000050065   0.0000100820   0.0000030060  -0.0000059976   0.0000099825
        0.0000126435   0.0000118112  -0.0000808801  -0.0000554812  -0.0000276371
        0.0000295545   0.0001305405   0.0000893550   0.0000162547  -0.0000645374
       -0.0000673897  -0.0000461392  -0.0000185667  -0.0000085821   0.0066352469
       -0.0042952023  -0.0062400857  -0.0024971681   0.0031792763   0.0061566272
       -0.0870835095   0.1083955197   0.1939878419  -0.0001347958  -0.0004637202
        0.0000528347  -0.0000897262   0.0000273483  -0.0002505186   0.0000278419
       -0.0002409478  -0.0000429421   0.0001793997   0.0000111318   0.0000960574
       -0.0004135165  -0.0000143155   0.0002280149  -0.0000880532  -0.0003060330
        0.0002110129   0.0000964355   0.0000588178   0.0000557069  -0.0000957321
        0.0000347952  -0.0000773177  -0.0000131965   0.0000079391   0.0000147096
        0.0000104969   0.0000004362  -0.0000032261   0.0000078730  -0.0000006901
       -0.0000015207   0.0000007166   0.0000091503   0.0000083753
        0.0011457891   0.0011903613  -0.0016193755  -0.0169590198  -0.0047562697
        0.0022703176  -0.2821699694  -0.0632581700   0.0077649081  -0.0193388484
       -0.0046056068  -0.0011746547  -0.0006822213  -0.0014070356  -0.0037623387
        0.0012645935   0.0001543716   0.0000605057  -0.0000720439  -0.0023599643
        0.0021581227  -0.0008683237  -0.0001845992  -0.0000538950  -0.0006007194
        0.0005577275   0.0003133787   0.0004831633  -0.0003333046  -0.0004248152
       -0.0000868645   0.0002060618   0.0001583147   0.0001803841  -0.0000626936
       -0.0000824521  -0.0001080873  -0.0000815745  -0.0000334156  -0.0000185908
        0.0000688612   0.0000739763  -0.0001935106  -0.0001650380  -0.0000987367
        0.0001662559   0.0003135379   0.0002061268  -0.0000219808  -0.0001452235
       -0.0001101273  -0.0001502013  -0.0000547394  -0.0000026447   0.0006706449
        0.0001223332   0.0003500794  -0.0000987637   0.0000995522  -0.0002042838
        0.0000194212  -0.0000400576  -0.0001347958   0.3178792498   0.0743465199
       -0.0064547613   0.0006629361   0.0006955476   0.0006186936  -0.0011259442
       -0.0002614386  -0.0000935905  -0.0001503971  -0.0000967765   0.0002413127
       -0.0000307825   0.0000233556   0.0000205021   0.0000281457  -0.0000167945
       -0.0000386387   0.0001532383   0.0001080874   0.0000903497   0.0000145328
       -0.0000660777  -0.0000351426   0.0000001845   0.0000090285   0.0000042669
       -0.0000003093   0.0000018633  -0.0000020109  -0.0000014455   0.0000005201
        0.0000019791   0.0000094839  -0.0000023650  -0.0000071552
        0.0006265216  -0.0020238324  -0.0009393318  -0.0090403291  -0.0017697352
        0.0012450524  -0.0633139198  -0.0495235430   0.0034297842  -0.0004010608
        0.0002014433  -0.0001259500  -0.0012707396   0.0069854677   0.0009839171
        0.0002859533   0.0005296279   0.0001127515  -0.0021581152   0.0062648435
        0.0027876286  -0.0004616246  -0.0002249952  -0.0000012272   0.0000710433
       -0.0013450090  -0.0002171880   0.0004056560  -0.0001014649  -0.0001086049
        0.0000017544   0.0000819962   0.0000799837   0.0000573359  -0.0000172225
       -0.0000423999  -0.0000430857  -0.0000419783  -0.0000125580   0.0000036826
        0.0000568548   0.0000220567  -0.0000281941  -0.0000899407  -0.0001182193
        0.0000556722   0.0001512639   0.0000966132  -0.0000198020  -0.0000894232
       -0.0000674783  -0.0000663052  -0.0000404240   0.0000047160   0.0001718576
        0.0001571433   0.0002985848   0.0000964548  -0.0001173593   0.0003775954
       -0.0000222073   0.0000036660  -0.0004637202   0.0743465199   0.0432946710
       -0.0070947292   0.0009205114  -0.0022433897  -0.0004117730  -0.0001310423
        0.0001125247   0.0000453436   0.0000156647  -0.0001010046   0.0001270094
        0.0000309665   0.0000037177  -0.0000156822  -0.0000012087  -0.0000101939
       -0.0000158131  -0.0001115888  -0.0000683458   0.0000200519  -0.0000211635
       -0.0000372780   0.0000090331   0.0000005604   0.0000024223  -0.0000052120
       -0.0000033779  -0.0000031234   0.0000045175   0.0000013233  -0.0000006430
       -0.0000058636   0.0000022868   0.0000032639   0.0000011116
        0.0021010446   0.0000175363   0.0007187481   0.0240038487   0.0063777722
       -0.0021319280   0.0078898793   0.0036270094  -0.0436172333  -0.0246411268
       -0.0059508883  -0.0004596913  -0.0033014558   0.0011031530  -0.0035456325
       -0.0001114223   0.0002075874  -0.0007179923   0.0016842472   0.0025801133
       -0.0038255285   0.0013442790   0.0004057167  -0.0001009284   0.0000769495
       -0.0004099271   0.0000938240  -0.0000131559   0.0000747433  -0.0000248730
        0.0000182498  -0.0000396755   0.0000345566   0.0000003350   0.0000123445
        0.0000057951   0.0000059843   0.0000057769   0.0000038098  -0.0000105594
        0.0000075097   0.0000069450   0.0000191885  -0.0000172532  -0.0000035416
       -0.0000039067   0.0000250575  -0.0000021020  -0.0000024139  -0.0000271105
       -0.0000186733  -0.0000087796  -0.0000071980  -0.0000086765  -0.0006242393
       -0.0000583771  -0.0013125470  -0.0000210162  -0.0000887368   0.0001282728
       -0.0001399639   0.0000041623   0.0000528347  -0.0064547613  -0.0070947292
        0.0545082861  -0.0006838556  -0.0007119980   0.0006182987  -0.0013407514
       -0.0002338324  -0.0001451063   0.0002109859   0.0001295636  -0.0003173412
        0.0000067085   0.0000189982   0.0000217374   0.0000270592  -0.0000439073
        0.0000786239   0.0000076656   0.0000486716  -0.0000389134  -0.0000348872
        0.0000337288  -0.0000133677  -0.0000037752  -0.0000005905   0.0000015348
       -0.0000028039  -0.0000013267  -0.0000007316   0.0000009910  -0.0000016815
       -0.0000011800   0.0000014585   0.0000077877   0.0000127209
        0.0002031528   0.0002297286  -0.0006542040  -0.0005384782  -0.0014460051
       -0.0031449755   0.0063013950   0.0035385272  -0.0127214153  -0.0900435195
       -0.0300676702   0.0947534913  -0.0150821186  -0.0084756080   0.0261408351
       -0.0041057295  -0.0026680295  -0.0009537083  -0.0002785104   0.0000192070
       -0.0005470664   0.0000409070   0.0003943261   0.0001098952  -0.0017762431
       -0.0000659815   0.0016122719   0.0002859668  -0.0006088028  -0.0002776125
       -0.0000409143   0.0001933744   0.0001918367   0.0001571125  -0.0000385302
       -0.0000850091  -0.0001074979  -0.0000725169  -0.0000238920  -0.0000375095
        0.0000758027   0.0000367811  -0.0003152071  -0.0001160951  -0.0001233932
        0.0001257256   0.0003457390   0.0002632847   0.0000310747  -0.0001492044
       -0.0001624590  -0.0001354919  -0.0000593723  -0.0000042091   0.0000916732
        0.0000225712   0.0000462580  -0.0000387097  -0.0000230478  -0.0000678016
       -0.0000612284   0.0000122670  -0.0000897262   0.0006629361   0.0009205114
       -0.0006838556   0.1041378876   0.0374032994  -0.1044597599   0.0005239929
        0.0005953791   0.0007604345  -0.0000055817   0.0000220403  -0.0000524052
       -0.0000685302   0.0000006696   0.0000815316   0.0000224009  -0.0000158446
       -0.0000363174   0.0000581933   0.0000975187   0.0001242118  -0.0000050148
       -0.0000593356  -0.0000389434   0.0000014111   0.0000035222  -0.0000018556
       -0.0000006998  -0.0000025144   0.0000042893  -0.0000089148   0.0000029255
        0.0000016201   0.0000060698  -0.0000088507   0.0000018680
        0.0000715936  -0.0001708855   0.0000205661  -0.0013384654   0.0071031834
        0.0010907630  -0.0005664114   0.0002254843   0.0015424696  -0.0301441228
       -0.0509874393   0.0578611535  -0.0037860505  -0.0016451674   0.0067129538
       -0.0024180783   0.0072479895   0.0013926767  -0.0003832218   0.0001363842
       -0.0004402173   0.0004014291  -0.0014385965  -0.0003602036  -0.0008984316
       -0.0000828666   0.0005483098   0.0001349994  -0.0002435616  -0.0001826678
       -0.0000252238   0.0000925373   0.0000477890   0.0000783875  -0.0000380556
       -0.0000316155  -0.0000499470  -0.0000404027  -0.0000215891  -0.0000209623
        0.0000491346   0.0000395221  -0.0000974192  -0.0000816025  -0.0000563897
        0.0000827897   0.0001819341   0.0001238612   0.0000001354  -0.0000873639
       -0.0000684051  -0.0000798280  -0.0000447513  -0.0000126836   0.0000149983
       -0.0000043438  -0.0000005419   0.0000024603   0.0000202732   0.0000225581
       -0.0000061382   0.0000134932   0.0000273483   0.0006955476  -0.0022433897
       -0.0007119980   0.0374032994   0.0445406033  -0.0671484283   0.0008162285
       -0.0024814499  -0.0004386478  -0.0000204912  -0.0000371035   0.0000509245
        0.0001593385   0.0000925683  -0.0002889907  -0.0000898965  -0.0000974572
        0.0001914814   0.0000695975   0.0000490710   0.0000912685  -0.0000022621
       -0.0000409439  -0.0000088855   0.0000000724   0.0000025576  -0.0000002264
       -0.0000045635   0.0000022023  -0.0000017515  -0.0000029425   0.0000003606
        0.0000010309   0.0000035789   0.0000076041   0.0000085652
        0.0005652240   0.0004365147  -0.0013404804  -0.0038357320   0.0009821635
       -0.0033410164   0.0105235361   0.0069990817  -0.0253761475   0.0948361997
        0.0579404809  -0.2370016862   0.0028598273   0.0013430166  -0.0030818697
       -0.0003099251   0.0009620659   0.0016889586  -0.0006704233  -0.0002615772
        0.0006185382   0.0001003686  -0.0002683709   0.0000272331   0.0008243378
       -0.0002844889  -0.0003646407  -0.0004989980   0.0004603674   0.0003339159
        0.0000697492  -0.0001968082  -0.0001347311  -0.0001683802   0.0000521729
        0.0000891927   0.0000990870   0.0000772562   0.0000306872   0.0000018801
       -0.0000534480  -0.0000396644   0.0002146464   0.0001361282   0.0001115814
       -0.0001616331  -0.0002569229  -0.0001764067   0.0000131484   0.0001070855
        0.0000787075   0.0001577009   0.0000611411  -0.0000113113   0.0000499680
       -0.0000165213   0.0000936738  -0.0001129579   0.0000440133  -0.0002025918
       -0.0001317218  -0.0000034453  -0.0002505186   0.0006186936  -0.0004117730
        0.0006182987  -0.1044597599  -0.0671484283   0.2668410935  -0.0004747989
       -0.0007060682   0.0009082631   0.0000424095   0.0000187641   0.0000249160
        0.0000124843  -0.0000150752  -0.0000653212  -0.0000520855  -0.0000056379
        0.0000340348  -0.0000572387  -0.0000112775  -0.0001070945  -0.0000365544
        0.0000354778  -0.0000079625  -0.0000077178  -0.0000120016  -0.0000025972
       -0.0000010020  -0.0000024641  -0.0000043029   0.0000035837  -0.0000020193
       -0.0000026755  -0.0000139160   0.0000005977   0.0000119243
        0.0000327455   0.0003611691  -0.0000246027  -0.0001999340  -0.0001567682
        0.0007131454  -0.0052538428  -0.0030477218   0.0003249336  -0.0182302705
        0.0003557047  -0.0251860203  -0.1215103639   0.0012186050  -0.1180172149
        0.0057376945  -0.0004730577   0.0079134045  -0.0002197518  -0.0020636238
        0.0018545379   0.0002114984  -0.0000564792   0.0005175005   0.0011471903
        0.0005370204   0.0010002689  -0.0003770354   0.0003498333   0.0002766628
        0.0000900439  -0.0000754292  -0.0000644452  -0.0001132130   0.0000203622
        0.0000453987   0.0000147424   0.0000083892  -0.0000026110  -0.0000608436
        0.0000433549   0.0000414424   0.0001044004   0.0000551703  -0.0000083848
       -0.0002886140  -0.0000525529   0.0001172829   0.0001315751   0.0000673070
       -0.0001814113   0.0002313597   0.0000690036  -0.0000514694   0.0000059580
       -0.0000037097   0.0000614600  -0.0000483510   0.0000383083  -0.0000571953
        0.0000289848  -0.0000362794   0.0000278419  -0.0011259442  -0.0001310423
       -0.0013407514   0.0005239929   0.0008162285  -0.0004747989   0.1391019482
        0.0025771407   0.1323530121   0.0000860185   0.0000324340  -0.0000067620
       -0.0000090284  -0.0000370135   0.0000389261  -0.0000271413  -0.0000249877
        0.0000986111   0.0000478398  -0.0002365583   0.0001331137  -0.0000153406
       -0.0000696316  -0.0000716436   0.0000023215  -0.0000276712  -0.0000224702
        0.0000066964  -0.0000163349  -0.0000155752   0.0000138012  -0.0000081263
       -0.0000118381  -0.0000391367  -0.0000330435   0.0000196518
        0.0004323640  -0.0014193937  -0.0002519947   0.0000362571   0.0000279306
       -0.0001291859  -0.0029404808   0.0069495044   0.0014822799  -0.0043125779
        0.0002232731  -0.0055702695   0.0019522742  -0.0334636208   0.0063524184
        0.0024151390   0.0006235010   0.0075472488  -0.0022016675   0.0060211905
        0.0020849600   0.0001641172  -0.0000910121   0.0002547173   0.0017376044
       -0.0021013751  -0.0005936481   0.0000250067   0.0001683342   0.0004816739
        0.0000830196  -0.0000894986  -0.0000904168  -0.0000534606  -0.0000043625
       -0.0000143643   0.0000204379  -0.0000203668  -0.0000106027  -0.0000354055
        0.0000700702   0.0000146072   0.0002463656  -0.0000084206  -0.0001189656
       -0.0001733026   0.0000308698   0.0000861092   0.0000107337  -0.0000708468
       -0.0001561578   0.0001444812  -0.0000117496  -0.0000338169  -0.0000240350
       -0.0000157871   0.0000014724   0.0001484517  -0.0000300329   0.0002652844
       -0.0000917036   0.0000102134  -0.0002409478  -0.0002614386   0.0001125247
       -0.0002338324   0.0005953791  -0.0024814499  -0.0007060682   0.0025771407
        0.0258407424  -0.0105199203   0.0000356874   0.0000125673   0.0000057173
       -0.0000180463  -0.0000061311   0.0000280005  -0.0000300683   0.0000178046
        0.0000029098  -0.0004039212  -0.0002259488   0.0000519548  -0.0000648820
       -0.0000403264   0.0000258626   0.0000012617  -0.0000153104  -0.0000159357
        0.0000003597  -0.0000152240  -0.0000028491   0.0000126513  -0.0000024428
       -0.0000128688  -0.0000277423   0.0000047737   0.0000166280
        0.0000552746  -0.0002332904   0.0000379895   0.0007493352   0.0000735307
        0.0005145973  -0.0002892660   0.0009968844   0.0015176119  -0.0016843043
       -0.0002386027  -0.0008925790  -0.1178810061   0.0070189997  -0.2215785419
       -0.0153959661   0.0013948434  -0.0259679929   0.0027508846   0.0024262873
       -0.0036869494  -0.0008553515   0.0001120427  -0.0012326234  -0.0005854169
       -0.0017810455   0.0021322844  -0.0001475442   0.0003051336  -0.0003186505
       -0.0000245394  -0.0001134404   0.0001263888  -0.0000648476   0.0000619305
        0.0000711681   0.0000413408   0.0000630267   0.0000431956  -0.0000326898
       -0.0000444013  -0.0000218503   0.0000357564   0.0001083666   0.0001826275
        0.0000475508  -0.0000851826  -0.0002169400  -0.0001732218  -0.0000617274
        0.0001274890   0.0000371503   0.0000407843  -0.0000006040  -0.0000490430
       -0.0000267894   0.0000309164   0.0000460839   0.0000211267   0.0000393466
        0.0000176036  -0.0000043659  -0.0000429421  -0.0000935905   0.0000453436
       -0.0001451063   0.0007604345  -0.0004386478   0.0009082631   0.1323530121
       -0.0105199203   0.2492587518  -0.0000478345  -0.0000338081   0.0000926494
        0.0000498319   0.0000464592  -0.0001792651   0.0001136036   0.0001183285
       -0.0003031906   0.0004190611   0.0006417358  -0.0004818066  -0.0000984899
        0.0000933716  -0.0000304133  -0.0000287923   0.0000087079   0.0000106021
       -0.0000055002   0.0000020791  -0.0000043330  -0.0000114703   0.0000072530
        0.0000090525  -0.0000080492  -0.0000050134   0.0000008544
       -0.0002338395  -0.0001494826   0.0002303130  -0.0006258045  -0.0015883584
        0.0021294896  -0.0006798362  -0.0000717547   0.0000585963   0.0001051827
        0.0000492621  -0.0001759585  -0.0003165822  -0.0000094089  -0.0001956724
       -0.0006151336   0.0003328739  -0.0010959150  -0.0153312194  -0.0075552576
        0.0032169567  -0.2371303862  -0.0909990484  -0.0372485910   0.0011004365
        0.0013154036  -0.0019785619  -0.0003417831   0.0002207768  -0.0005289041
       -0.0002947128   0.0012852961  -0.0001443986   0.0002809259  -0.0000042080
       -0.0001188273  -0.0002724587  -0.0001275539   0.0000071136  -0.0001754473
        0.0002142990   0.0002215284  -0.0001749463  -0.0000358270  -0.0002275000
        0.0000170064  -0.0001217047  -0.0000718360   0.0000209511   0.0000556138
        0.0000812964   0.0000110589   0.0000256330   0.0000860360   0.0000800037
       -0.0000409547   0.0000860265   0.0001019927  -0.0002366662   0.0000444987
       -0.0000366396   0.0001946196   0.0001793997  -0.0001503971   0.0000156647
        0.0002109859  -0.0000055817  -0.0000204912   0.0000424095   0.0000860185
        0.0000356874  -0.0000478345   0.2762633612   0.1057608970   0.0432310774
        0.0006639957  -0.0011658206  -0.0014302321  -0.0222403190  -0.0067084917
       -0.0065418017   0.0000241108  -0.0002843073   0.0000447089  -0.0001041092
       -0.0002601282  -0.0000081432  -0.0000137328  -0.0000469791  -0.0000192503
       -0.0000070795  -0.0000333720  -0.0000026548   0.0000055555  -0.0000323624
       -0.0000006337  -0.0000105911  -0.0000138492  -0.0000337214
        0.0002837053   0.0000902009   0.0002037407  -0.0010897527  -0.0000607323
        0.0019621121  -0.0004791672   0.0002948311  -0.0001024846   0.0000764612
        0.0000152143  -0.0000325836  -0.0000786700   0.0000307626  -0.0002272818
       -0.0007674732   0.0000190974  -0.0004493767  -0.0100866592  -0.0045655761
       -0.0004471668  -0.0907129840  -0.0864704562  -0.0164755724   0.0004984260
        0.0007132159   0.0003687237   0.0011139402  -0.0002205129   0.0010808324
        0.0003455622  -0.0007811042  -0.0000575061   0.0002478218  -0.0002021105
       -0.0001887488  -0.0000613210  -0.0001366151  -0.0001332697  -0.0000702593
        0.0002171272   0.0001447844   0.0003205269  -0.0000180491  -0.0002476060
       -0.0000029365   0.0005721136   0.0004062556   0.0001689912  -0.0003710264
       -0.0001550779  -0.0001562605  -0.0001908633  -0.0000198519   0.0000074080
        0.0001014948   0.0000015296  -0.0000666356   0.0000595041   0.0000350408
        0.0002531933  -0.0000297730   0.0000111318  -0.0000967765  -0.0001010046
        0.0001295636   0.0000220403  -0.0000371035   0.0000187641   0.0000324340
        0.0000125673  -0.0000338081   0.1057608970   0.0968762955   0.0179911780
       -0.0238960999  -0.0137202417  -0.0081249619   0.0190818441   0.0081402952
        0.0044446969  -0.0000450367  -0.0000865544  -0.0000542145  -0.0003400109
       -0.0001984980  -0.0000721633  -0.0000872439   0.0000501148   0.0000292449
       -0.0000722201  -0.0000066712   0.0000208610  -0.0000713197  -0.0000013420
        0.0000092939  -0.0000324246   0.0000053997  -0.0000360796
       -0.0005866792  -0.0000744406  -0.0000545584   0.0020044263   0.0017209193
       -0.0047720725   0.0012601632  -0.0000338654  -0.0001408398  -0.0000217916
       -0.0000308740   0.0001225484   0.0001483247  -0.0002412121   0.0003414362
        0.0009708043   0.0006111063   0.0006783824   0.0237104158   0.0112684299
        0.0031328237  -0.0373735620  -0.0172312592  -0.0493813555   0.0009124615
       -0.0011368960  -0.0018885928  -0.0030363292   0.0023930009   0.0002732652
        0.0000098585  -0.0000020756  -0.0002609521  -0.0003401360  -0.0000558401
        0.0000765563   0.0002361319   0.0000791271  -0.0000374879   0.0000355281
       -0.0000104532   0.0000468891   0.0002211495   0.0002427384   0.0001032638
       -0.0005916304  -0.0003072750  -0.0001020530   0.0002606111   0.0000210600
        0.0000973436   0.0004395221   0.0001638014  -0.0000596745  -0.0000578430
       -0.0000105425   0.0000982752   0.0000356673  -0.0001669136  -0.0000374509
        0.0000066961   0.0001590178   0.0000960574   0.0002413127   0.0001270094
       -0.0003173412  -0.0000524052   0.0000509245   0.0000249160  -0.0000067620
        0.0000057173   0.0000926494   0.0432310774   0.0179911780   0.0597715210
       -0.0188029409  -0.0109346823  -0.0048416344  -0.0128262969  -0.0045307429
       -0.0023885275  -0.0000952469   0.0000726125  -0.0004895544   0.0000034451
       -0.0000161553  -0.0000568460   0.0000174831  -0.0000577030  -0.0000758817
        0.0000269920  -0.0000262428  -0.0000344762   0.0000576545  -0.0000233923
       -0.0000298209  -0.0000381019  -0.0000160769   0.0000131920
       -0.0001908259   0.0004322293   0.0009471561  -0.0002219924  -0.0004866262
        0.0006831725   0.0002007769  -0.0007646936   0.0001092423  -0.0002727650
       -0.0000342500  -0.0000842860   0.0003736422  -0.0006069544  -0.0002586318
       -0.0014076020   0.0000109524   0.0006506876  -0.0014891571   0.0082676497
        0.0092530284  -0.0433247371   0.0208862372   0.0177568982   0.0005711196
        0.0007805150  -0.0004058466   0.0001198853  -0.0005564817   0.0001345091
        0.0000225652   0.0000433192  -0.0001677064  -0.0004383288   0.0001004836
        0.0001643350   0.0000716521   0.0001530805   0.0001277216   0.0000640851
       -0.0002102440  -0.0001978851  -0.0000782426   0.0002206145   0.0002309093
       -0.0000869849  -0.0003882085  -0.0002501571  -0.0001007036   0.0002115600
        0.0001959043   0.0002224457   0.0001179713   0.0000324021   0.0001503187
       -0.0000542151  -0.0001283782   0.0002140616   0.0002561577  -0.0001998999
       -0.0007024194  -0.0006488977  -0.0004135165  -0.0000307825   0.0000309665
        0.0000067085  -0.0000685302   0.0001593385   0.0000124843  -0.0000090284
       -0.0000180463   0.0000498319   0.0006639957  -0.0238960999  -0.0188029409
        0.0488617693  -0.0230868787  -0.0204980982  -0.0033221448   0.0187026103
        0.0114235364  -0.0000395245   0.0000168524  -0.0000328984   0.0001624800
        0.0003014154  -0.0003963841   0.0000218257   0.0000495649   0.0000642234
        0.0000491883   0.0000077974  -0.0000021916   0.0000325331   0.0000250749
        0.0000109988  -0.0000185753  -0.0000227948  -0.0000149290
       -0.0004107359   0.0003822094   0.0006088853  -0.0007826149   0.0002429213
        0.0000052681  -0.0000280152  -0.0004780926  -0.0001711158   0.0000462346
       -0.0000062692   0.0001749533   0.0001519314  -0.0003856704   0.0002743817
        0.0000413991  -0.0005613170   0.0008382883  -0.0000673469   0.0087127474
        0.0031954280   0.0189079128  -0.1780879157  -0.1140756765  -0.0000244357
        0.0000331469   0.0000576317  -0.0000721767  -0.0000258172  -0.0001223431
        0.0000261953  -0.0001331734   0.0002073961   0.0001641793   0.0000773300
       -0.0000343316  -0.0000870937  -0.0000764967  -0.0000157984  -0.0000346921
        0.0000591588   0.0000635274  -0.0000810573  -0.0001764440  -0.0001571853
        0.0001669282   0.0002007087   0.0001010890  -0.0000273077  -0.0000554897
       -0.0000850981  -0.0001599919  -0.0000566292   0.0000134602  -0.0001036257
       -0.0000155961   0.0001437627  -0.0000122004  -0.0004958620  -0.0001839602
        0.0003692699   0.0003159428  -0.0000143155   0.0000233556   0.0000037177
        0.0000189982   0.0000006696   0.0000925683  -0.0000150752  -0.0000370135
       -0.0000061311   0.0000464592  -0.0011658206  -0.0137202417  -0.0109346823
       -0.0230868787   0.2070102937   0.1332163627   0.0057221262  -0.0225693059
       -0.0139942691   0.0001283333   0.0000470000   0.0001437547   0.0003692430
       -0.0002615498   0.0007241820   0.0000654981  -0.0000523574  -0.0000383659
       -0.0000200248  -0.0000050370   0.0000129276  -0.0000047868  -0.0000166351
       -0.0000044103   0.0000225421   0.0000082861  -0.0000001290
       -0.0001901096  -0.0005239749   0.0006153155  -0.0011923502  -0.0003097979
       -0.0011087606  -0.0005058858   0.0011048321   0.0000909544  -0.0001284244
       -0.0000329440   0.0000228447  -0.0002999922   0.0016826665  -0.0003393284
        0.0028588536   0.0005231449  -0.0017395244   0.0064685642  -0.0165749375
       -0.0256389410   0.0162226819  -0.1184853521  -0.1337329334  -0.0006244866
       -0.0005544976   0.0004153134   0.0005202530  -0.0004764144  -0.0007818625
       -0.0003594486  -0.0002565929   0.0003823090  -0.0000874785   0.0001699106
        0.0001495296   0.0001537552   0.0001679233   0.0000328115   0.0001326510
       -0.0001505248  -0.0001331150  -0.0003459146   0.0000155610   0.0000542742
        0.0000979674   0.0000743302   0.0000231619  -0.0000302475  -0.0000180858
       -0.0000584159  -0.0000582885   0.0000095517   0.0000117836  -0.0001181961
       -0.0000282616   0.0000266676   0.0002961212  -0.0000358515   0.0000494522
        0.0003673256   0.0001441617   0.0002280149   0.0000205021  -0.0000156822
        0.0000217374   0.0000815316  -0.0002889907  -0.0000653212   0.0000389261
        0.0000280005  -0.0001792651  -0.0014302321  -0.0081249619  -0.0048416344
       -0.0204980982   0.1332163627   0.1592040974  -0.0015047130   0.0078807034
        0.0076184659   0.0001450642   0.0000691146   0.0002456176  -0.0001583962
        0.0007780677  -0.0006270254   0.0000156080  -0.0000042476   0.0000448154
        0.0000640561   0.0000102118  -0.0000135999   0.0000321608  -0.0000061869
        0.0000026887   0.0000162400   0.0000127617   0.0000198722
       -0.0005319403  -0.0020938471   0.0010846184  -0.0005538763  -0.0009835744
        0.0003907734  -0.0001097018   0.0004930318  -0.0000956222   0.0000454873
       -0.0000315856   0.0001346563   0.0000641451   0.0004246160   0.0002887400
       -0.0008006589  -0.0003311419   0.0017000249   0.0079076165  -0.0064713769
        0.0015233340  -0.1314611066   0.0977528512  -0.0598812633  -0.0002940025
        0.0002542723  -0.0003837148   0.0000872548   0.0000210968  -0.0002188627
       -0.0001202016   0.0001781671  -0.0001510420   0.0001686641  -0.0000500966
       -0.0001381995  -0.0000599668  -0.0000969178  -0.0000550830  -0.0000243382
        0.0000992692   0.0000729486   0.0001506216  -0.0000513428  -0.0001400960
        0.0000632670   0.0002531481   0.0001584742   0.0000215233  -0.0001113150
       -0.0000429019  -0.0000635672  -0.0000605332   0.0000065147  -0.0001018676
        0.0002120890   0.0001329109  -0.0012402981   0.0004916248  -0.0000590777
       -0.0002078825  -0.0001150596  -0.0000880532   0.0000281457  -0.0000012087
        0.0000270592   0.0000224009  -0.0000898965  -0.0000520855  -0.0000271413
       -0.0000300683   0.0001136036  -0.0222403190   0.0190818441  -0.0128262969
       -0.0033221448   0.0057221262  -0.0015047130   0.1528122384  -0.1143931081
        0.0699421247   0.0000067913   0.0000187374   0.0000605982  -0.0001742550
       -0.0000680875   0.0000201563  -0.0000086144  -0.0000089076   0.0000017807
       -0.0000156114  -0.0000050594   0.0000057660  -0.0000136414   0.0000024049
        0.0000026908  -0.0000070203  -0.0000121520  -0.0000297631
       -0.0000230465   0.0002271732  -0.0005810598   0.0005613465   0.0004126580
        0.0012264100   0.0001994718   0.0003925805  -0.0002571230   0.0001692036
        0.0000270360   0.0000078565  -0.0001254656   0.0005162856   0.0002274678
       -0.0008984444  -0.0011186562   0.0007060923   0.0054135354  -0.0073256190
        0.0079161449   0.0982691025  -0.1518005107   0.0678559798   0.0000437866
        0.0000880271  -0.0005852780  -0.0001627721   0.0000164388   0.0002386171
       -0.0000465598  -0.0002997889   0.0000290903  -0.0000302965   0.0000655633
        0.0000583309   0.0000161095   0.0000417580   0.0000001599  -0.0000079163
       -0.0000075497  -0.0000170709   0.0001257468   0.0001510129   0.0000044153
       -0.0001326861  -0.0001862298  -0.0000911235   0.0000304884   0.0000942280
        0.0000917837   0.0001657893   0.0000565647   0.0000151922   0.0002101117
        0.0000789487  -0.0002158444  -0.0010373027   0.0005125844   0.0000598298
       -0.0003227935  -0.0011547016  -0.0003060330  -0.0000167945  -0.0000101939
       -0.0000439073  -0.0000158446  -0.0000974572  -0.0000056379  -0.0000249877
        0.0000178046   0.0001183285  -0.0067084917   0.0081402952  -0.0045307429
        0.0187026103  -0.0225693059   0.0078807034  -0.1143931081   0.1737643288
       -0.0798245787  -0.0000743333  -0.0000914428  -0.0000167019   0.0001337801
        0.0000612214   0.0000305399  -0.0000255758   0.0000128926   0.0000233392
        0.0000193005  -0.0000071035  -0.0000055197   0.0000111027   0.0000041437
        0.0000042426  -0.0000250665  -0.0000129862  -0.0000139030
       -0.0003062605  -0.0000150770   0.0003723197  -0.0012922072   0.0000118080
       -0.0001360301  -0.0001920175  -0.0007911952  -0.0000199655  -0.0003613702
       -0.0000505960  -0.0000007804   0.0001423309  -0.0009305735  -0.0012863946
        0.0020931096   0.0022986603  -0.0024957657  -0.0131634581   0.0205072829
       -0.0191316653  -0.0624422381   0.0682365694  -0.0801810092   0.0000366434
        0.0002025899   0.0001968925   0.0001648206   0.0000448231  -0.0001814267
       -0.0000969479  -0.0000287212   0.0001293624   0.0000780685  -0.0000108988
       -0.0000346892  -0.0000454852  -0.0000461415  -0.0000376827  -0.0000141910
        0.0000597726   0.0000527639   0.0000038554  -0.0000997171  -0.0000581692
        0.0000169509   0.0002097573   0.0001325089   0.0000393765  -0.0001188673
       -0.0000749503  -0.0000392411  -0.0000249805  -0.0000130870  -0.0000911494
       -0.0000873869   0.0000271639   0.0004377863  -0.0000252964   0.0003752950
        0.0000238332  -0.0001830727   0.0002110129  -0.0000386387  -0.0000158131
        0.0000786239  -0.0000363174   0.0001914814   0.0000340348   0.0000986111
        0.0000029098  -0.0003031906  -0.0065418017   0.0044446969  -0.0023885275
        0.0114235364  -0.0139942691   0.0076184659   0.0699421247  -0.0798245787
        0.0971247168   0.0000746833   0.0000946706   0.0000672910   0.0000833061
       -0.0000572433  -0.0000993476  -0.0000003008   0.0000024762   0.0000211280
        0.0000032554   0.0000007082   0.0000026638   0.0000017654  -0.0000008911
        0.0000013162  -0.0000024329  -0.0000028874  -0.0000028780
       -0.0002333633  -0.0000594771   0.0000853090  -0.0013420174   0.0007204534
       -0.0005786123   0.0001689890   0.0000452727  -0.0001393380  -0.0003307710
        0.0004309008   0.0002680595   0.0000010724   0.0001561607  -0.0011319758
       -0.0153116771  -0.0162682421  -0.0172742325  -0.0024925734  -0.0019415096
        0.0006206087   0.0001893791  -0.0002221301   0.0002884582  -0.0724187915
       -0.0687553731  -0.0627053783   0.0117470565   0.0121452319   0.0110084382
       -0.0037409370   0.0041422065   0.0047775816   0.0023224748   0.0007234696
       -0.0002208127  -0.0014271498  -0.0013865052  -0.0006754773  -0.0008062710
        0.0013553614   0.0011975843  -0.0012314923  -0.0039782454  -0.0028439463
       -0.0096663049   0.0080225843   0.0101858864   0.0046346871  -0.0035352646
       -0.0057858686   0.0031416381  -0.0001998203  -0.0013578928  -0.0000066567
        0.0000096732  -0.0000553867   0.0000225488  -0.0000450618   0.0000187499
        0.0000075471   0.0000456640   0.0000964355   0.0001532383  -0.0001115888
        0.0000076656   0.0000581933   0.0000695975  -0.0000572387   0.0000478398
       -0.0004039212   0.0004190611   0.0000241108  -0.0000450367  -0.0000952469
       -0.0000395245   0.0001283333   0.0001450642   0.0000067913  -0.0000743333
        0.0000746833   0.0871305342   0.0689956403   0.0636525006  -0.0000173470
        0.0000085278  -0.0000635412  -0.0002142080   0.0002901968   0.0001981623
        0.0000062289  -0.0000290725  -0.0000006692  -0.0000270017   0.0000930837
        0.0000523684  -0.0003562430  -0.0003267761  -0.0001109997
        0.0000898643  -0.0000112264   0.0000665545   0.0002792066   0.0004185578
       -0.0000562707  -0.0000711298  -0.0001182350   0.0003218102  -0.0003133196
        0.0004119282   0.0000246408   0.0002691525   0.0003489613  -0.0004380815
       -0.0035605109  -0.0038832498  -0.0017528448   0.0010243431  -0.0000498117
        0.0002263940   0.0004683712  -0.0001151366   0.0001246198  -0.0757499551
       -0.1672226667  -0.1601416610   0.0090431217  -0.0193916850  -0.0183157700
        0.0010078702   0.0038130313  -0.0006775432   0.0020209883  -0.0007877403
       -0.0019782819  -0.0016547382  -0.0010049526  -0.0004059607  -0.0003455922
        0.0007992532   0.0008033249  -0.0032517321  -0.0046894910  -0.0019139902
       -0.0032598292   0.0082868636   0.0076373855   0.0036628509  -0.0056189664
       -0.0035350764   0.0015517271  -0.0005902892  -0.0012272702   0.0000325690
        0.0000102753   0.0000230926   0.0000398785  -0.0000437419   0.0000381050
        0.0000068904   0.0000409070   0.0000588178   0.0001080874  -0.0000683458
        0.0000486716   0.0000975187   0.0000490710  -0.0000112775  -0.0002365583
       -0.0002259488   0.0006417358  -0.0002843073  -0.0000865544   0.0000726125
        0.0000168524   0.0000470000   0.0000691146   0.0000187374  -0.0000914428
        0.0000946706   0.0689956403   0.1894599638   0.1798029247   0.0001941055
        0.0004289190   0.0001352456   0.0002400798  -0.0001583300   0.0002447512
       -0.0000657442   0.0000688762   0.0001177488  -0.0001570330   0.0001036268
        0.0001548106  -0.0002174055  -0.0001294203  -0.0002530031
       -0.0000347097  -0.0000739002   0.0000012986  -0.0006779102  -0.0003315472
       -0.0002960028   0.0005165040   0.0001820975   0.0001571676  -0.0008472475
       -0.0001803797  -0.0002979672   0.0030913504   0.0001788395  -0.0005657476
       -0.0106435186   0.0000862751  -0.0005765266   0.0005507291  -0.0000203040
        0.0006587267  -0.0002288520   0.0000934154   0.0002326470  -0.0576498323
       -0.1655900051  -0.1750123412  -0.0003515705  -0.0133889126  -0.0148565770
        0.0019856890  -0.0014004907   0.0012206206   0.0002829827  -0.0012078199
        0.0003976690  -0.0001705582  -0.0000182905   0.0000985206  -0.0000152119
       -0.0003640673  -0.0001329558  -0.0019017601  -0.0008088054  -0.0008915429
       -0.0000577191   0.0027163670   0.0024364786   0.0007612898  -0.0002986813
       -0.0030435587   0.0011019160  -0.0001366616  -0.0005626788   0.0000619721
        0.0000338155  -0.0000187768   0.0000098644  -0.0000309391   0.0000263430
       -0.0000007599   0.0000255194   0.0000557069   0.0000903497   0.0000200519
       -0.0000389134   0.0001242118   0.0000912685  -0.0001070945   0.0001331137
        0.0000519548  -0.0004818066   0.0000447089  -0.0000542145  -0.0004895544
       -0.0000328984   0.0001437547   0.0002456176   0.0000605982  -0.0000167019
        0.0000672910   0.0636525006   0.1798029247   0.1919705494   0.0002892576
        0.0003437707   0.0000554613   0.0000857214   0.0002191996  -0.0003200038
       -0.0000277686   0.0001333133  -0.0000189011  -0.0001178844   0.0000965384
        0.0000800183  -0.0000845581  -0.0002973848   0.0000068330
       -0.0000743596  -0.0000309631  -0.0000550103  -0.0002040642   0.0001161239
       -0.0001006018  -0.0001356746  -0.0000908681   0.0001683907  -0.0001491392
       -0.0000006400   0.0000775787   0.0001546864   0.0000679168   0.0000645539
        0.0006139938   0.0009952148   0.0009858421  -0.0008440011   0.0010768219
       -0.0002450888  -0.0004669908   0.0008997579  -0.0004786054  -0.0003240098
        0.0011816846   0.0001351747  -0.0093526851  -0.0062644628  -0.0018456679
       -0.2685588861  -0.0907986441   0.0034738480  -0.0242086137  -0.0067355791
        0.0016688770  -0.0014230064   0.0017826913   0.0042318297   0.0007404296
        0.0001924875  -0.0001034471   0.0006942867  -0.0021549713   0.0000883665
       -0.0003269784   0.0005288069   0.0004053667   0.0000340108  -0.0001588570
       -0.0001506233  -0.0002868209  -0.0002767483  -0.0001299967  -0.0000028525
       -0.0000164795   0.0000066727   0.0000243223  -0.0000288550   0.0000122698
       -0.0000057097  -0.0000046209  -0.0000957321   0.0000145328  -0.0000211635
       -0.0000348872  -0.0000050148  -0.0000022621  -0.0000365544  -0.0000153406
       -0.0000648820  -0.0000984899  -0.0001041092  -0.0003400109   0.0000034451
        0.0001624800   0.0003692430  -0.0001583962  -0.0001742550   0.0001337801
        0.0000833061  -0.0000173470   0.0001941055   0.0002892576   0.3047775592
        0.0995550989  -0.0069207491   0.0006453389   0.0000308832  -0.0010254182
       -0.0011955909  -0.0004013008   0.0000780375   0.0000051189   0.0002736528
       -0.0002914424   0.0000086900  -0.0000069608  -0.0000021060
       -0.0001120663   0.0000048324  -0.0000373708   0.0004364006   0.0001283174
        0.0000836950   0.0000044187   0.0000157738   0.0000696515  -0.0001012651
       -0.0000225921   0.0000007448   0.0002149833   0.0001908510  -0.0003573525
        0.0002304292  -0.0010159910  -0.0008914172   0.0015162362  -0.0006438326
       -0.0000571266   0.0002238124  -0.0003601937   0.0004626394   0.0001885869
        0.0002305761   0.0009683913  -0.0244788488  -0.0093669414  -0.0007632149
       -0.0906452677  -0.0739847692  -0.0047079258   0.0117483788   0.0041858447
       -0.0001860617   0.0012770582   0.0024051358  -0.0047899885   0.0005780520
       -0.0003668515  -0.0002959050  -0.0011128208  -0.0016792510  -0.0056943509
       -0.0008844358   0.0002282490   0.0007741153   0.0000896015  -0.0001172814
       -0.0001169404  -0.0004531368  -0.0005035564  -0.0003427812  -0.0000574633
       -0.0000020378  -0.0000168883  -0.0000038732  -0.0000323889  -0.0000078682
        0.0000275735   0.0000405323   0.0000347952  -0.0000660777  -0.0000372780
        0.0000337288  -0.0000593356  -0.0000409439   0.0000354778  -0.0000696316
       -0.0000403264   0.0000933716  -0.0002601282  -0.0001984980  -0.0000161553
        0.0003014154  -0.0002615498   0.0007780677  -0.0000680875   0.0000612214
       -0.0000572433   0.0000085278   0.0004289190   0.0003437707   0.0995550989
        0.0815827394   0.0125703808   0.0012678694  -0.0004254964   0.0015675499
        0.0005753341   0.0002261753  -0.0001792199   0.0002226576  -0.0005929269
        0.0007381256  -0.0000939960  -0.0000364612  -0.0000366949
       -0.0000655448   0.0000137462  -0.0000306285   0.0001291321  -0.0000384095
        0.0001786231   0.0000940838   0.0000319073   0.0000287875   0.0000640836
       -0.0000048939  -0.0001184342   0.0002611067   0.0001257556  -0.0004885633
       -0.0001100930  -0.0001662954  -0.0004310197   0.0003986032  -0.0004096009
        0.0010150272  -0.0002452891   0.0003964456  -0.0002289637  -0.0008118174
        0.0013861921  -0.0001436893  -0.0151279375  -0.0075038661   0.0000327962
        0.0038912845  -0.0045410317  -0.0357867959   0.0154298574   0.0052196157
       -0.0005596627   0.0035707968  -0.0052660514   0.0037587397   0.0000472667
       -0.0000815017  -0.0002430770   0.0004329751  -0.0053887023   0.0019430438
       -0.0007558291   0.0003513999  -0.0002064757   0.0000723989  -0.0000168084
       -0.0000084310  -0.0001264021  -0.0003112901  -0.0000864174   0.0000051975
       -0.0000093263  -0.0000364819  -0.0000164204  -0.0000006837  -0.0000313880
       -0.0000754449  -0.0000044190  -0.0000773177  -0.0000351426   0.0000090331
       -0.0000133677  -0.0000389434  -0.0000088855  -0.0000079625  -0.0000716436
        0.0000258626  -0.0000304133  -0.0000081432  -0.0000721633  -0.0000568460
       -0.0003963841   0.0007241820  -0.0006270254   0.0000201563   0.0000305399
       -0.0000993476  -0.0000635412   0.0001352456   0.0000554613  -0.0069207491
        0.0125703808   0.0348333091  -0.0000934100   0.0019934905  -0.0016532173
        0.0008604467   0.0000528166   0.0001455675  -0.0002581688   0.0008317229
       -0.0010489164  -0.0000564849  -0.0000744073   0.0000230869
       -0.0000249758   0.0000020693  -0.0000118036   0.0000206245   0.0000060737
        0.0000184466  -0.0000134925  -0.0000109001   0.0000193124  -0.0000186024
       -0.0000035453  -0.0000115458  -0.0000103733  -0.0000051344  -0.0000064702
        0.0001641370  -0.0000069467   0.0000494791   0.0000387637   0.0000142299
        0.0000301833  -0.0000267346   0.0000534807  -0.0000235194   0.0001694639
        0.0009392029   0.0006272516  -0.0019822489   0.0007960271   0.0037122049
        0.0037337360   0.0166117392   0.0115348290  -0.0568600875  -0.0495060110
       -0.0308319244  -0.0074781484  -0.0230592097  -0.0145914200  -0.0050795406
       -0.0030652955   0.0009158365  -0.0004073243   0.0003379154   0.0002555059
       -0.0001007625   0.0003514978  -0.0002375242   0.0000302814  -0.0000705757
        0.0000079574  -0.0000153859  -0.0000858730   0.0000383894   0.0000048469
       -0.0000007515  -0.0000021792   0.0000064502  -0.0000165016   0.0000000649
       -0.0000094901   0.0000142053  -0.0000131965   0.0000001845   0.0000005604
       -0.0000037752   0.0000014111   0.0000000724  -0.0000077178   0.0000023215
        0.0000012617  -0.0000287923  -0.0000137328  -0.0000872439   0.0000174831
        0.0000218257   0.0000654981   0.0000156080  -0.0000086144  -0.0000255758
       -0.0000003008  -0.0002142080   0.0002400798   0.0000857214   0.0006453389
        0.0012678694  -0.0000934100   0.0674596493   0.0565996802   0.0303546224
        0.0004792502  -0.0002649790  -0.0008709893  -0.0005607875  -0.0010544259
       -0.0009077543   0.0000462245  -0.0000384943  -0.0000405732
        0.0000170843   0.0000173416   0.0000305605  -0.0000651373  -0.0000077942
       -0.0000149181   0.0000179194   0.0000114842  -0.0000130415   0.0000211342
       -0.0000105665   0.0000300247   0.0000901163   0.0000229718   0.0000206878
       -0.0003750464  -0.0000066778  -0.0001011768   0.0000559329  -0.0000126294
       -0.0000609432   0.0000180912   0.0000326663   0.0000525875   0.0001846090
       -0.0011432131  -0.0007560663   0.0010583173   0.0031951786  -0.0050061242
       -0.0018136673  -0.0136300952  -0.0103960289  -0.0497710455  -0.2103108914
       -0.1162183522  -0.0038616825  -0.0093305302  -0.0073308130  -0.0035193985
        0.0019403632  -0.0026309367   0.0002924518   0.0002828711   0.0005090142
        0.0003806618  -0.0001007547   0.0012904808  -0.0000381119  -0.0001307411
       -0.0003057260  -0.0002743336  -0.0000692520  -0.0002295751   0.0000015292
        0.0000063149  -0.0000040323  -0.0000058824  -0.0000072979  -0.0000017872
        0.0000183019  -0.0000010920   0.0000079391   0.0000090285   0.0000024223
       -0.0000005905   0.0000035222   0.0000025576  -0.0000120016  -0.0000276712
       -0.0000153104   0.0000087079  -0.0000469791   0.0000501148  -0.0000577030
        0.0000495649  -0.0000523574  -0.0000042476  -0.0000089076   0.0000128926
        0.0000024762   0.0002901968  -0.0001583300   0.0002191996   0.0000308832
       -0.0004254964   0.0019934905   0.0565996802   0.2306861311   0.1381047159
        0.0008231180  -0.0001643667   0.0011561891  -0.0001810415  -0.0007049969
       -0.0002380048   0.0000267618   0.0000190830  -0.0000440047
        0.0000207365   0.0000175246   0.0000122274   0.0000040648   0.0000085084
        0.0000090180   0.0000123907   0.0000058575   0.0000132339  -0.0000129110
        0.0000161545  -0.0000037899   0.0000560547   0.0000094517  -0.0000228263
       -0.0002613450  -0.0001821802   0.0000972894  -0.0000280460   0.0000389116
       -0.0000112367  -0.0000044143  -0.0000100256   0.0000380609  -0.0002339266
       -0.0007295447  -0.0008873811   0.0041158230  -0.0053232681   0.0045949624
       -0.0026699851  -0.0151213172  -0.0092965907  -0.0298290968  -0.1161927980
       -0.1137127846  -0.0013696139  -0.0026996960   0.0002208785   0.0006133844
       -0.0024974219   0.0048880798   0.0001935926   0.0001522582  -0.0004404704
       -0.0000301009   0.0016921530  -0.0006046976   0.0001735119  -0.0004428571
       -0.0001467204  -0.0002267807  -0.0003020620   0.0001680166   0.0000029993
        0.0000030769  -0.0000021142  -0.0000111835   0.0000014225  -0.0000025586
        0.0000088565  -0.0000075194   0.0000147096   0.0000042669  -0.0000052120
        0.0000015348  -0.0000018556  -0.0000002264  -0.0000025972  -0.0000224702
       -0.0000159357   0.0000106021  -0.0000192503   0.0000292449  -0.0000758817
        0.0000642234  -0.0000383659   0.0000448154   0.0000017807   0.0000233392
        0.0000211280   0.0001981623   0.0002447512  -0.0003200038  -0.0010254182
        0.0015675499  -0.0016532173   0.0303546224   0.1381047159   0.1182211811
       -0.0000761893   0.0015104009  -0.0008971192  -0.0000462384   0.0001431562
       -0.0003149426   0.0000443558  -0.0000000468   0.0000391942
       -0.0000508024   0.0000109344  -0.0000273811   0.0000751745  -0.0000034003
        0.0000098300  -0.0000006234   0.0000045474   0.0000072036   0.0000117371
        0.0000138081  -0.0000166897  -0.0000449543   0.0000131807  -0.0000352061
        0.0002623591   0.0001397810  -0.0000311232  -0.0000117337  -0.0000274164
        0.0000300006  -0.0000707674   0.0000940472  -0.0000350886  -0.0003672860
        0.0002319500  -0.0000494400   0.0004495154  -0.0008614662  -0.0006992199
       -0.0048778324  -0.0030604063   0.0008207435  -0.0224788810   0.0126622041
        0.0155639158  -0.1731320175   0.0830733597   0.1015009763   0.0036096182
       -0.0017659331  -0.0025156967   0.0009602119  -0.0018131372   0.0004368862
       -0.0000404657  -0.0006726829  -0.0002960231  -0.0000932994   0.0002205786
        0.0000694856   0.0001895789   0.0001488266   0.0000836871   0.0000029827
       -0.0000061926   0.0000053607   0.0000085014  -0.0000016581   0.0000028125
        0.0000125704  -0.0000040410   0.0000104969  -0.0000003093  -0.0000033779
       -0.0000028039  -0.0000006998  -0.0000045635  -0.0000010020   0.0000066964
        0.0000003597  -0.0000055002  -0.0000070795  -0.0000722201   0.0000269920
        0.0000491883  -0.0000200248   0.0000640561  -0.0000156114   0.0000193005
        0.0000032554   0.0000062289  -0.0000657442  -0.0000277686  -0.0011955909
        0.0005753341   0.0008604467   0.0004792502   0.0008231180  -0.0000761893
        0.1954868439  -0.0894483974  -0.1145546137   0.0007835643  -0.0001416945
       -0.0010695848  -0.0000060678  -0.0000589733  -0.0000528182
        0.0000120286   0.0000100728   0.0000113366  -0.0000021393   0.0000194781
       -0.0000004204   0.0000138983  -0.0000016778   0.0000262718  -0.0000321044
        0.0000007378   0.0000031323   0.0000400637   0.0000005943  -0.0000208598
       -0.0001861504  -0.0001988097   0.0000865893   0.0000293984   0.0000609028
       -0.0000245515   0.0000100329   0.0000304823   0.0000315278   0.0003833083
       -0.0003784788   0.0002835819  -0.0007839948   0.0001234057   0.0000678131
       -0.0027388911   0.0020439404  -0.0024137755  -0.0060124147   0.0039724039
        0.0047295334   0.0828087449  -0.0935626926  -0.0699090441   0.0169629255
       -0.0134190776  -0.0142091020  -0.0023554276  -0.0008249897  -0.0062618291
        0.0010899985   0.0006391149  -0.0004053955   0.0001188129  -0.0009600006
       -0.0004716360  -0.0002074809  -0.0000049778   0.0000048938   0.0000014931
        0.0000017241  -0.0000019183  -0.0000028278  -0.0000042240  -0.0000003578
        0.0000034917   0.0000014574   0.0000004362   0.0000018633  -0.0000031234
       -0.0000013267  -0.0000025144   0.0000022023  -0.0000024641  -0.0000163349
       -0.0000152240   0.0000020791  -0.0000333720  -0.0000066712  -0.0000262428
        0.0000077974  -0.0000050370   0.0000102118  -0.0000050594  -0.0000071035
        0.0000007082  -0.0000290725   0.0000688762   0.0001333133  -0.0004013008
        0.0002261753   0.0000528166  -0.0002649790  -0.0001643667   0.0015104009
       -0.0894483974   0.1030263313   0.0853175921   0.0009891075  -0.0006425667
        0.0015037521   0.0000494964  -0.0000288782  -0.0000270666
        0.0000171865   0.0000002703   0.0000120461  -0.0000524705  -0.0000239365
        0.0000016883   0.0000036702   0.0000091959  -0.0000295473   0.0000427894
       -0.0000087899   0.0000060029   0.0000630602   0.0000205178   0.0000430907
       -0.0001106585   0.0001439567  -0.0001312608   0.0000171501  -0.0000531967
        0.0000098722   0.0000262843  -0.0000087153   0.0000042485  -0.0000750732
        0.0003800563  -0.0005237713  -0.0005884477   0.0000499963   0.0005197853
        0.0009997535  -0.0023361060   0.0040389569   0.0012192503  -0.0001832590
       -0.0006111931   0.1013261532  -0.0698214350  -0.1120165488   0.0120369059
       -0.0095492588  -0.0112960551  -0.0003212088  -0.0064677467   0.0029639269
        0.0011449863   0.0001050982   0.0008067979   0.0000164673  -0.0004201612
       -0.0009360901  -0.0002687680  -0.0000985097   0.0000466887  -0.0000002376
        0.0000027608  -0.0000045454  -0.0000057839   0.0000010168  -0.0000021175
       -0.0000013739  -0.0000019248  -0.0000032261  -0.0000020109   0.0000045175
       -0.0000007316   0.0000042893  -0.0000017515  -0.0000043029  -0.0000155752
       -0.0000028491  -0.0000043330  -0.0000026548   0.0000208610  -0.0000344762
       -0.0000021916   0.0000129276  -0.0000135999   0.0000057660  -0.0000055197
        0.0000026638  -0.0000006692   0.0001177488  -0.0000189011   0.0000780375
       -0.0001792199   0.0001455675  -0.0008709893   0.0011561891  -0.0008971192
       -0.1145546137   0.0853175921   0.1194013669  -0.0001624721   0.0017952467
       -0.0014312230   0.0000334487   0.0000244277  -0.0000436602
       -0.0000414497   0.0000024229  -0.0000224011   0.0000577541  -0.0000067773
        0.0000005899  -0.0000069365   0.0000013946   0.0000062112  -0.0000057872
       -0.0000101560   0.0000069963  -0.0001517943  -0.0000085398  -0.0000319449
        0.0000972950   0.0001777755   0.0002038860  -0.0000196270  -0.0000249516
        0.0000291098  -0.0000517299   0.0000367404  -0.0000399523  -0.0014940257
       -0.0004055810  -0.0000998801  -0.0011127311   0.0019867509   0.0034295497
        0.0007739144   0.0001235713  -0.0001352727   0.0007108998  -0.0025102985
        0.0000451975  -0.0084142812  -0.0042733279  -0.0008450568  -0.2743647264
       -0.0846880746  -0.0069741258  -0.0240314650  -0.0056450312   0.0018557947
       -0.0016738925  -0.0010858095  -0.0010348998   0.0001077142  -0.0001253162
       -0.0001054559   0.0018047966   0.0000050181  -0.0003288404  -0.0000003451
       -0.0000047657   0.0000062227   0.0000076632  -0.0000013784   0.0000019676
        0.0000061648  -0.0000024372   0.0000078730  -0.0000014455   0.0000013233
        0.0000009910  -0.0000089148  -0.0000029425   0.0000035837   0.0000138012
        0.0000126513  -0.0000114703   0.0000055555  -0.0000713197   0.0000576545
        0.0000325331  -0.0000047868   0.0000321608  -0.0000136414   0.0000111027
        0.0000017654  -0.0000270017  -0.0001570330  -0.0001178844   0.0000051189
        0.0002226576  -0.0002581688  -0.0005607875  -0.0001810415  -0.0000462384
        0.0007835643   0.0009891075  -0.0001624721   0.3073902848   0.0962135264
        0.0050212091   0.0001835225  -0.0005744742  -0.0004966993
       -0.0000044274   0.0000066943   0.0000023209   0.0000033360  -0.0000013738
        0.0000090110   0.0000014876   0.0000025203  -0.0000007227   0.0000170466
        0.0000096457  -0.0000086159   0.0000627522   0.0000132741  -0.0000000749
        0.0001713819  -0.0000017139  -0.0001400635  -0.0000005151   0.0000000857
       -0.0000078363   0.0000120107   0.0000185638   0.0000288815   0.0007648630
        0.0000432270  -0.0001884705   0.0007239715   0.0012395275  -0.0044556668
        0.0003695757  -0.0000344341  -0.0000837115  -0.0019798069  -0.0005223933
       -0.0066826489  -0.0230525179  -0.0089378242  -0.0027079706  -0.0847340154
       -0.0690635757  -0.0062499337   0.0116198985   0.0043952342  -0.0001170651
        0.0017397126  -0.0000186412   0.0016655915  -0.0006029083   0.0002437201
        0.0002467312  -0.0005426691  -0.0026350932  -0.0021917911   0.0000002372
       -0.0000006665  -0.0000002349   0.0000011023   0.0000005483  -0.0000001420
        0.0000030307  -0.0000025498  -0.0000006901   0.0000005201  -0.0000006430
       -0.0000016815   0.0000029255   0.0000003606  -0.0000020193  -0.0000081263
       -0.0000024428   0.0000072530  -0.0000323624  -0.0000013420  -0.0000233923
        0.0000250749  -0.0000166351  -0.0000061869   0.0000024049   0.0000041437
       -0.0000008911   0.0000930837   0.0001036268   0.0000965384   0.0002736528
       -0.0005929269   0.0008317229  -0.0010544259  -0.0007049969   0.0001431562
       -0.0001416945  -0.0006425667   0.0017952467   0.0962135264   0.0772964583
        0.0183280422   0.0000518743  -0.0001978111  -0.0002846859
        0.0000069681   0.0000064468   0.0000052689   0.0000010899   0.0000240650
        0.0000103506   0.0000025408   0.0000001640   0.0000025076  -0.0000016243
        0.0000201137   0.0000058254   0.0000723911   0.0000112550  -0.0000055525
        0.0000902262  -0.0002002932  -0.0000681470   0.0000217746   0.0000248121
       -0.0000113916  -0.0000030020  -0.0000048497   0.0000223347   0.0010388589
        0.0000862123   0.0000264151   0.0030705705  -0.0042111848   0.0024482349
        0.0002355594  -0.0004469659  -0.0004704611   0.0001142929  -0.0065755339
        0.0034924867  -0.0151447353  -0.0066882077   0.0002937025  -0.0069209330
       -0.0068677744  -0.0385965192   0.0143717881   0.0041003253   0.0004929024
        0.0012603589   0.0026582730  -0.0009555516  -0.0003322311  -0.0000620354
        0.0002563798  -0.0007329908  -0.0022093717  -0.0011480316   0.0000003596
       -0.0000005928  -0.0000016787  -0.0000013167   0.0000004167  -0.0000005369
        0.0000020261  -0.0000035621  -0.0000015207   0.0000019791  -0.0000058636
       -0.0000011800   0.0000016201   0.0000010309  -0.0000026755  -0.0000118381
       -0.0000128688   0.0000090525  -0.0000006337   0.0000092939  -0.0000298209
        0.0000109988  -0.0000044103   0.0000026887   0.0000026908   0.0000042426
        0.0000013162   0.0000523684   0.0001548106   0.0000800183  -0.0002914424
        0.0007381256  -0.0010489164  -0.0009077543  -0.0002380048  -0.0003149426
       -0.0010695848   0.0015037521  -0.0014312230   0.0050212091   0.0183280422
        0.0369263511   0.0000384151  -0.0001398631   0.0000123142
        0.0000266674   0.0000005932   0.0000269660  -0.0000504293   0.0000040420
       -0.0000113324  -0.0000021056   0.0000019997  -0.0000036208   0.0000138555
       -0.0000187170   0.0000343204   0.0001100716   0.0000518874   0.0000144758
       -0.0002912444  -0.0000683083  -0.0000454159   0.0000989475   0.0000155268
       -0.0000254029   0.0000234107   0.0000243502   0.0000359376   0.0010993620
       -0.0002406439  -0.0003914333  -0.0015725117  -0.0010251833  -0.0000946127
       -0.0003965642  -0.0003101966  -0.0003773968  -0.0006796246   0.0000503567
        0.0002505266   0.0007087102   0.0007145407   0.0003000731   0.0003889288
       -0.0001525906  -0.0003840813  -0.0041434479   0.0005537919   0.0031424499
       -0.0148405622  -0.0341070298  -0.0235178458   0.0030957713   0.0025892990
       -0.0003899787  -0.0416107122  -0.0393090077  -0.0245308585   0.0000007969
       -0.0000000859  -0.0000046989  -0.0000072937  -0.0000066811  -0.0000010847
       -0.0000064859  -0.0000031277   0.0000007166   0.0000094839   0.0000022868
        0.0000014585   0.0000060698   0.0000035789  -0.0000139160  -0.0000391367
       -0.0000277423  -0.0000080492  -0.0000105911  -0.0000324246  -0.0000381019
       -0.0000185753   0.0000225421   0.0000162400  -0.0000070203  -0.0000250665
       -0.0000024329  -0.0003562430  -0.0002174055  -0.0000845581   0.0000086900
       -0.0000939960  -0.0000564849   0.0000462245   0.0000267618   0.0000443558
       -0.0000060678   0.0000494964   0.0000334487   0.0001835225   0.0000518743
        0.0000384151   0.0582181033   0.0714752791   0.0460419217
        0.0000075079  -0.0000234821   0.0000075622  -0.0000218007   0.0000097713
       -0.0000053607  -0.0000202767  -0.0000062673   0.0000067019   0.0000048047
       -0.0000151281   0.0000366339   0.0000442596   0.0000183183  -0.0000015981
       -0.0000739084  -0.0000135043  -0.0000008257   0.0000513864   0.0000129524
       -0.0000523500   0.0000455932  -0.0000344231   0.0000326484   0.0005718755
       -0.0002448020  -0.0000725936  -0.0008247817   0.0001199065  -0.0003384164
       -0.0002022730  -0.0005732618  -0.0000087083  -0.0006947994  -0.0000593645
        0.0000617573   0.0005046307   0.0005998404   0.0004322916   0.0009100524
       -0.0005530606  -0.0005221901  -0.0019768157   0.0035344083  -0.0002599787
       -0.0170056324  -0.0104166565  -0.0056332065   0.0021553394  -0.0014578834
        0.0019424621  -0.0538315338  -0.2405134515  -0.1763127384  -0.0000112970
       -0.0000036259   0.0000022411  -0.0000034794  -0.0000057075  -0.0000009926
       -0.0000053967  -0.0000001556   0.0000091503  -0.0000023650   0.0000032639
        0.0000077877  -0.0000088507   0.0000076041   0.0000005977  -0.0000330435
        0.0000047737  -0.0000050134  -0.0000138492   0.0000053997  -0.0000160769
       -0.0000227948   0.0000082861   0.0000127617  -0.0000121520  -0.0000129862
       -0.0000028874  -0.0003267761  -0.0001294203  -0.0002973848  -0.0000069608
       -0.0000364612  -0.0000744073  -0.0000384943   0.0000190830  -0.0000000468
       -0.0000589733  -0.0000288782   0.0000244277  -0.0005744742  -0.0001978111
       -0.0001398631   0.0714752791   0.2499827235   0.1811676153
        0.0000020692  -0.0000064503  -0.0000086425  -0.0000176519  -0.0000026492
        0.0000053621  -0.0000084752   0.0000063046  -0.0000252807  -0.0000023552
       -0.0000040763   0.0000142855   0.0000024273   0.0000086306   0.0000166375
       -0.0000353636   0.0000205874  -0.0000162896   0.0000179539  -0.0000011137
       -0.0000376839   0.0000463742   0.0000172013  -0.0000253190   0.0001402748
        0.0000919565  -0.0000981781  -0.0000211474  -0.0002401705   0.0006481539
       -0.0001818417   0.0000912888  -0.0004171934  -0.0002647884  -0.0001720276
        0.0000310830   0.0001250217   0.0003554743   0.0001049070   0.0005207139
       -0.0001774748  -0.0005364084   0.0011538110  -0.0010783910   0.0031702387
       -0.0088624006  -0.0000882046   0.0052775091  -0.0007081814   0.0018421528
       -0.0029170838  -0.0371580666  -0.1811417170  -0.1567333505  -0.0000078013
       -0.0000045362   0.0000038461  -0.0000096903  -0.0000035723   0.0000012962
       -0.0000055589  -0.0000115660   0.0000083753  -0.0000071552   0.0000011116
        0.0000127209   0.0000018680   0.0000085652   0.0000119243   0.0000196518
        0.0000166280   0.0000008544  -0.0000337214  -0.0000360796   0.0000131920
       -0.0000149290  -0.0000001290   0.0000198722  -0.0000297631  -0.0000139030
       -0.0000028780  -0.0001109997  -0.0002530031   0.0000068330  -0.0000021060
       -0.0000366949   0.0000230869  -0.0000405732  -0.0000440047   0.0000391942
       -0.0000528182  -0.0000270666  -0.0000436602  -0.0004966993  -0.0002846859
        0.0000123142   0.0460419217   0.1811676153   0.1514402818
