{
   "temperature":     298.150000000000,
   "unit": "hartree",
   "energy":     -25.859837310803,
   "free energy":     -25.754575664508,
   "G(T)":       0.105261646295,
   "ZPVE":       0.139555368813,
   "number of imags":0,
   "point group": "cs",
   "gradient norm":       0.000067530991
}
