{
   "temperature":     298.150000000000,
   "unit": "hartree",
   "energy":     -27.123599481174,
   "free energy":     -26.989105217720,
   "G(T)":       0.134494263453,
   "ZPVE":       0.171291489033,
   "number of imags":0,
   "point group": "c1",
   "gradient norm":       0.000036138720
}
