{
   "temperature":     298.150000000000,
   "unit": "hartree",
   "energy":     -20.873912999787,
   "free energy":     -20.757540544298,
   "G(T)":       0.116372455489,
   "ZPVE":       0.149677056555,
   "number of imags":0,
   "point group": "c1",
   "gradient norm":       0.000022429316
}
