{
   "temperature":     298.150000000000,
   "unit": "hartree",
   "energy":     -27.122276947174,
   "free energy":     -26.988935714131,
   "G(T)":       0.133341233043,
   "ZPVE":       0.171367968270,
   "number of imags":0,
   "point group": "c1",
   "gradient norm":       0.000085832888
}
