{
   "temperature":     298.150000000000,
   "unit": "hartree",
   "energy":     -27.122033481370,
   "free energy":     -26.989155476572,
   "G(T)":       0.132878004798,
   "ZPVE":       0.171114176064,
   "number of imags":0,
   "point group": "cs",
   "gradient norm":       0.000023915054
}
