{
   "temperature":     298.150000000000,
   "unit": "hartree",
   "energy":     -27.123133039072,
   "free energy":     -26.989194526316,
   "G(T)":       0.133938512756,
   "ZPVE":       0.171390873358,
   "number of imags":0,
   "point group": "c1",
   "gradient norm":       0.000036895758
}
