{
   "temperature":     298.150000000000,
   "unit": "hartree",
   "energy":     -17.085815718960,
   "free energy":     -16.968639917464,
   "G(T)":       0.117175801496,
   "ZPVE":       0.147562740058,
   "number of imags":0,
   "point group": "c1",
   "gradient norm":       0.000023805265
}
