{
   "temperature":     298.150000000000,
   "unit": "hartree",
   "energy":     -14.712461179028,
   "free energy":     -14.631017169256,
   "G(T)":       0.081444009772,
   "ZPVE":       0.110599956087,
   "number of imags":0,
   "point group": "c2",
   "gradient norm":       0.000038201024
}
