{
    "partname": "prescreening",
    "runtime": 29.64739152509719,
    "results": {
        "CONF5": {
            "xtb_gsolv": {
                "gsolv": -0.013834823890000791,
                "energy_xtb_gas": -49.331582209117,
                "energy_xtb_solv": -49.345417033007
            },
            "sp": {
                "energy": -765.99290433133
            },
            "gtot": -766.00673915522,
            "bmw": 0.04272558617637528
        },
        "CONF11": {
            "xtb_gsolv": {
                "gsolv": -0.013995108807002055,
                "energy_xtb_gas": -49.329984113207,
                "energy_xtb_solv": -49.343979222014
            },
            "sp": {
                "energy": -765.990616634938
            },
            "gtot": -766.0046117437449,
            "bmw": 0.004488967764565772
        },
        "CONF3": {
            "xtb_gsolv": {
                "gsolv": -0.013942606264997437,
                "energy_xtb_gas": -49.332104018465,
                "energy_xtb_solv": -49.34604662473
            },
            "sp": {
                "energy": -765.992945894261
            },
            "gtot": -766.006888500526,
            "bmw": 0.0500474685649704
        },
        "CONF1": {
            "xtb_gsolv": {
                "gsolv": -0.013037397247003923,
                "energy_xtb_gas": -49.333527510969,
                "energy_xtb_solv": -49.346564908216
            },
            "sp": {
                "energy": -765.995949032036
            },
            "gtot": -766.008986429283,
            "bmw": 0.4617028410254726
        },
        "CONF12": {
            "xtb_gsolv": {
                "gsolv": -0.0136707288300002,
                "energy_xtb_gas": -49.324281209435,
                "energy_xtb_solv": -49.337951938265
            },
            "sp": {
                "energy": -765.989916410296
            },
            "gtot": -766.003587139126,
            "bmw": 0.0015165648459977393
        },
        "CONF9": {
            "xtb_gsolv": {
                "gsolv": -0.013373829633998469,
                "energy_xtb_gas": -49.331193041366,
                "energy_xtb_solv": -49.344566871
            },
            "sp": {
                "energy": -765.992517039119
            },
            "gtot": -766.005890868753,
            "bmw": 0.01739815773331569
        },
        "CONF2": {
            "xtb_gsolv": {
                "gsolv": -0.013059625540002173,
                "energy_xtb_gas": -49.333335437824,
                "energy_xtb_solv": -49.346395063364
            },
            "sp": {
                "energy": -765.995502129335
            },
            "gtot": -766.008561754875,
            "bmw": 0.29445968327741706
        },
        "CONF6": {
            "xtb_gsolv": {
                "gsolv": -0.013162847167997427,
                "energy_xtb_gas": -49.331942396406,
                "energy_xtb_solv": -49.345105243574
            },
            "sp": {
                "energy": -765.99369786654
            },
            "gtot": -766.006860713708,
            "bmw": 0.04859606048028044
        },
        "CONF4": {
            "xtb_gsolv": {
                "gsolv": -0.013941026479997731,
                "energy_xtb_gas": -49.33205570125,
                "energy_xtb_solv": -49.34599672773
            },
            "sp": {
                "energy": -765.992551869769
            },
            "gtot": -766.006492896249,
            "bmw": 0.0329167344476967
        },
        "CONF8": {
            "xtb_gsolv": {
                "gsolv": -0.013985416631996372,
                "energy_xtb_gas": -49.330660637922,
                "energy_xtb_solv": -49.344646054554
            },
            "sp": {
                "energy": -765.990742401138
            },
            "gtot": -766.00472781777,
            "bmw": 0.005076177999810284
        },
        "CONF13": {
            "xtb_gsolv": {
                "gsolv": -0.013901463849997242,
                "energy_xtb_gas": -49.323710931727,
                "energy_xtb_solv": -49.337612395577
            },
            "sp": {
                "energy": -765.98908836263
            },
            "gtot": -766.00298982648,
            "bmw": 0.0008055939308724655
        },
        "CONF7": {
            "xtb_gsolv": {
                "gsolv": -0.013079036979000591,
                "energy_xtb_gas": -49.331894355817,
                "energy_xtb_solv": -49.344973392796
            },
            "sp": {
                "energy": -765.993509783634
            },
            "gtot": -766.0065888206129,
            "bmw": 0.036436688270899756
        },
        "CONF10": {
            "xtb_gsolv": {
                "gsolv": -0.014059328865002385,
                "energy_xtb_gas": -49.330440128659,
                "energy_xtb_solv": -49.344499457524
            },
            "sp": {
                "energy": -765.990402388858
            },
            "gtot": -766.004461717723,
            "bmw": 0.003829475482325726
        }
    },
    "settings": {
        "threshold": 4.0,
        "func": "pbe-d4",
        "basis": "def2-sv(p)",
        "prog": "orca",
        "gfnv": "gfn2",
        "run": true,
        "template": false
    },
    "nconf_in": 13,
    "nconf_out": 13
}