{
    "partname": "screening",
    "runtime": 197.86485669296235,
    "results": {
        "CONF9": {
            "gsolv": {
                "gsolv": -0.015351282534993516,
                "energy_gas": -767.445500694505,
                "energy_solv": -767.46085197704
            },
            "gtot": -767.46085197704,
            "bmw": 0.014619679419511233
        },
        "CONF10": {
            "gsolv": {
                "gsolv": -0.016118849840950134,
                "energy_gas": -767.443492443861,
                "energy_solv": -767.459611293702
            },
            "gtot": -767.459611293702,
            "bmw": 0.003928828003382617
        },
        "CONF3": {
            "gsolv": {
                "gsolv": -0.01579653868202513,
                "energy_gas": -767.446351366727,
                "energy_solv": -767.462147905409
            },
            "gtot": -767.462147905409,
            "bmw": 0.05767978563730541
        },
        "CONF6": {
            "gsolv": {
                "gsolv": -0.014830042856942782,
                "energy_gas": -767.446973422269,
                "energy_solv": -767.461803465126
            },
            "gtot": -767.461803465126,
            "bmw": 0.040049036683152406
        },
        "CONF8": {
            "gsolv": {
                "gsolv": -0.01613177818103395,
                "energy_gas": -767.444099289829,
                "energy_solv": -767.46023106801
            },
            "gtot": -767.46023106801,
            "bmw": 0.007574247026357027
        },
        "CONF12": {
            "gsolv": {
                "gsolv": -0.018905064358023083,
                "energy_gas": -767.44437578495,
                "energy_solv": -767.463280849308
            },
            "gtot": -767.463280849308,
            "bmw": 0.19148808634696496
        },
        "CONF7": {
            "gsolv": {
                "gsolv": -0.014697069828002896,
                "energy_gas": -767.446483717958,
                "energy_solv": -767.461180787786
            },
            "gtot": -767.461180787786,
            "bmw": 0.020710010713742826
        },
        "CONF1": {
            "gsolv": {
                "gsolv": -0.014404711138013226,
                "energy_gas": -767.449286645821,
                "energy_solv": -767.463691356959
            },
            "gtot": -767.463691356959,
            "bmw": 0.29577550744753756
        },
        "CONF13": {
            "gsolv": {
                "gsolv": -0.01931388919501842,
                "energy_gas": -767.443334952344,
                "energy_solv": -767.462648841539
            },
            "gtot": -767.462648841539,
            "bmw": 0.0980479026341168
        },
        "CONF4": {
            "gsolv": {
                "gsolv": -0.015746532232014943,
                "energy_gas": -767.445889039776,
                "energy_solv": -767.461635572008
            },
            "gtot": -767.461635572008,
            "bmw": 0.03352483010539642
        },
        "CONF11": {
            "gsolv": {
                "gsolv": -0.01593065672909688,
                "energy_gas": -767.443895782428,
                "energy_solv": -767.459826439157
            },
            "gtot": -767.459826439157,
            "bmw": 0.004934271883258447
        },
        "CONF5": {
            "gsolv": {
                "gsolv": -0.015496958140943207,
                "energy_gas": -767.446300225685,
                "energy_solv": -767.461797183826
            },
            "gtot": -767.461797183826,
            "bmw": 0.0397834897618334
        },
        "CONF2": {
            "gsolv": {
                "gsolv": -0.014425738748968797,
                "energy_gas": -767.448857062299,
                "energy_solv": -767.463282801048
            },
            "gtot": -767.463282801048,
            "bmw": 0.1918843243374409
        }
    },
    "settings": {
        "threshold": 3.5,
        "func": "r2scan-3c",
        "basis": "def2-tzvp",
        "prog": "orca",
        "sm": "smd",
        "gfnv": "gfn2",
        "run": true,
        "implicit": false,
        "template": false
    },
    "nconf_in": 13,
    "nconf_out": 13
}