{
   "temperature":     298.150000000000,
   "unit": "hartree",
   "energy":     -27.123518974187,
   "free energy":     -26.989098234837,
   "G(T)":       0.134420739350,
   "ZPVE":       0.171454495709,
   "number of imags":0,
   "point group": "c1",
   "gradient norm":       0.000038172052
}
