{
   "temperature":     298.150000000000,
   "unit": "hartree",
   "energy":     -27.123282368857,
   "free energy":     -26.988817387402,
   "G(T)":       0.134464981456,
   "ZPVE":       0.171394241634,
   "number of imags":0,
   "point group": "c1",
   "gradient norm":       0.000026802602
}
