{
   "temperature":     298.150000000000,
   "unit": "hartree",
   "energy":     -27.123101266904,
   "free energy":     -26.989209582132,
   "G(T)":       0.133891684772,
   "ZPVE":       0.171386532001,
   "number of imags":0,
   "point group": "c1",
   "gradient norm":       0.000047441425
}
