{
   "temperature":     298.150000000000,
   "unit": "hartree",
   "energy":     -27.123184165141,
   "free energy":     -26.988842911565,
   "G(T)":       0.134341253576,
   "ZPVE":       0.171418718840,
   "number of imags":0,
   "point group": "c1",
   "gradient norm":       0.000109154486
}
