{
   "temperature":     298.150000000000,
   "unit": "hartree",
   "energy":     -17.083899662592,
   "free energy":     -16.966498949017,
   "G(T)":       0.117400713575,
   "ZPVE":       0.147601048675,
   "number of imags":0,
   "point group": "c1",
   "gradient norm":       0.000024854329
}
