{
   "temperature":     298.150000000000,
   "unit": "hartree",
   "energy":     -27.124877870182,
   "free energy":     -26.990108068312,
   "G(T)":       0.134769801869,
   "ZPVE":       0.171428722543,
   "number of imags":0,
   "point group": "c1",
   "gradient norm":       0.000054413367
}
