{
   "temperature":     298.150000000000,
   "unit": "hartree",
   "energy":     -17.085507497061,
   "free energy":     -16.968740016167,
   "G(T)":       0.116767480894,
   "ZPVE":       0.147126613781,
   "number of imags":0,
   "point group": "c1",
   "gradient norm":       0.000024708824
}
