{
   "temperature":     298.150000000000,
   "unit": "hartree",
   "energy":     -20.871522445949,
   "free energy":     -20.754439370283,
   "G(T)":       0.117083075666,
   "ZPVE":       0.149953795235,
   "number of imags":0,
   "point group": "c1",
   "gradient norm":       0.000063969598
}
