{
   "temperature":     298.150000000000,
   "unit": "hartree",
   "energy":     -27.123649024112,
   "free energy":     -26.988352915048,
   "G(T)":       0.135296109064,
   "ZPVE":       0.171643421748,
   "number of imags":0,
   "point group": "c1",
   "gradient norm":       0.000051966012
}
