{
   "temperature":     298.150000000000,
   "unit": "hartree",
   "energy":     -27.122451209179,
   "free energy":     -26.988069744036,
   "G(T)":       0.134381465142,
   "ZPVE":       0.171368841192,
   "number of imags":0,
   "point group": "c1",
   "gradient norm":       0.000023736782
}
