{
   "temperature":     298.150000000000,
   "unit": "hartree",
   "energy":     -27.122493749127,
   "free energy":     -26.989648393307,
   "G(T)":       0.132845355821,
   "ZPVE":       0.171279447732,
   "number of imags":0,
   "point group": "c1",
   "gradient norm":       0.000049146724
}
