{
   "temperature":     298.150000000000,
   "unit": "hartree",
   "energy":     -27.122844278812,
   "free energy":     -26.987630948795,
   "G(T)":       0.135213330017,
   "ZPVE":       0.171641955318,
   "number of imags":0,
   "point group": "c1",
   "gradient norm":       0.000073231824
}
