{
   "temperature":     298.150000000000,
   "unit": "hartree",
   "energy":     -56.018965267928,
   "free energy":     -55.816812304394,
   "G(T)":       0.202152963534,
   "ZPVE":       0.248350325449,
   "number of imags":0,
   "point group": "c1",
   "gradient norm":       0.000071042534
}
