{
   "temperature":     298.150000000000,
   "unit": "hartree",
   "energy":     -27.122778601082,
   "free energy":     -26.988893196442,
   "G(T)":       0.133885404640,
   "ZPVE":       0.171252172527,
   "number of imags":0,
   "point group": "c1",
   "gradient norm":       0.000052049061
}
