{
   "temperature":     298.150000000000,
   "unit": "hartree",
   "energy":     -17.091534116536,
   "free energy":     -16.975545175803,
   "G(T)":       0.115988940733,
   "ZPVE":       0.147335292208,
   "number of imags":0,
   "point group": "c1",
   "gradient norm":       0.000018058880
}
