{
   "temperature":     298.150000000000,
   "unit": "hartree",
   "energy":     -27.122983734631,
   "free energy":     -26.988059471041,
   "G(T)":       0.134924263590,
   "ZPVE":       0.171624584078,
   "number of imags":0,
   "point group": "c1",
   "gradient norm":       0.000057576226
}
