{
   "temperature":     298.150000000000,
   "unit": "hartree",
   "energy":     -27.122287468677,
   "free energy":     -26.989181529438,
   "G(T)":       0.133105939239,
   "ZPVE":       0.171357302345,
   "number of imags":0,
   "point group": "c1",
   "gradient norm":       0.000050129035
}
