{
   "temperature":     298.150000000000,
   "unit": "hartree",
   "energy":     -17.083367251137,
   "free energy":     -16.966774441114,
   "G(T)":       0.116592810023,
   "ZPVE":       0.147271019422,
   "number of imags":0,
   "point group": "c1",
   "gradient norm":       0.000021100174
}
