{
   "temperature":     298.150000000000,
   "unit": "hartree",
   "energy":     -56.018907703445,
   "free energy":     -55.817504714823,
   "G(T)":       0.201402988622,
   "ZPVE":       0.247929988437,
   "number of imags":0,
   "point group": "c1",
   "gradient norm":       0.000036649559
}
