{
   "temperature":     298.150000000000,
   "unit": "hartree",
   "energy":     -20.962206085426,
   "free energy":     -20.888885062077,
   "G(T)":       0.073321023349,
   "ZPVE":       0.104678372625,
   "number of imags":0,
   "point group": "cs",
   "gradient norm":       0.000059720983
}
