{
   "temperature":     298.150000000000,
   "unit": "hartree",
   "energy":     -27.122952504720,
   "free energy":     -26.988874886317,
   "G(T)":       0.134077618402,
   "ZPVE":       0.171468209020,
   "number of imags":0,
   "point group": "c1",
   "gradient norm":       0.000051569829
}
