{
   "temperature":     298.150000000000,
   "unit": "hartree",
   "energy":     -16.971249140562,
   "free energy":     -16.883118012754,
   "G(T)":       0.088131127808,
   "ZPVE":       0.121062430315,
   "number of imags":0,
   "point group": "c1",
   "gradient norm":       0.000044451880
}
