{
   "temperature":     298.150000000000,
   "unit": "hartree",
   "energy":     -17.085507543310,
   "free energy":     -16.968709416730,
   "G(T)":       0.116798126580,
   "ZPVE":       0.147143595880,
   "number of imags":0,
   "point group": "c1",
   "gradient norm":       0.000023269251
}
