{
   "temperature":     298.150000000000,
   "unit": "hartree",
   "energy":     -20.961919113847,
   "free energy":     -20.888713374819,
   "G(T)":       0.073205739029,
   "ZPVE":       0.104992794252,
   "number of imags":0,
   "point group": "cs",
   "gradient norm":       0.000023830710
}
