{
   "temperature":     298.150000000000,
   "unit": "hartree",
   "energy":     -27.122447659772,
   "free energy":     -26.987987772889,
   "G(T)":       0.134459886883,
   "ZPVE":       0.171383212013,
   "number of imags":0,
   "point group": "c1",
   "gradient norm":       0.000107201524
}
