{
   "temperature":     298.150000000000,
   "unit": "hartree",
   "energy":     -56.019303116859,
   "free energy":     -55.817249351017,
   "G(T)":       0.202053765842,
   "ZPVE":       0.248565834491,
   "number of imags":0,
   "point group": "c1",
   "gradient norm":       0.000047877977
}
