{
   "temperature":     298.150000000000,
   "unit": "hartree",
   "energy":     -27.122500327261,
   "free energy":     -26.990365631419,
   "G(T)":       0.132134695842,
   "ZPVE":       0.171252111436,
   "number of imags":0,
   "point group": "c1",
   "gradient norm":       0.000117017002
}
