{
   "temperature":     298.150000000000,
   "unit": "hartree",
   "energy":     -27.121973288286,
   "free energy":     -26.988918188008,
   "G(T)":       0.133055100278,
   "ZPVE":       0.171174421195,
   "number of imags":0,
   "point group": "c1",
   "gradient norm":       0.000196951049
}
