{
   "temperature":     298.150000000000,
   "unit": "hartree",
   "energy":     -27.123351697912,
   "free energy":     -26.989134284701,
   "G(T)":       0.134217413210,
   "ZPVE":       0.171392992530,
   "number of imags":0,
   "point group": "c1",
   "gradient norm":       0.000128207875
}
