{
   "temperature":     298.150000000000,
   "unit": "hartree",
   "energy":     -27.122948568051,
   "free energy":     -26.988988916748,
   "G(T)":       0.133959651303,
   "ZPVE":       0.171457313869,
   "number of imags":0,
   "point group": "c1",
   "gradient norm":       0.000038331604
}
