{
   "temperature":     298.150000000000,
   "unit": "hartree",
   "energy":     -23.235969608381,
   "free energy":     -23.084957615442,
   "G(T)":       0.151011992939,
   "ZPVE":       0.186075150876,
   "number of imags":0,
   "point group": "c2",
   "gradient norm":       0.000045889812
}
