{
   "temperature":     298.150000000000,
   "unit": "hartree",
   "energy":     -27.122321653987,
   "free energy":     -26.990061096703,
   "G(T)":       0.132260557284,
   "ZPVE":       0.170942117849,
   "number of imags":0,
   "point group": "c1",
   "gradient norm":       0.000071713674
}
