{
   "temperature":     298.150000000000,
   "unit": "hartree",
   "energy":     -27.123503905161,
   "free energy":     -26.989168881529,
   "G(T)":       0.134335023632,
   "ZPVE":       0.171545110352,
   "number of imags":0,
   "point group": "c1",
   "gradient norm":       0.000122662169
}
