{
   "temperature":     298.150000000000,
   "unit": "hartree",
   "energy":     -17.081507288687,
   "free energy":     -16.964332749824,
   "G(T)":       0.117174538863,
   "ZPVE":       0.147410186657,
   "number of imags":0,
   "point group": "c1",
   "gradient norm":       0.000059183500
}
