{
   "temperature":     298.150000000000,
   "unit": "hartree",
   "energy":     -27.122506366151,
   "free energy":     -26.989399041211,
   "G(T)":       0.133107324940,
   "ZPVE":       0.171313950925,
   "number of imags":0,
   "point group": "c1",
   "gradient norm":       0.000038063248
}
