{
   "temperature":     298.150000000000,
   "unit": "hartree",
   "energy":     -27.122966197385,
   "free energy":     -26.988652060745,
   "G(T)":       0.134314136640,
   "ZPVE":       0.171499806598,
   "number of imags":0,
   "point group": "c1",
   "gradient norm":       0.000092653997
}
